{
    "0.6.5": 12944.396078999915,
    "lastPublished": 12944.396078999915,
    "lastRan": 12944.396078999915
}