{
    "lastPublished": 3960.448271176966,
    "lastRan": 3960.448271176966,
    "1.0.0": 3960.448271176966
}