{
    "0.0.1": 4654.82308964636,
    "0.1.0": 1239.6439340965692,
    "0.1.1": 4994.269615954457,
    "0.1.2": 4732.9113998988105,
    "0.1.3": 2426.5023244073254,
    "0.1.4": 4579.995232631042,
    "0.1.5": 4522.570977745212,
    "0.1.6": 4981.6087107711855,
    "0.1.7": 4619.725154002348,
    "0.1.8": 4842.490686997448,
    "0.1.9": 5580.378360350988,
    "0.1.10": 2173.1203816897373,
    "1.0.0": 3960.448271176966,
    "lastPublished": 2173.1203816897373,
    "lastRan": 2173.1203816897373
}