{
    "lastPublished": 4654.82308964636,
    "lastRan": 4654.82308964636,
    "1.0.0": 3960.448271176966,
    "0.0.1": 4654.82308964636
}