{
    "lastPublished": 4732.9113998988105,
    "lastRan": 4732.9113998988105,
    "1.0.0": 3960.448271176966,
    "0.0.1": 4654.82308964636,
    "0.1.0": 1239.6439340965692,
    "0.1.1": 4994.269615954457,
    "0.1.2": 4732.9113998988105
}