{
    "0.0.1": 4654.82308964636,
    "0.1.0": 1239.6439340965692,
    "0.1.1": 4994.269615954457,
    "0.1.2": 4732.9113998988105,
    "0.1.3": 2426.5023244073254,
    "1.0.0": 3960.448271176966,
    "lastPublished": 2426.5023244073254,
    "lastRan": 2426.5023244073254
}