{
  "0.6.5": 12944.396078999915,
  "0.6.7": 17205.69927969222,
  "0.6.8": 5636.0800958003565,
  "0.6.9": 6502.686456509929,
  "0.6.10": 5585.366412812109,
  "0.6.11": 6628.62593464136,
  "0.6.12": 5693.06215491673,
  "0.6.13": 5980.241743672866,
  "0.6.14": 15232.427225955664,
  "0.8.21": 8053.6477656731095,
  "lastVersion": 8053.6477656731095
}