{
    "0.6.5": 12944.396078999915,
    "0.6.7": 17205.69927969222,
    "lastPublished": 17205.69927969222,
    "lastRan": 17205.69927969222
}