{
    "0.0.1": 4654.82308964636,
    "0.1.0": 1239.6439340965692,
    "0.1.1": 4994.269615954457,
    "0.1.2": 4732.9113998988105,
    "0.1.3": 2426.5023244073254,
    "0.1.4": 4579.995232631042,
    "0.1.5": 4522.570977745212,
    "0.1.6": 4981.6087107711855,
    "0.1.7": 4619.725154002348,
    "0.1.8": 4842.490686997448,
    "0.1.9": 5580.378360350988,
    "0.1.10": 2173.1203816897373,
    "0.1.11": 2104.05850641432,
    "0.1.12": 4465.384470080769,
    "0.1.13": 7414.231015671512,
    "0.1.14": 2179.283661380058,
    "0.1.15": 1994.2442546062337,
    "0.2.10": 7425.27440319135,
    "0.3.0": 7678.893048804502,
    "0.4.4": 1341.0086727457235,
    "0.4.6": 6126.752973226746,
    "0.4.8": 7212.287451687478,
    "0.4.9": 7752.081481432615,
    "0.4.10": 8073.8041153535105,
    "0.4.12": 6595.42867003305,
    "1.0.0": 3960.448271176966,
    "lastPublished": 6595.42867003305,
    "lastRan": 6595.42867003305
}