{
    "0.6.5": 12944.396078999915,
    "0.6.7": 17205.69927969222,
    "0.6.8": 5636.0800958003565,
    "lastVersion": 5636.0800958003565
}