{
    "lastPublished": 1239.6439340965692,
    "lastRan": 1239.6439340965692,
    "1.0.0": 3960.448271176966,
    "0.0.1": 4654.82308964636,
    "0.1.0": 1239.6439340965692
}