{
    "last": 2767.070336072224,
    "2.3.2": 2767.070336072224
}