{
    "2.3.2": 1986.361773915191,
    "2.3.3": 2585.220448048959,
    "2.3.4": 1946.720034856784,
    "2.3.5": 2835.2364546037265,
    "2.3.6": 2167.3140493000856,
    "2.3.7": 2792.0833203551924,
    "2.3.8": 2268.664981579134,
    "2.3.9": 2122.670242985469,
    "2.3.10": 2258.388726234047,
    "2.3.11": 2515.4733356063816,
    "2.3.12": 2692.092812224422,
    "2.3.13": 1944.1742923993977,
    "2.3.14": 2169.797464862568,
    "2.3.15": 2009.5871422625353,
    "2.3.16": 589.9053691828556,
    "2.3.17": 2252.253549857882,
    "2.3.18": 2108.283676996106,
    "2.3.19": 2384.5038462938282,
    "2.3.20": 738.6312303450253,
    "2.3.21": 7738.741875981789,
    "2.4.0": 7344.8358584649595,
    "2.4.1": 6882.811237927701,
    "2.4.2": 8681.525832504516,
    "2.4.3": 7698.040828366865,
    "2.4.4": 7259.815199508142,
    "2.4.5": 7944.023730302326,
    "2.4.6": 8783.995354092194,
    "2.4.7": 7432.318542148226,
    "2.5.0": 8913.771922133341,
    "2.6.0": 3601.6498485420047,
    "2.7.0": 11776.406584343209,
    "2.7.1": 3790.618807837863,
    "2.7.2": 6702.149353128979,
    "2.7.3": 3988.7140724845276,
    "2.7.4": 4890.33329063664,
    "lastPublished": 4890.33329063664,
    "lastRan": 4890.33329063664
}