{
    "2.3.2": 1986.361773915191,
    "lastPublished": 2792.0833203551924,
    "lastRan": 2792.0833203551924,
    "2.3.3": 2585.220448048959,
    "2.3.4": 1946.720034856784,
    "2.3.5": 2835.2364546037265,
    "2.3.6": 2167.3140493000856,
    "2.3.7": 2792.0833203551924
}