{
    "5.0.5": 16105.41672162447,
    "5.0.7": 20332.064293895117,
    "5.0.8": 13373.873503830102,
    "lastVersion": 13373.873503830102
}