{
    "5.0.5": 16105.41672162447,
    "5.0.7": 20332.064293895117,
    "lastPublished": 20332.064293895117,
    "lastRan": 20332.064293895117
}