{
    "2.3.2": 1986.361773915191,
    "lastPublished": 1986.361773915191,
    "lastRan": 1986.361773915191
}