{
    "5.0.5": 16105.41672162447,
    "5.0.7": 20332.064293895117,
    "5.0.8": 13373.873503830102,
    "5.0.9": 13614.250635397939,
    "5.0.10": 17643.583538794333,
    "5.0.11": 13299.427763522377,
    "lastVersion": 13299.427763522377
}