{
  "5.0.5": 16105.41672162447,
  "5.0.7": 20332.064293895117,
  "5.0.8": 13373.873503830102,
  "5.0.9": 13614.250635397939,
  "5.0.10": 17643.583538794333,
  "5.0.11": 13299.427763522377,
  "5.0.12": 9440.737997685594,
  "5.1.0": 10358.782225715875,
  "5.1.1": 14351.124921117213,
  "5.1.2": 9655.943896648349,
  "5.1.3": 20036.86264556618,
  "5.1.4": 21055.116901116104,
  "lastVersion": 21055.116901116104
}