{
    "2.3.2": 1986.361773915191,
    "lastPublished": 2384.5038462938282,
    "lastRan": 2384.5038462938282,
    "2.3.3": 2585.220448048959,
    "2.3.4": 1946.720034856784,
    "2.3.5": 2835.2364546037265,
    "2.3.6": 2167.3140493000856,
    "2.3.7": 2792.0833203551924,
    "2.3.8": 2268.664981579134,
    "2.3.9": 2122.670242985469,
    "2.3.10": 2258.388726234047,
    "2.3.11": 2515.4733356063816,
    "2.3.12": 2692.092812224422,
    "2.3.13": 1944.1742923993977,
    "2.3.14": 2169.797464862568,
    "2.3.15": 2009.5871422625353,
    "2.3.16": 589.9053691828556,
    "2.3.17": 2252.253549857882,
    "2.3.18": 2108.283676996106,
    "2.3.19": 2384.5038462938282
}