{
    "2.3.2": 1986.361773915191,
    "lastPublished": 1946.720034856784,
    "lastRan": 1946.720034856784,
    "2.3.3": 2585.220448048959,
    "2.3.4": 1946.720034856784
}