{
    "5.0.5": 16105.41672162447,
    "lastPublished": 16105.41672162447,
    "lastRan": 16105.41672162447
}