{
    "2.3.2": 1986.361773915191,
    "lastPublished": 2585.220448048959,
    "lastRan": 2585.220448048959,
    "2.3.3": 2585.220448048959
}