{
    "13.0.5": 24703.187129581052,
    "lastPublished": 24703.187129581052,
    "lastRan": 24703.187129581052
}