{
    "10.10.26": 324.8813220351635,
    "lastPublished": 372.06161667495456,
    "lastRan": 372.06161667495456,
    "10.10.27": 388.6329823891432,
    "10.10.28": 331.8069288385399,
    "10.10.29": 415.3038537032056,
    "10.10.30": 346.58650315181035,
    "10.10.31": 384.28875490099165,
    "10.10.32": 339.63499952898866,
    "10.10.33": 365.01151670332183,
    "10.10.34": 332.74060901540133,
    "10.10.35": 372.06161667495456
}