{
    "13.0.5": 24703.187129581052,
    "13.0.7": 33152.134590774076,
    "lastPublished": 33152.134590774076,
    "lastRan": 33152.134590774076
}