{
    "10.10.26": 324.8813220351635,
    "lastPublished": 324.8813220351635,
    "lastRan": 324.8813220351635
}