{
    "13.0.5": 24703.187129581052,
    "13.0.7": 33152.134590774076,
    "13.0.8": 17654.960180597136,
    "13.0.9": 25570.2261132085,
    "13.0.10": 24089.301048952133,
    "13.0.11": 15579.808920385352,
    "13.0.12": 17871.276059581487,
    "13.1.0": 13762.835001649908,
    "13.1.1": 24937.01227177848,
    "lastVersion": 24937.01227177848
}