{
    "10.10.26": 324.8813220351635,
    "lastPublished": 388.6329823891432,
    "lastRan": 388.6329823891432,
    "10.10.27": 388.6329823891432
}