{
  "13.0.5": 24703.187129581052,
  "13.0.7": 33152.134590774076,
  "13.0.8": 17654.960180597136,
  "13.0.9": 25570.2261132085,
  "13.0.10": 24089.301048952133,
  "13.0.11": 15579.808920385352,
  "13.0.12": 17871.276059581487,
  "13.1.0": 13762.835001649908,
  "13.1.1": 24937.01227177848,
  "13.1.2": 37391.17588156964,
  "13.1.3": 38569.8618436399,
  "14.0.32": 37643.918808120776,
  "lastVersion": 37643.918808120776
}