{
    "10.10.26": 324.8813220351635,
    "lastPublished": 331.8069288385399,
    "lastRan": 331.8069288385399,
    "10.10.27": 388.6329823891432,
    "10.10.28": 331.8069288385399
}