{
    "10.10.26": 324.8813220351635,
    "10.10.27": 388.6329823891432,
    "10.10.28": 331.8069288385399,
    "10.10.29": 415.3038537032056,
    "10.10.30": 346.58650315181035,
    "10.10.31": 384.28875490099165,
    "10.10.32": 339.63499952898866,
    "10.10.33": 365.01151670332183,
    "10.10.34": 332.74060901540133,
    "10.10.35": 372.06161667495456,
    "10.10.36": 372.5371848955295,
    "10.10.37": 319.82442196802555,
    "10.10.38": 406.12298187553256,
    "10.10.39": 322.8589614597256,
    "10.10.40": 253.83741840005047,
    "10.10.41": 273.60850528364034,
    "10.10.42": 344.396245027187,
    "10.10.43": 67.48768635427733,
    "10.11.0": 8200.124820204035,
    "10.11.1": 7573.496978785752,
    "10.11.2": 7601.634194127899,
    "10.11.3": 7767.062293572631,
    "10.11.4": 8794.604809071801,
    "10.11.5": 8653.820523352284,
    "10.11.6": 8496.053931089358,
    "10.11.7": 8930.536842423275,
    "10.11.8": 3564.321366882717,
    "10.11.9": 4516.1797162633875,
    "10.11.10": 7365.750590081075,
    "10.11.11": 7550.477967914758,
    "10.11.12": 2182.309730157789,
    "10.11.13": 13640.40797368545,
    "10.11.14": 10467.80370675633,
    "10.11.15": 1597.97899344532,
    "10.11.16": 3244.0005748737462,
    "10.11.26": 16068.547985066612,
    "lastPublished": 16068.547985066612,
    "lastRan": 16068.547985066612
}