{
    "13.0.5": 24703.187129581052,
    "13.0.7": 33152.134590774076,
    "13.0.8": 17654.960180597136,
    "13.0.9": 25570.2261132085,
    "13.0.10": 24089.301048952133,
    "lastVersion": 24089.301048952133
}