{
    "last": 330.7495231617185,
    "10.10.26": 330.7495231617185
}