{
    "2.0.17": 9284.247868470753,
    "lastPublished": 9284.247868470753,
    "lastRan": 9284.247868470753
}