{
    "2.0.17": 9284.247868470753,
    "lastPublished": 10529.321214755164,
    "lastRan": 10529.321214755164,
    "2.0.18": 8830.39947482864,
    "2.0.19": 9515.87833759771,
    "2.0.20": 11765.737102105468,
    "2.0.21": 9396.982316532285,
    "2.0.22": 10529.321214755164
}