{
    "5.0.5": 851305.0331678153,
    "5.0.7": 1758916.3394803745,
    "5.0.8": 1138469.010810817,
    "lastVersion": 1138469.010810817
}