{
  "5.0.5": 851305.0331678153,
  "5.0.7": 1758916.3394803745,
  "5.0.8": 1138469.010810817,
  "5.0.9": 1027089.93989094,
  "5.0.10": 1084176.9762533905,
  "5.0.11": 1071110.060047451,
  "5.0.12": 892464.5523579299,
  "5.1.0": 1233856.5937573225,
  "5.1.1": 1089178.1906407636,
  "5.1.2": 1074477.2763674671,
  "5.1.3": 1260106.7350805409,
  "lastVersion": 1260106.7350805409
}