{
    "2.0.17": 9284.247868470753,
    "lastPublished": 8830.39947482864,
    "lastRan": 8830.39947482864,
    "2.0.18": 8830.39947482864
}