{
    "2.0.17": 7132.995119257309,
    "lastPublished": 7132.995119257309,
    "lastRan": 7132.995119257309
}