{
    "2.0.17": 9284.247868470753,
    "2.0.18": 8830.39947482864,
    "2.0.19": 9515.87833759771,
    "2.0.20": 11765.737102105468,
    "2.0.21": 9396.982316532285,
    "2.0.22": 10529.321214755164,
    "2.0.23": 9628.974895501258,
    "2.0.24": 9862.60322979292,
    "2.0.25": 9564.901040091032,
    "2.0.26": 10506.733898733644,
    "2.0.27": 11945.848828297276,
    "2.0.28": 9345.683691485568,
    "2.0.29": 11030.230742969248,
    "2.0.30": 9886.751736718346,
    "2.0.31": 2220.6163655421406,
    "2.0.32": 6579.508634712572,
    "2.0.33": 8851.139498215094,
    "2.0.34": 3626.6551490259835,
    "2.0.35": 304904.5989921361,
    "2.0.36": 294517.9289357941,
    "2.0.37": 340128.87013184,
    "2.0.38": 320818.76002997626,
    "2.0.39": 344494.24742649996,
    "2.0.40": 138267.13741472107,
    "2.0.41": 144837.2198046223,
    "2.0.42": 527724.8036978971,
    "2.0.43": 65091.62173248154,
    "2.0.44": 328782.58419725124,
    "2.0.45": 161262.68463433953,
    "2.0.46": 514262.5894072271,
    "2.0.47": 895570.9894526098,
    "2.0.48": 889582.1192183277,
    "2.0.49": 226826.0825227782,
    "2.0.50": 416036.82508102036,
    "2.0.55": 731102.5485203519,
    "2.0.58": 653718.1294802242,
    "2.1.0": 618916.975284251,
    "3.0.2": 610631.7425477657,
    "lastPublished": 610631.7425477657,
    "lastRan": 610631.7425477657
}