{
    "5.0.5": 851305.0331678153,
    "lastPublished": 851305.0331678153,
    "lastRan": 851305.0331678153
}