{
    "5.0.5": 851305.0331678153,
    "5.0.7": 1758916.3394803745,
    "lastPublished": 1758916.3394803745,
    "lastRan": 1758916.3394803745
}