{
    "2.0.17": 9284.247868470753,
    "2.0.18": 8830.39947482864,
    "2.0.19": 9515.87833759771,
    "2.0.20": 11765.737102105468,
    "2.0.21": 9396.982316532285,
    "2.0.22": 10529.321214755164,
    "2.0.23": 9628.974895501258,
    "2.0.24": 9862.60322979292,
    "2.0.25": 9564.901040091032,
    "2.0.26": 10506.733898733644,
    "2.0.27": 11945.848828297276,
    "2.0.28": 9345.683691485568,
    "2.0.29": 11030.230742969248,
    "2.0.30": 9886.751736718346,
    "2.0.31": 2220.6163655421406,
    "2.0.32": 6579.508634712572,
    "2.0.33": 8851.139498215094,
    "2.0.34": 3626.6551490259835,
    "2.0.35": 304904.5989921361,
    "2.0.36": 294517.9289357941,
    "2.0.37": 340128.87013184,
    "2.0.38": 320818.76002997626,
    "2.0.39": 344494.24742649996,
    "lastPublished": 344494.24742649996,
    "lastRan": 344494.24742649996
}