{
    "2.0.17": 9284.247868470753,
    "lastPublished": 9515.87833759771,
    "lastRan": 9515.87833759771,
    "2.0.18": 8830.39947482864,
    "2.0.19": 9515.87833759771
}