{
    "8.0.18": 210.4525875800225,
    "lastPublished": 511.63863245230004,
    "lastRan": 511.63863245230004,
    "8.0.19": 242.8700965866553,
    "8.0.20": 203.89630900673353,
    "8.0.21": 266.882154341802,
    "8.0.22": 217.94662792324038,
    "8.0.23": 97.81766728441735,
    "8.0.24": 211.71927873391496,
    "8.0.25": 218.6404031384681,
    "8.0.26": 226.25003216962568,
    "8.0.27": 604.8092041639201,
    "8.0.28": 473.8619005834746,
    "8.0.29": 511.63863245230004
}