{
    "8.0.18": 210.4525875800225,
    "lastPublished": 203.89630900673353,
    "lastRan": 203.89630900673353,
    "8.0.19": 242.8700965866553,
    "8.0.20": 203.89630900673353
}