{
    "last": 209.2960636503366,
    "8.0.18": 209.2960636503366,
    "lastRan": 209.2960636503366
}