{
    "8.0.18": 210.4525875800225,
    "lastPublished": 266.882154341802,
    "lastRan": 266.882154341802,
    "8.0.19": 242.8700965866553,
    "8.0.20": 203.89630900673353,
    "8.0.21": 266.882154341802
}