{
    "8.0.18": 210.4525875800225,
    "8.0.19": 242.8700965866553,
    "8.0.20": 203.89630900673353,
    "8.0.21": 266.882154341802,
    "8.0.22": 217.94662792324038,
    "8.0.23": 97.81766728441735,
    "8.0.24": 211.71927873391496,
    "8.0.25": 218.6404031384681,
    "8.0.26": 226.25003216962568,
    "8.0.27": 604.8092041639201,
    "8.0.28": 473.8619005834746,
    "8.0.29": 511.63863245230004,
    "8.0.30": 482.2671578259008,
    "8.0.31": 511.769212827643,
    "8.0.32": 106.11061143652257,
    "8.0.33": 549.4679510387492,
    "8.0.34": 567.3693385581475,
    "8.0.35": 608.9279849930332,
    "8.0.36": 164.4142808250453,
    "8.0.37": 8669.978210109439,
    "8.0.38": 8545.058314082256,
    "8.0.39": 8535.754337729453,
    "8.0.40": 12231.203730662526,
    "8.0.41": 9472.522236481767,
    "8.0.42": 8963.022714456376,
    "8.0.43": 9474.544249825196,
    "8.0.44": 12068.498675136621,
    "8.0.45": 8868.626106599635,
    "8.0.46": 2105.8690184626444,
    "8.0.47": 7745.125269195632,
    "8.0.48": 8855.048569892537,
    "lastPublished": 8855.048569892537,
    "lastRan": 8855.048569892537
}