{
  "11.0.5": 14775.496251894545,
  "11.0.7": 21838.27781328364,
  "11.0.8": 11089.945650056428,
  "11.0.9": 13917.253354145345,
  "11.0.10": 12790.930753075067,
  "11.0.11": 15889.624488449164,
  "11.0.12": 11483.89920490443,
  "11.0.13": 16443.590507451172,
  "11.0.14": 18460.885057994008,
  "11.0.15": 10284.242298298064,
  "11.0.16": 11949.340642556112,
  "11.0.17": 14098.391804302972,
  "11.0.18": 21080.195529001652,
  "11.0.19": 21206.423741653813,
  "12.0.33": 17724.91084657169,
  "lastVersion": 17724.91084657169
}