{
    "11.0.5": 14775.496251894545,
    "lastPublished": 14775.496251894545,
    "lastRan": 14775.496251894545
}