{
    "8.0.18": 210.4525875800225,
    "lastPublished": 242.8700965866553,
    "lastRan": 242.8700965866553,
    "8.0.19": 242.8700965866553
}