{
    "11.0.5": 14775.496251894545,
    "11.0.7": 21838.27781328364,
    "11.0.8": 11089.945650056428,
    "11.0.9": 13917.253354145345,
    "11.0.10": 12790.930753075067,
    "11.0.11": 15889.624488449164,
    "lastVersion": 15889.624488449164
}