{
    "11.0.5": 14775.496251894545,
    "11.0.7": 21838.27781328364,
    "11.0.8": 11089.945650056428,
    "lastVersion": 11089.945650056428
}