{
    "11.0.5": 14775.496251894545,
    "11.0.7": 21838.27781328364,
    "lastPublished": 21838.27781328364,
    "lastRan": 21838.27781328364
}