{
    "8.0.18": 210.4525875800225,
    "lastPublished": 210.4525875800225,
    "lastRan": 210.4525875800225
}