{
    "last": 2454.4764677574394,
    "1.8.26": 2454.4764677574394
}