{
    "1.8.26": 2914.4905063864317,
    "lastPublished": 3122.6158968136297,
    "lastRan": 3122.6158968136297,
    "1.8.27": 3465.993575130335,
    "1.8.28": 2829.88339004784,
    "1.8.29": 3524.669329682612,
    "1.8.30": 3122.6158968136297
}