{
    "1.8.26": 2914.4905063864317,
    "lastPublished": 2829.88339004784,
    "lastRan": 2829.88339004784,
    "1.8.27": 3465.993575130335,
    "1.8.28": 2829.88339004784
}