{
    "1.8.26": 2914.4905063864317,
    "lastPublished": 2914.4905063864317,
    "lastRan": 2914.4905063864317
}