{
    "3.0.5": 147175.62755618244,
    "3.0.7": 175162.5912334142,
    "lastPublished": 175162.5912334142,
    "lastRan": 175162.5912334142
}