{
    "3.0.5": 147175.62755618244,
    "lastPublished": 147175.62755618244,
    "lastRan": 147175.62755618244
}