{
    "3.0.5": 147175.62755618244,
    "3.0.7": 175162.5912334142,
    "3.0.8": 111513.72085067318,
    "lastVersion": 111513.72085067318
}