{
    "3.0.5": 147175.62755618244,
    "3.0.7": 175162.5912334142,
    "3.0.8": 111513.72085067318,
    "3.0.9": 143507.47817345485,
    "lastVersion": 143507.47817345485
}