{
    "1.8.26": 2914.4905063864317,
    "lastPublished": 3086.4508065065465,
    "lastRan": 3086.4508065065465,
    "1.8.27": 3465.993575130335,
    "1.8.28": 2829.88339004784,
    "1.8.29": 3524.669329682612,
    "1.8.30": 3122.6158968136297,
    "1.8.31": 3458.741308874869,
    "1.8.32": 2927.4420652494505,
    "1.8.33": 3075.8975637066746,
    "1.8.34": 3086.4508065065465
}