{
    "1.8.26": 2914.4905063864317,
    "lastPublished": 3465.993575130335,
    "lastRan": 3465.993575130335,
    "1.8.27": 3465.993575130335
}