{
    "3.0.5": 147175.62755618244,
    "3.0.7": 175162.5912334142,
    "3.0.8": 111513.72085067318,
    "3.0.9": 143507.47817345485,
    "3.0.10": 124983.84337015278,
    "3.0.11": 104322.1856812407,
    "3.0.12": 91602.44579726063,
    "lastVersion": 91602.44579726063
}