{
    "1.8.26": 2914.4905063864317,
    "1.8.27": 3465.993575130335,
    "1.8.28": 2829.88339004784,
    "1.8.29": 3524.669329682612,
    "1.8.30": 3122.6158968136297,
    "1.8.31": 3458.741308874869,
    "1.8.32": 2927.4420652494505,
    "1.8.33": 3075.8975637066746,
    "1.8.34": 3086.4508065065465,
    "1.8.35": 3001.249604959157,
    "1.8.36": 3287.02815355092,
    "1.8.37": 2834.5845927210285,
    "1.8.38": 2431.6904756122904,
    "1.8.39": 2950.7201358209977,
    "1.8.40": 465.21782925708294,
    "1.8.41": 3620.023483607382,
    "1.8.42": 2854.228393686335,
    "1.8.43": 1030.0314234099885,
    "1.8.44": 3011.8939383994198,
    "1.8.45": 70400.6658511264,
    "1.8.46": 61465.097033876584,
    "1.8.47": 71392.5926905957,
    "1.8.48": 74759.79651922018,
    "1.8.49": 72066.46284334053,
    "1.8.50": 78718.86984538661,
    "1.8.51": 77027.01509422144,
    "1.8.52": 79810.33510463181,
    "1.8.53": 25387.908699652933,
    "1.8.54": 23968.374911239385,
    "1.8.55": 72936.28677857252,
    "1.8.56": 64510.376314634756,
    "1.8.57": 30210.78149636145,
    "1.8.58": 197620.40892449286,
    "1.9.0": 172466.4080797693,
    "1.9.1": 66300.16674949952,
    "lastPublished": 66300.16674949952,
    "lastRan": 66300.16674949952
}