{
  "3.0.5": 147175.62755618244,
  "3.0.7": 175162.5912334142,
  "3.0.8": 111513.72085067318,
  "3.0.9": 143507.47817345485,
  "3.0.10": 124983.84337015278,
  "3.0.11": 104322.1856812407,
  "3.0.12": 91602.44579726063,
  "3.0.13": 105071.33359797747,
  "3.0.14": 105170.22887929273,
  "3.0.15": 92007.29878323246,
  "3.0.16": 108178.54892163583,
  "3.0.17": 97396.3322304703,
  "3.0.18": 139029.41871758038,
  "lastVersion": 139029.41871758038
}