{
    "1.1.0": 13094725.603651589,
    "1.1.1": 3909768.053915319,
    "lastPublished": 3909768.053915319,
    "lastRan": 3909768.053915319
}