{
    "3.0.5": 4733741.914047243,
    "lastPublished": 4733741.914047243,
    "lastRan": 4733741.914047243
}