{
    "1.1.0": 13094725.603651589,
    "1.1.1": 3909768.053915319,
    "2.0.4": 277091.7750570301,
    "2.0.6": 2918170.8835543743,
    "2.0.8": 3512693.101486354,
    "2.0.9": 3904773.5245155334,
    "2.0.10": 3943076.535458528,
    "2.0.12": 3288121.382613253,
    "2.0.16": 2705030.400029621,
    "lastPublished": 2705030.400029621,
    "lastRan": 2705030.400029621
}