{
    "3.0.5": 4733741.914047243,
    "3.0.7": 4918825.963969119,
    "3.0.8": 2965406.1595621565,
    "3.0.9": 3983163.364131357,
    "3.0.10": 3127311.855955525,
    "3.0.11": 2495683.824819036,
    "3.0.12": 2927174.977282006,
    "lastVersion": 2927174.977282006
}