{
    "1.1.0": 13094725.603651589,
    "1.1.1": 3909768.053915319,
    "2.0.4": 277091.7750570301,
    "lastPublished": 277091.7750570301,
    "lastRan": 277091.7750570301
}