{
    "3.0.5": 4733741.914047243,
    "3.0.7": 4918825.963969119,
    "3.0.8": 2965406.1595621565,
    "3.0.9": 3983163.364131357,
    "lastVersion": 3983163.364131357
}