{
  "3.0.5": 4733741.914047243,
  "3.0.7": 4918825.963969119,
  "3.0.8": 2965406.1595621565,
  "3.0.9": 3983163.364131357,
  "3.0.10": 3127311.855955525,
  "3.0.11": 2495683.824819036,
  "3.0.12": 2927174.977282006,
  "3.0.13": 2406435.7246273854,
  "3.0.14": 3864465.1785660437,
  "3.0.15": 4595162.933222364,
  "4.0.23": 1313381.2780899222,
  "lastVersion": 1313381.2780899222
}