{
    "3.0.5": 4733741.914047243,
    "3.0.7": 4918825.963969119,
    "3.0.8": 2965406.1595621565,
    "lastVersion": 2965406.1595621565
}