{
    "1.1.0": 13094725.603651589,
    "1.1.1": 3909768.053915319,
    "2.0.4": 277091.7750570301,
    "2.0.6": 2918170.8835543743,
    "lastPublished": 2918170.8835543743,
    "lastRan": 2918170.8835543743
}