{
    "1.0.0": 13399944.393051388,
    "lastPublished": 13399944.393051388,
    "lastRan": 13399944.393051388
}