{
    "1.1.0": 13094725.603651589,
    "lastPublished": 13094725.603651589,
    "lastRan": 13094725.603651589
}