{
    "3.0.5": 4733741.914047243,
    "3.0.7": 4918825.963969119,
    "lastPublished": 4918825.963969119,
    "lastRan": 4918825.963969119
}