{
    "3.0.5": 9032356.346424002,
    "lastPublished": 9032356.346424002,
    "lastRan": 9032356.346424002
}