{
    "3.0.5": 9032356.346424002,
    "3.0.7": 18407758.529022194,
    "3.0.8": 6801725.511454165,
    "3.0.9": 7384135.2082385775,
    "lastVersion": 7384135.2082385775
}