{
    "1.14.4": 4854552.173695437,
    "lastPublished": 4854552.173695437,
    "lastRan": 4854552.173695437
}