{
    "1.14.4": 3454317.911983991,
    "lastPublished": 3454317.911983991,
    "lastRan": 3454317.911983991
}