{
    "3.0.5": 9032356.346424002,
    "3.0.7": 18407758.529022194,
    "3.0.8": 6801725.511454165,
    "lastVersion": 6801725.511454165
}