{
    "1.14.4": 4854552.173695437,
    "lastPublished": 3926819.8822736046,
    "lastRan": 3926819.8822736046,
    "1.14.5": 3926819.8822736046
}