{
    "3.0.5": 9032356.346424002,
    "3.0.7": 18407758.529022194,
    "3.0.8": 6801725.511454165,
    "3.0.9": 7384135.2082385775,
    "3.0.10": 9390858.944949327,
    "3.0.11": 10436780.372906538,
    "lastVersion": 10436780.372906538
}