{
    "1.14.4": 4854552.173695437,
    "lastPublished": 5007763.98637137,
    "lastRan": 5007763.98637137,
    "1.14.5": 3926819.8822736046,
    "1.14.6": 5007763.98637137
}