{
    "1.14.4": 4854552.173695437,
    "lastPublished": 4327226.9445496425,
    "lastRan": 4327226.9445496425,
    "1.14.5": 3926819.8822736046,
    "1.14.6": 5007763.98637137,
    "1.14.7": 4065457.1192783937,
    "1.14.8": 5530341.631105971,
    "1.14.9": 4327226.9445496425
}