{
    "3.0.5": 9032356.346424002,
    "3.0.7": 18407758.529022194,
    "lastPublished": 18407758.529022194,
    "lastRan": 18407758.529022194
}