{
    "3.0.5": 9032356.346424002,
    "3.0.7": 18407758.529022194,
    "lastVersion": 18407758.529022194
}