{
    "1.14.4": 4854552.173695437,
    "1.14.5": 3926819.8822736046,
    "1.14.6": 5007763.98637137,
    "1.14.7": 4065457.1192783937,
    "1.14.8": 5530341.631105971,
    "1.14.9": 4327226.9445496425,
    "1.14.10": 5207429.747762893,
    "1.14.11": 5585076.680441637,
    "1.14.12": 3361849.353550353,
    "1.14.13": 4362400.5904067205,
    "1.14.14": 4351336.615786659,
    "1.14.15": 4603597.597487286,
    "1.14.16": 4345485.072602047,
    "1.14.17": 4952455.991429529,
    "1.14.18": 1010629.9682361647,
    "1.14.19": 5019046.326328592,
    "1.14.20": 5336435.714222028,
    "1.14.21": 1993761.2918225776,
    "1.14.22": 5295039.655260537,
    "1.14.23": 4766184.819909842,
    "1.14.24": 5555378.46048304,
    "1.14.25": 5848701.985147609,
    "lastPublished": 5848701.985147609,
    "lastRan": 5848701.985147609
}