{
    "2.1.4": 2393.854782671374,
    "lastPublished": 2317.2777889106796,
    "lastRan": 2317.2777889106796,
    "2.1.5": 1902.1791117248151,
    "2.1.6": 2317.2777889106796
}