{
    "2.1.4": 2393.854782671374,
    "2.1.5": 1902.1791117248151,
    "2.1.6": 2317.2777889106796,
    "2.1.7": 1627.614091695632,
    "2.1.8": 2892.0317982304596,
    "2.1.9": 2893.0682079966014,
    "2.1.10": 2418.716262576018,
    "2.1.11": 2284.8062519984855,
    "2.1.12": 1379.663498077887,
    "2.1.13": 2733.3576704734173,
    "2.1.14": 2916.867421821999,
    "2.1.15": 3154.497016828021,
    "2.2.0": 3091.106991762409,
    "2.2.1": 2307.034228840667,
    "2.2.2": 433.7735452143027,
    "2.2.3": 1615.2870757874496,
    "2.2.4": 2301.833605621461,
    "2.2.5": 2229.595613309651,
    "2.2.6": 95056.2240065846,
    "2.2.7": 94134.70426667467,
    "2.2.8": 95084.95402781833,
    "2.2.9": 87174.78209069381,
    "2.2.10": 111284.34839418468,
    "2.2.11": 42457.728802739155,
    "2.2.12": 69965.99563778834,
    "2.2.13": 66678.51191067012,
    "2.2.14": 36514.5835067162,
    "2.2.15": 93698.92098956203,
    "2.2.16": 40895.704216272425,
    "2.2.17": 160712.16755108171,
    "2.2.18": 174619.30824335944,
    "2.2.19": 174928.37231379212,
    "2.2.20": 224302.5162189773,
    "2.2.21": 34379.95636509209,
    "2.2.22": 41630.96852712738,
    "2.2.27": 53903.95879397632,
    "2.2.31": 154796.97926305505,
    "2.2.32": 153549.03292182542,
    "3.0.2": 137558.6523951885,
    "lastPublished": 137558.6523951885,
    "lastRan": 137558.6523951885
}