{
    "5.0.5": 344868.205159028,
    "5.0.7": 333674.96186754276,
    "5.0.8": 207555.99676297526,
    "5.0.9": 239610.96772743878,
    "5.0.10": 230183.74641311864,
    "5.0.11": 229248.3509846375,
    "lastVersion": 229248.3509846375
}