{
    "2.1.4": 3107.3263162613343,
    "lastPublished": 3107.3263162613343,
    "lastRan": 3107.3263162613343
}