{
    "2.1.4": 2393.854782671374,
    "lastPublished": 433.7735452143027,
    "lastRan": 433.7735452143027,
    "2.1.5": 1902.1791117248151,
    "2.1.6": 2317.2777889106796,
    "2.1.7": 1627.614091695632,
    "2.1.8": 2892.0317982304596,
    "2.1.9": 2893.0682079966014,
    "2.1.10": 2418.716262576018,
    "2.1.11": 2284.8062519984855,
    "2.1.12": 1379.663498077887,
    "2.1.13": 2733.3576704734173,
    "2.1.14": 2916.867421821999,
    "2.1.15": 3154.497016828021,
    "2.2.0": 3091.106991762409,
    "2.2.1": 2307.034228840667,
    "2.2.2": 433.7735452143027
}