{
    "5.0.5": 344868.205159028,
    "5.0.7": 333674.96186754276,
    "lastVersion": 333674.96186754276
}