{
    "5.0.5": 344868.205159028,
    "5.0.7": 333674.96186754276,
    "lastPublished": 333674.96186754276,
    "lastRan": 333674.96186754276
}