{
    "2.1.4": 2393.854782671374,
    "lastPublished": 2393.854782671374,
    "lastRan": 2393.854782671374
}