{
    "2.1.4": 2393.854782671374,
    "lastPublished": 1902.1791117248151,
    "lastRan": 1902.1791117248151,
    "2.1.5": 1902.1791117248151
}