{
  "5.0.5": 344868.205159028,
  "5.0.7": 333674.96186754276,
  "5.0.8": 207555.99676297526,
  "5.0.9": 239610.96772743878,
  "5.0.10": 230183.74641311864,
  "5.0.11": 229248.3509846375,
  "5.0.12": 212598.5433698327,
  "5.0.13": 153709.07646637785,
  "5.0.14": 234151.3184313871,
  "5.0.15": 210666.81744470194,
  "5.0.16": 207586.74981032748,
  "5.0.17": 436307.5968709097,
  "5.0.18": 458384.6784017957,
  "5.0.19": 419375.71060947765,
  "lastVersion": 419375.71060947765
}