{
    "5.0.5": 344868.205159028,
    "5.0.7": 333674.96186754276,
    "5.0.8": 207555.99676297526,
    "lastVersion": 207555.99676297526
}