{
    "2.1.4": 2393.854782671374,
    "lastPublished": 2892.0317982304596,
    "lastRan": 2892.0317982304596,
    "2.1.5": 1902.1791117248151,
    "2.1.6": 2317.2777889106796,
    "2.1.7": 1627.614091695632,
    "2.1.8": 2892.0317982304596
}