{
    "5.0.5": 344868.205159028,
    "lastPublished": 344868.205159028,
    "lastRan": 344868.205159028
}