{
    "5.0.5": 522877.029378222,
    "5.0.7": 769266.5189762589,
    "5.0.8": 485467.7760640005,
    "5.0.9": 506520.99905151065,
    "5.0.10": 361308.66704502393,
    "5.0.11": 311530.84159479616,
    "5.0.12": 409071.20569268754,
    "5.0.13": 327334.2138345992,
    "lastVersion": 327334.2138345992
}