{
    "5.0.5": 522877.029378222,
    "5.0.7": 769266.5189762589,
    "lastPublished": 769266.5189762589,
    "lastRan": 769266.5189762589
}