{
    "3.14.27": 2339.9225828421354,
    "lastPublished": 2516.1481574173517,
    "lastRan": 2516.1481574173517,
    "3.14.28": 2293.759336127743,
    "3.14.29": 2326.552503393379,
    "3.14.30": 2841.3954409747707,
    "3.14.31": 2229.9375276511873,
    "3.14.32": 1101.9182811388891,
    "3.14.33": 2348.3213771427495,
    "3.14.34": 2516.1481574173517
}