{
    "3.14.27": 2339.9225828421354,
    "lastPublished": 2339.9225828421354,
    "lastRan": 2339.9225828421354
}