{
    "5.0.5": 522877.029378222,
    "lastPublished": 522877.029378222,
    "lastRan": 522877.029378222
}