{
    "3.14.27": 2339.9225828421354,
    "lastPublished": 2293.759336127743,
    "lastRan": 2293.759336127743,
    "3.14.28": 2293.759336127743
}