{
    "3.14.27": 2339.9225828421354,
    "lastPublished": 2326.552503393379,
    "lastRan": 2326.552503393379,
    "3.14.28": 2293.759336127743,
    "3.14.29": 2326.552503393379
}