{
    "3.14.27": 2339.9225828421354,
    "3.14.28": 2293.759336127743,
    "3.14.29": 2326.552503393379,
    "3.14.30": 2841.3954409747707,
    "3.14.31": 2229.9375276511873,
    "3.14.32": 1101.9182811388891,
    "3.14.33": 2348.3213771427495,
    "3.14.34": 2516.1481574173517,
    "3.14.35": 2460.293929712424,
    "3.14.36": 9812.447499514517,
    "3.14.37": 10119.555165131711,
    "3.14.38": 10575.368452004544,
    "3.14.39": 11221.251425637709,
    "3.14.40": 10140.599822081638,
    "3.14.41": 4657.411812990478,
    "3.14.42": 12828.450020575554,
    "3.14.43": 10737.83542843318,
    "3.14.44": 2731.29449763725,
    "3.15.0": 373069.6179569099,
    "3.15.1": 341186.164897557,
    "3.15.2": 344598.1883798233,
    "3.15.3": 354101.92555412126,
    "3.15.4": 359660.84191412455,
    "3.15.5": 471889.23145688814,
    "3.15.6": 91427.91453674897,
    "3.15.7": 173807.67242154267,
    "3.15.8": 740598.0183303297,
    "3.15.9": 191040.91340733194,
    "3.16.0": 780619.0825229925,
    "3.16.1": 427619.02489246463,
    "3.16.2": 329202.1724580406,
    "3.16.3": 609492.5444669595,
    "lastPublished": 609492.5444669595,
    "lastRan": 609492.5444669595
}