{
    "3.14.27": 2629.522802976002,
    "lastPublished": 2629.522802976002,
    "lastRan": 2629.522802976002
}