{
    "5.0.5": 522877.029378222,
    "5.0.7": 769266.5189762589,
    "5.0.8": 485467.7760640005,
    "lastVersion": 485467.7760640005
}