{
  "1.0.0": 15130.024808322802,
  "1.2.27": 92798.35713436062,
  "lastVersion": 92798.35713436062
}