{
  "1.0.0": 15130.024808322802,
  "lastVersion": 15130.024808322802
}