{
    "1.10.18": 55841.77172181152,
    "3.0.1": 47419.876544736086,
    "4.0.4": 3594.989480866299,
    "lastPublished": 3594.989480866299,
    "lastRan": 3594.989480866299
}