{
    "last": 18516.240654425823,
    "1.9.26": 18516.240654425823
}