{
    "5.0.5": 142871.10941208593,
    "lastPublished": 142871.10941208593,
    "lastRan": 142871.10941208593
}