{
    "1.9.26": 16476.06744279055,
    "lastPublished": 16691.810330408178,
    "lastRan": 16691.810330408178,
    "1.9.27": 18351.732519787605,
    "1.9.28": 17958.239166033527,
    "1.9.29": 19695.16693347929,
    "1.9.30": 19016.889907280132,
    "1.9.31": 19430.476468318477,
    "1.9.32": 18183.481042967967,
    "1.9.33": 18775.15035829992,
    "1.9.34": 16691.810330408178
}