{
    "1.9.26": 16476.06744279055,
    "lastPublished": 18351.732519787605,
    "lastRan": 18351.732519787605,
    "1.9.27": 18351.732519787605
}