{
    "1.10.18": 55841.77172181152,
    "3.0.1": 47419.876544736086,
    "lastPublished": 47419.876544736086,
    "lastRan": 47419.876544736086
}