{
    "1.10.18": 55841.77172181152,
    "3.0.1": 47419.876544736086,
    "4.0.4": 3594.989480866299,
    "4.0.6": 34784.264800973855,
    "4.0.8": 45372.34555266113,
    "4.0.9": 47145.65595202772,
    "4.0.10": 46244.75774604197,
    "4.0.12": 41578.38532210352,
    "4.0.16": 38223.415374254226,
    "4.1.0": 37086.115383426775,
    "5.0.2": 317461.2013978116,
    "lastPublished": 317461.2013978116,
    "lastRan": 317461.2013978116
}