{
    "1.10.18": 55841.77172181152,
    "lastPublished": 55841.77172181152,
    "lastRan": 55841.77172181152
}