{
    "5.0.5": 142871.10941208593,
    "5.0.7": 149741.8237363634,
    "lastVersion": 149741.8237363634
}