{
    "5.0.5": 142871.10941208593,
    "5.0.7": 149741.8237363634,
    "lastPublished": 149741.8237363634,
    "lastRan": 149741.8237363634
}