{
    "1.9.26": 16476.06744279055,
    "lastPublished": 19695.16693347929,
    "lastRan": 19695.16693347929,
    "1.9.27": 18351.732519787605,
    "1.9.28": 17958.239166033527,
    "1.9.29": 19695.16693347929
}