{
    "1.9.26": 16476.06744279055,
    "lastPublished": 14356.923495411906,
    "lastRan": 14356.923495411906,
    "1.9.27": 18351.732519787605,
    "1.9.28": 17958.239166033527,
    "1.9.29": 19695.16693347929,
    "1.9.30": 19016.889907280132,
    "1.9.31": 19430.476468318477,
    "1.9.32": 18183.481042967967,
    "1.9.33": 18775.15035829992,
    "1.9.34": 16691.810330408178,
    "1.9.35": 18295.85453356318,
    "1.9.36": 12374.686646698192,
    "1.9.37": 18633.112445550014,
    "1.9.38": 14356.923495411906
}