{
    "5.0.5": 142871.10941208593,
    "5.0.7": 149741.8237363634,
    "5.0.8": 67792.86167019208,
    "5.0.9": 83307.7454957479,
    "5.0.10": 103471.32740366785,
    "5.0.11": 87117.67676111356,
    "5.0.12": 67338.57154429622,
    "lastVersion": 67338.57154429622
}