{
    "1.9.26": 16476.06744279055,
    "1.9.27": 18351.732519787605,
    "1.9.28": 17958.239166033527,
    "1.9.29": 19695.16693347929,
    "1.9.30": 19016.889907280132,
    "1.9.31": 19430.476468318477,
    "1.9.32": 18183.481042967967,
    "1.9.33": 18775.15035829992,
    "1.9.34": 16691.810330408178,
    "1.9.35": 18295.85453356318,
    "1.9.36": 12374.686646698192,
    "1.9.37": 18633.112445550014,
    "1.9.38": 14356.923495411906,
    "1.9.39": 17821.786728291256,
    "1.9.40": 3688.367306622784,
    "1.9.41": 20442.833860640025,
    "1.9.42": 18051.970351504257,
    "1.9.43": 12078.295178615099,
    "1.9.44": 6432736.65460683,
    "1.9.45": 6348706.0311920075,
    "1.9.46": 3860792.3606108786,
    "1.9.47": 6754307.920456841,
    "1.9.48": 7077442.939146329,
    "1.9.49": 6475949.810330796,
    "1.9.50": 7087691.37158355,
    "1.9.51": 2463268.156178573,
    "1.9.52": 2739843.129649713,
    "1.9.53": 5736781.917564965,
    "1.9.54": 2947000.32803585,
    "1.9.55": 5911206.113284587,
    "1.9.56": 2916359.1688176855,
    "1.9.57": 10127869.807081176,
    "1.10.0": 5877490.638946752,
    "1.10.1": 6101701.840136359,
    "1.10.2": 8044600.78877782,
    "1.10.3": 1822515.192045923,
    "1.10.4": 10067924.597297773,
    "1.10.12": 2927881.6945455163,
    "1.10.16": 3134107.5839250796,
    "lastPublished": 3134107.5839250796,
    "lastRan": 3134107.5839250796
}