{
    "5.0.5": 142871.10941208593,
    "5.0.7": 149741.8237363634,
    "5.0.8": 67792.86167019208,
    "5.0.9": 83307.7454957479,
    "lastVersion": 83307.7454957479
}