{
    "1.10.18": 55841.77172181152,
    "3.0.1": 47419.876544736086,
    "4.0.4": 3594.989480866299,
    "4.0.6": 34784.264800973855,
    "4.0.8": 45372.34555266113,
    "lastPublished": 45372.34555266113,
    "lastRan": 45372.34555266113
}