{
    "1.9.26": 16476.06744279055,
    "lastPublished": 16476.06744279055,
    "lastRan": 16476.06744279055
}