{
    "3.0.5": 136559742.68503723,
    "lastPublished": 136559742.68503723,
    "lastRan": 136559742.68503723
}