{
    "1.1.0": 974442162.0015707,
    "1.1.1": 833703781.9788108,
    "lastPublished": 833703781.9788108,
    "lastRan": 833703781.9788108
}