{
    "3.0.5": 136559742.68503723,
    "3.0.7": 112965281.92422,
    "lastPublished": 112965281.92422,
    "lastRan": 112965281.92422
}