{
    "1.1.0": 974442162.0015707,
    "1.1.1": 833703781.9788108,
    "2.0.4": 158211911.56328252,
    "2.0.6": 724006973.8210406,
    "2.0.8": 844656915.182508,
    "2.0.9": 881799192.3947046,
    "2.0.10": 836571169.7097646,
    "2.0.12": 731257498.7870501,
    "2.0.16": 753276805.0813025,
    "2.1.0": 841909827.0510164,
    "lastPublished": 841909827.0510164,
    "lastRan": 841909827.0510164
}