{
    "1.1.0": 974442162.0015707,
    "lastPublished": 974442162.0015707,
    "lastRan": 974442162.0015707
}