{
  "3.0.5": 136559742.68503723,
  "3.0.7": 112965281.92422,
  "3.0.8": 162070002.78201544,
  "3.0.9": 186844714.0560214,
  "3.0.10": 169064863.24568143,
  "3.0.11": 206079897.08112916,
  "3.0.12": 196354953.73167646,
  "3.0.13": 229629488.6737844,
  "3.0.14": 153283153.64661518,
  "lastVersion": 153283153.64661518
}