{
    "1.1.0": 974442162.0015707,
    "1.1.1": 833703781.9788108,
    "2.0.4": 158211911.56328252,
    "2.0.6": 724006973.8210406,
    "2.0.8": 844656915.182508,
    "lastPublished": 844656915.182508,
    "lastRan": 844656915.182508
}