{
    "1.1.0": 974442162.0015707,
    "1.1.1": 833703781.9788108,
    "2.0.4": 158211911.56328252,
    "lastPublished": 158211911.56328252,
    "lastRan": 158211911.56328252
}