{
    "5.0.5": 3784190.452585121,
    "lastPublished": 3784190.452585121,
    "lastRan": 3784190.452585121
}