{
  "5.0.5": 3784190.452585121,
  "5.0.7": 5973495.087753877,
  "5.0.8": 3977108.1405476886,
  "5.0.9": 4430617.845729702,
  "5.0.10": 3013328.80355429,
  "5.0.11": 2289151.766034869,
  "5.0.12": 2740302.1292830086,
  "5.0.13": 2496917.6540676043,
  "5.0.14": 2555864.691601578,
  "5.0.15": 3612573.222199197,
  "6.0.23": 2374843.8131958945,
  "lastVersion": 2374843.8131958945
}