{
    "3.9.26": 2658387.969745545,
    "lastPublished": 2518749.702895918,
    "lastRan": 2518749.702895918,
    "3.9.27": 2120999.8145674947,
    "3.9.28": 2555591.1793445726,
    "3.9.29": 2819395.2529331176,
    "3.9.30": 2745393.107250492,
    "3.9.31": 1140842.0523956683,
    "3.9.32": 2681181.5215548337,
    "3.9.33": 2764744.6256113825,
    "3.9.34": 2404216.0894615185,
    "3.9.35": 2614003.704124746,
    "3.9.36": 1981493.8492200894,
    "3.9.37": 2583227.7777556153,
    "3.9.38": 2518749.702895918
}