{
    "5.0.5": 3784190.452585121,
    "5.0.7": 5973495.087753877,
    "5.0.8": 3977108.1405476886,
    "lastVersion": 3977108.1405476886
}