{
    "3.9.26": 2658387.969745545,
    "lastPublished": 2120999.8145674947,
    "lastRan": 2120999.8145674947,
    "3.9.27": 2120999.8145674947
}