{
    "5.0.5": 3784190.452585121,
    "5.0.7": 5973495.087753877,
    "lastPublished": 5973495.087753877,
    "lastRan": 5973495.087753877
}