{
    "3.9.26": 2658387.969745545,
    "lastPublished": 2658387.969745545,
    "lastRan": 2658387.969745545
}