{
    "3.9.26": 2658387.969745545,
    "lastPublished": 2555591.1793445726,
    "lastRan": 2555591.1793445726,
    "3.9.27": 2120999.8145674947,
    "3.9.28": 2555591.1793445726
}