{
    "3.9.26": 2658387.969745545,
    "3.9.27": 2120999.8145674947,
    "3.9.28": 2555591.1793445726,
    "3.9.29": 2819395.2529331176,
    "3.9.30": 2745393.107250492,
    "3.9.31": 1140842.0523956683,
    "3.9.32": 2681181.5215548337,
    "3.9.33": 2764744.6256113825,
    "3.9.34": 2404216.0894615185,
    "3.9.35": 2614003.704124746,
    "3.9.36": 1981493.8492200894,
    "3.9.37": 2583227.7777556153,
    "3.9.38": 2518749.702895918,
    "3.9.39": 2711322.137420678,
    "3.9.40": 712159.1267415017,
    "3.9.41": 2856948.8090106603,
    "3.9.42": 2739604.885409853,
    "3.9.43": 1463185.6406415303,
    "3.9.44": 2784790.7986302213,
    "3.9.45": 2805045.3259926904,
    "3.9.46": 2866669.5701757874,
    "3.9.47": 2922221.64671979,
    "3.9.48": 2791756.7118431,
    "lastPublished": 2791756.7118431,
    "lastRan": 2791756.7118431
}