{
    "3.9.26": 2658387.969745545,
    "lastPublished": 2819395.2529331176,
    "lastRan": 2819395.2529331176,
    "3.9.27": 2120999.8145674947,
    "3.9.28": 2555591.1793445726,
    "3.9.29": 2819395.2529331176
}