{
    "3.9.26": 2658387.969745545,
    "3.9.27": 2120999.8145674947,
    "3.9.28": 2555591.1793445726,
    "3.9.29": 2819395.2529331176,
    "3.9.30": 2745393.107250492,
    "3.9.31": 1140842.0523956683,
    "3.9.32": 2681181.5215548337,
    "3.9.33": 2764744.6256113825,
    "3.9.34": 2404216.0894615185,
    "3.9.35": 2614003.704124746,
    "3.9.36": 1981493.8492200894,
    "3.9.37": 2583227.7777556153,
    "3.9.38": 2518749.702895918,
    "3.9.39": 2711322.137420678,
    "3.9.40": 712159.1267415017,
    "3.9.41": 2856948.8090106603,
    "3.9.42": 2739604.885409853,
    "3.9.43": 1463185.6406415303,
    "3.9.44": 2784790.7986302213,
    "3.9.45": 2805045.3259926904,
    "3.9.46": 2866669.5701757874,
    "3.9.47": 2922221.64671979,
    "3.9.48": 2791756.7118431,
    "3.9.49": 1308747.1057696715,
    "3.9.50": 490858.2707712373,
    "3.9.51": 2567342.890501232,
    "3.9.52": 4423078.974929578,
    "3.9.53": 1088252.348608123,
    "3.9.54": 1001431.5171601663,
    "3.9.61": 4290454.236081246,
    "3.10.1": 4518792.317823691,
    "3.11.0": 4225701.705085663,
    "4.0.4": 710503.3945961142,
    "4.0.6": 2989230.8221983244,
    "4.0.8": 3897841.926275777,
    "4.0.9": 3962117.5079336055,
    "4.0.10": 4102734.013421284,
    "4.0.12": 3636403.206402048,
    "4.0.16": 3861909.783892573,
    "lastPublished": 3861909.783892573,
    "lastRan": 3861909.783892573
}