{
    "3.9.26": 2307786.983909812,
    "lastPublished": 2307786.983909812,
    "lastRan": 2307786.983909812
}