{
    "3.7.27": 337.95008874483005,
    "3.7.28": 466.7524845538455,
    "3.7.29": 364.4688557641603,
    "3.7.30": 395.7901418361864,
    "3.7.31": 413.9880456427715,
    "3.7.32": 495.05218236238716,
    "3.7.33": 372.23319098139643,
    "3.7.34": 402.49391626060157,
    "3.7.35": 393.85168603819557,
    "3.7.36": 447.41350376558194,
    "3.7.37": 410.9149759942941,
    "3.7.38": 343.0406848824408,
    "3.7.39": 316.2821870344373,
    "3.7.40": 381.9302399401453,
    "3.7.41": 121.52426978681476,
    "3.7.42": 301.0230152348871,
    "3.7.43": 373.7609126352107,
    "3.7.44": 92.33104322464582,
    "3.7.45": 431.29644596278234,
    "3.7.46": 377.51990618422013,
    "3.7.47": 351.304881091588,
    "3.7.48": 425.40395749879616,
    "3.7.49": 491.0067215894442,
    "3.7.50": 411.7682439091077,
    "3.7.51": 123.74124964960335,
    "3.7.52": 213.1216830605983,
    "3.7.53": 799.3091932718572,
    "3.7.54": 1330.2141356925347,
    "3.7.55": 2503.459362315388,
    "3.7.56": 983.5547684675395,
    "3.7.57": 4647.355100270569,
    "3.7.58": 2505.435712292952,
    "3.7.59": 4484.803807173998,
    "3.7.60": 906.4459496575234,
    "lastPublished": 906.4459496575234,
    "lastRan": 906.4459496575234
}