{
    "3.7.27": 337.95008874483005,
    "lastPublished": 337.95008874483005,
    "lastRan": 337.95008874483005
}