{
    "3.7.27": 484.34344662624625,
    "lastPublished": 484.34344662624625,
    "lastRan": 484.34344662624625
}