{
    "3.7.27": 337.95008874483005,
    "lastPublished": 402.49391626060157,
    "lastRan": 402.49391626060157,
    "3.7.28": 466.7524845538455,
    "3.7.29": 364.4688557641603,
    "3.7.30": 395.7901418361864,
    "3.7.31": 413.9880456427715,
    "3.7.32": 495.05218236238716,
    "3.7.33": 372.23319098139643,
    "3.7.34": 402.49391626060157
}