{
    "3.7.27": 337.95008874483005,
    "lastPublished": 364.4688557641603,
    "lastRan": 364.4688557641603,
    "3.7.28": 466.7524845538455,
    "3.7.29": 364.4688557641603
}