{
    "3.7.27": 337.95008874483005,
    "lastPublished": 413.9880456427715,
    "lastRan": 413.9880456427715,
    "3.7.28": 466.7524845538455,
    "3.7.29": 364.4688557641603,
    "3.7.30": 395.7901418361864,
    "3.7.31": 413.9880456427715
}