{
    "3.7.27": 337.95008874483005,
    "lastPublished": 466.7524845538455,
    "lastRan": 466.7524845538455,
    "3.7.28": 466.7524845538455
}