{
  "3.0.5": 316752.6669539136,
  "3.0.7": 331451.7770514306,
  "3.0.8": 193661.5360244464,
  "3.0.9": 213336.69737327192,
  "3.0.10": 244924.57429275234,
  "3.0.11": 202689.60909660588,
  "3.0.12": 164252.13180836503,
  "3.0.13": 178630.84930306498,
  "3.0.14": 157161.33888152573,
  "3.0.15": 118069.18418009256,
  "3.0.16": 403276.0176253624,
  "lastVersion": 403276.0176253624
}