{
    "1.0.0": 26898033.724740546,
    "1.1.0": 303455.6570320802,
    "1.1.2": 386416.0509559124,
    "1.1.6": 405432.75369869854,
    "lastPublished": 405432.75369869854,
    "lastRan": 405432.75369869854
}