{
    "3.0.5": 316752.6669539136,
    "3.0.7": 331451.7770514306,
    "lastPublished": 331451.7770514306,
    "lastRan": 331451.7770514306
}