{
    "1.0.0": 26898033.724740546,
    "1.1.0": 303455.6570320802,
    "1.1.2": 386416.0509559124,
    "lastPublished": 386416.0509559124,
    "lastRan": 386416.0509559124
}