{
    "1.0.0": 26898033.724740546,
    "lastPublished": 26898033.724740546,
    "lastRan": 26898033.724740546
}