{
    "3.0.5": 316752.6669539136,
    "lastPublished": 316752.6669539136,
    "lastRan": 316752.6669539136
}