{
    "3.0.5": 316752.6669539136,
    "3.0.7": 331451.7770514306,
    "3.0.8": 193661.5360244464,
    "3.0.9": 213336.69737327192,
    "lastVersion": 213336.69737327192
}