{
    "1.0.0": 26898033.724740546,
    "1.1.0": 303455.6570320802,
    "1.1.2": 386416.0509559124,
    "1.1.6": 405432.75369869854,
    "1.2.0": 397113.4864172523,
    "1.2.8": 397239.5103609043,
    "1.4.1": 341480.87083313556,
    "1.5.0": 375446.595589049,
    "2.0.2": 404728.92008109286,
    "2.1.1": 37871.03552256052,
    "2.1.3": 240486.83257680532,
    "2.1.5": 312386.1705599383,
    "2.2.0": 291575.86415348935,
    "2.2.1": 284880.9019103027,
    "2.2.3": 213002.55604163875,
    "2.2.7": 196777.0846985116,
    "2.3.0": 256062.83033638223,
    "3.0.2": 431369.4693725729,
    "lastPublished": 431369.4693725729,
    "lastRan": 431369.4693725729
}