{
    "1.0.0": 26898033.724740546,
    "1.1.0": 303455.6570320802,
    "1.1.2": 386416.0509559124,
    "1.1.6": 405432.75369869854,
    "1.2.0": 397113.4864172523,
    "lastPublished": 397113.4864172523,
    "lastRan": 397113.4864172523
}