{
    "1.0.0": 26898033.724740546,
    "1.1.0": 303455.6570320802,
    "1.1.2": 386416.0509559124,
    "1.1.6": 405432.75369869854,
    "1.2.0": 397113.4864172523,
    "1.2.8": 397239.5103609043,
    "1.4.1": 341480.87083313556,
    "1.5.0": 375446.595589049,
    "lastPublished": 375446.595589049,
    "lastRan": 375446.595589049
}