{
    "1.0.0": 26898033.724740546,
    "1.1.0": 303455.6570320802,
    "lastPublished": 303455.6570320802,
    "lastRan": 303455.6570320802
}