{
    "5.0.5": 1453953.119800969,
    "5.0.7": 2198166.0482831593,
    "5.0.8": 2135230.769426631,
    "5.0.9": 2254880.6873796643,
    "5.0.10": 2268206.475483273,
    "lastVersion": 2268206.475483273
}