{
    "5.0.5": 1453953.119800969,
    "5.0.7": 2198166.0482831593,
    "5.0.8": 2135230.769426631,
    "lastVersion": 2135230.769426631
}