{
    "5.0.5": 1453953.119800969,
    "5.0.7": 2198166.0482831593,
    "5.0.8": 2135230.769426631,
    "5.0.9": 2254880.6873796643,
    "5.0.10": 2268206.475483273,
    "5.0.11": 1705749.3682890094,
    "5.0.12": 1695481.0994647518,
    "5.0.13": 1770675.4831820854,
    "lastVersion": 1770675.4831820854
}