{
    "2.2.7": 1978113.9203986214,
    "lastPublished": 2016953.6036921833,
    "lastRan": 2016953.6036921833,
    "2.2.8": 1710668.725985587,
    "2.2.9": 2016953.6036921833
}