{
    "2.2.7": 1978113.9203986214,
    "lastPublished": 1710668.725985587,
    "lastRan": 1710668.725985587,
    "2.2.8": 1710668.725985587
}