{
    "2.2.7": 1683552.231876215,
    "lastPublished": 1683552.231876215,
    "lastRan": 1683552.231876215
}