{
    "2.2.7": 1978113.9203986214,
    "lastPublished": 1795085.0617229901,
    "lastRan": 1795085.0617229901,
    "2.2.8": 1710668.725985587,
    "2.2.9": 2016953.6036921833,
    "2.2.10": 1763867.6405458432,
    "2.2.11": 2023078.1553071816,
    "2.2.12": 1770606.934704545,
    "2.2.13": 2049114.851990245,
    "2.2.14": 2044870.904753864,
    "2.2.15": 1599927.6065828174,
    "2.2.16": 1677114.6202534072,
    "2.2.17": 1761683.3790870262,
    "2.2.18": 1966246.9273471446,
    "2.2.19": 1795085.0617229901
}