{
    "5.0.5": 1453953.119800969,
    "lastPublished": 1453953.119800969,
    "lastRan": 1453953.119800969
}