{
    "5.0.5": 1453953.119800969,
    "5.0.7": 2198166.0482831593,
    "lastPublished": 2198166.0482831593,
    "lastRan": 2198166.0482831593
}