{
    "5.0.5": 1453953.119800969,
    "5.0.7": 2198166.0482831593,
    "lastVersion": 2198166.0482831593
}