{
    "2.2.7": 1978113.9203986214,
    "2.2.8": 1710668.725985587,
    "2.2.9": 2016953.6036921833,
    "2.2.10": 1763867.6405458432,
    "2.2.11": 2023078.1553071816,
    "2.2.12": 1770606.934704545,
    "2.2.13": 2049114.851990245,
    "2.2.14": 2044870.904753864,
    "2.2.15": 1599927.6065828174,
    "2.2.16": 1677114.6202534072,
    "2.2.17": 1761683.3790870262,
    "2.2.18": 1966246.9273471446,
    "2.2.19": 1795085.0617229901,
    "2.2.20": 2213602.963067501,
    "2.2.21": 1356496.4097570437,
    "2.3.0": 1153357.6959307347,
    "2.3.1": 1696805.5709090831,
    "2.3.2": 585974.1101629186,
    "2.3.3": 1597301.5707489196,
    "2.3.4": 1641479.0147984815,
    "2.3.5": 1670599.7625358757,
    "2.3.6": 1610832.1276164702,
    "2.3.7": 1566232.4776714665,
    "2.3.8": 1616356.088553084,
    "2.3.9": 1577163.8488941323,
    "2.3.10": 433045.6640331012,
    "2.3.11": 563087.043398218,
    "2.3.12": 1299799.2474511338,
    "2.3.13": 1311749.1831047356,
    "2.3.14": 538623.403761889,
    "2.3.15": 2686240.6254873644,
    "2.3.16": 1277378.2466811417,
    "2.3.17": 2390237.626556747,
    "2.3.18": 546461.0379737283,
    "2.3.19": 527377.3860266737,
    "2.3.23": 2727762.9412781894,
    "2.3.32": 2406804.8523139763,
    "3.0.1": 2588107.0809274637,
    "4.0.4": 477524.2685289723,
    "4.0.6": 1941037.7811397861,
    "4.0.8": 2655931.6058027954,
    "4.0.9": 2633507.06216335,
    "4.0.10": 2633313.1213107086,
    "lastPublished": 2633313.1213107086,
    "lastRan": 2633313.1213107086
}