{
    "2.2.7": 1978113.9203986214,
    "lastPublished": 1978113.9203986214,
    "lastRan": 1978113.9203986214
}