{
    "5.0.5": 471265.9573069786,
    "lastPublished": 471265.9573069786,
    "lastRan": 471265.9573069786
}