{
    "2.1.4": 3097.082536202924,
    "lastPublished": 4246.137977101616,
    "lastRan": 4246.137977101616,
    "2.1.5": 3928.8681683470054,
    "2.1.6": 3171.8726106511813,
    "2.1.7": 4246.137977101616
}