{
    "5.0.5": 471265.9573069786,
    "5.0.7": 896865.3302265289,
    "5.0.8": 537314.4285594687,
    "lastVersion": 537314.4285594687
}