{
    "2.1.4": 3097.082536202924,
    "lastPublished": 3928.8681683470054,
    "lastRan": 3928.8681683470054,
    "2.1.5": 3928.8681683470054
}