{
    "2.1.4": 3097.082536202924,
    "2.1.5": 3928.8681683470054,
    "2.1.6": 3171.8726106511813,
    "2.1.7": 4246.137977101616,
    "2.1.8": 3453.976330604108,
    "2.1.9": 1921.1037916189473,
    "2.1.10": 3304.7256235869295,
    "2.1.11": 3390.008796700639,
    "2.1.12": 3256.4085243395343,
    "2.1.13": 3826.7272272246837,
    "2.1.14": 4339.86569274621,
    "2.1.15": 3120.4421400909187,
    "2.1.16": 2989.528172269508,
    "2.1.17": 3399.877305513564,
    "2.1.18": 1040.3705446669996,
    "2.1.19": 3472.75800682668,
    "2.1.20": 3309.8361878396736,
    "2.1.21": 756.5447345239442,
    "2.1.22": 190149.41654682363,
    "2.1.23": 181396.44538189634,
    "2.1.24": 181362.18551816186,
    "2.1.25": 208832.42789228173,
    "2.1.26": 202355.71924339986,
    "2.1.27": 74048.08347804421,
    "2.1.28": 84324.68114716402,
    "2.1.29": 191988.92342489975,
    "2.1.30": 105261.14838538945,
    "2.1.31": 199553.08680888897,
    "2.1.32": 99473.65055116436,
    "2.1.33": 309153.2624766989,
    "2.1.34": 382418.88116401894,
    "2.1.35": 475657.7212360229,
    "2.1.36": 123783.12135783862,
    "2.1.37": 165478.26635428413,
    "2.1.42": 321287.35057565215,
    "2.1.45": 303627.2188416313,
    "2.1.46": 282410.3755771933,
    "3.0.2": 255857.28506964544,
    "4.0.4": 73057.94106171385,
    "4.0.6": 216732.52443981444,
    "lastPublished": 216732.52443981444,
    "lastRan": 216732.52443981444
}