{
    "2.1.4": 3097.082536202924,
    "lastPublished": 3256.4085243395343,
    "lastRan": 3256.4085243395343,
    "2.1.5": 3928.8681683470054,
    "2.1.6": 3171.8726106511813,
    "2.1.7": 4246.137977101616,
    "2.1.8": 3453.976330604108,
    "2.1.9": 1921.1037916189473,
    "2.1.10": 3304.7256235869295,
    "2.1.11": 3390.008796700639,
    "2.1.12": 3256.4085243395343
}