{
    "2.1.4": 3097.082536202924,
    "2.1.5": 3928.8681683470054,
    "2.1.6": 3171.8726106511813,
    "2.1.7": 4246.137977101616,
    "2.1.8": 3453.976330604108,
    "2.1.9": 1921.1037916189473,
    "2.1.10": 3304.7256235869295,
    "2.1.11": 3390.008796700639,
    "2.1.12": 3256.4085243395343,
    "2.1.13": 3826.7272272246837,
    "2.1.14": 4339.86569274621,
    "2.1.15": 3120.4421400909187,
    "2.1.16": 2989.528172269508,
    "2.1.17": 3399.877305513564,
    "2.1.18": 1040.3705446669996,
    "2.1.19": 3472.75800682668,
    "2.1.20": 3309.8361878396736,
    "2.1.21": 756.5447345239442,
    "2.1.22": 190149.41654682363,
    "2.1.23": 181396.44538189634,
    "2.1.24": 181362.18551816186,
    "2.1.25": 208832.42789228173,
    "2.1.26": 202355.71924339986,
    "2.1.27": 74048.08347804421,
    "2.1.28": 84324.68114716402,
    "lastPublished": 84324.68114716402,
    "lastRan": 84324.68114716402
}