{
    "2.1.4": 3097.082536202924,
    "lastPublished": 3097.082536202924,
    "lastRan": 3097.082536202924
}