{
    "5.0.5": 471265.9573069786,
    "5.0.7": 896865.3302265289,
    "lastPublished": 896865.3302265289,
    "lastRan": 896865.3302265289
}