{
    "5.0.5": 471265.9573069786,
    "5.0.7": 896865.3302265289,
    "5.0.8": 537314.4285594687,
    "5.0.9": 667816.7196777108,
    "5.0.10": 604613.3079328978,
    "5.0.11": 631611.1377194615,
    "5.0.12": 512625.5786188497,
    "lastVersion": 512625.5786188497
}