{
    "2.1.4": 4084.6090164099724,
    "lastPublished": 4084.6090164099724,
    "lastRan": 4084.6090164099724
}