{
    "2.1.4": 3097.082536202924,
    "lastPublished": 3171.8726106511813,
    "lastRan": 3171.8726106511813,
    "2.1.5": 3928.8681683470054,
    "2.1.6": 3171.8726106511813
}