{
  "5.0.5": 471265.9573069786,
  "5.0.7": 896865.3302265289,
  "5.0.8": 537314.4285594687,
  "5.0.9": 667816.7196777108,
  "5.0.10": 604613.3079328978,
  "5.0.11": 631611.1377194615,
  "5.0.12": 512625.5786188497,
  "5.1.0": 399725.50962115504,
  "5.1.1": 701652.3046524766,
  "5.1.2": 548554.520714195,
  "5.1.3": 542672.9645346057,
  "5.1.4": 757845.3012669774,
  "5.1.5": 652368.2624126485,
  "5.1.6": 589791.3653119326,
  "lastVersion": 589791.3653119326
}