{
    "2.0.5": 3865587.1632850464,
    "2.0.7": 7722405.242079727,
    "2.0.8": 5016581.489692942,
    "2.0.9": 5353881.870128055,
    "lastVersion": 5353881.870128055
}