{
    "1.0.0": 5990989.364045253,
    "1.1.0": 3340371.9580729953,
    "lastPublished": 3340371.9580729953,
    "lastRan": 3340371.9580729953
}