{
    "2.0.5": 3865587.1632850464,
    "2.0.7": 7722405.242079727,
    "lastPublished": 7722405.242079727,
    "lastRan": 7722405.242079727
}