{
    "1.0.0": 5990989.364045253,
    "1.1.0": 3340371.9580729953,
    "1.1.1": 5058156.999240624,
    "1.1.2": 726119.6842878475,
    "1.1.3": 660637.6309433201,
    "1.1.12": 5809501.316565668,
    "1.2.0": 4840375.0580166485,
    "1.3.4": 1005853.2719563751,
    "1.3.6": 5124353.555153843,
    "lastPublished": 5124353.555153843,
    "lastRan": 5124353.555153843
}