{
    "1.0.0": 5990989.364045253,
    "1.1.0": 3340371.9580729953,
    "1.1.1": 5058156.999240624,
    "lastPublished": 5058156.999240624,
    "lastRan": 5058156.999240624
}