{
    "1.0.0": 5990989.364045253,
    "1.1.0": 3340371.9580729953,
    "1.1.1": 5058156.999240624,
    "1.1.2": 726119.6842878475,
    "1.1.3": 660637.6309433201,
    "1.1.12": 5809501.316565668,
    "1.2.0": 4840375.0580166485,
    "1.3.4": 1005853.2719563751,
    "1.3.6": 5124353.555153843,
    "1.3.8": 5820423.646773391,
    "1.3.9": 5869995.759940915,
    "1.3.10": 5972414.010937932,
    "1.3.12": 4698733.446814925,
    "1.3.16": 5547802.344266346,
    "1.4.0": 5479076.3610745575,
    "2.0.1": 9355620.392688151,
    "lastPublished": 9355620.392688151,
    "lastRan": 9355620.392688151
}