{
    "1.0.0": 5990989.364045253,
    "lastPublished": 5990989.364045253,
    "lastRan": 5990989.364045253
}