{
    "2.0.5": 3865587.1632850464,
    "lastPublished": 3865587.1632850464,
    "lastRan": 3865587.1632850464
}