{
    "0.0.1": 3294.11425196279,
    "0.1.0": 1413.064939542404,
    "0.2.0": 1516.1625383452922,
    "0.3.0": 1748.1471274876874,
    "0.3.1": 1874.8779817761636,
    "lastVersion": 1874.8779817761636
}