{
    "0.0.1": 3294.11425196279,
    "lastVersion": 3294.11425196279
}