{
    "0.0.1": 3294.11425196279,
    "0.1.0": 1413.064939542404,
    "0.2.0": 1516.1625383452922,
    "lastVersion": 1516.1625383452922
}