{
    "0.0.1": 3294.11425196279,
    "0.1.0": 1413.064939542404,
    "lastVersion": 1413.064939542404
}