{
    "3.0.5": 2489.146841621535,
    "3.0.7": 5422.4377543665805,
    "lastVersion": 5422.4377543665805
}