{
    "3.0.5": 2489.146841621535,
    "3.0.7": 5422.4377543665805,
    "3.0.8": 3028.8111358259453,
    "lastVersion": 3028.8111358259453
}