{
    "1.0.0": 1446.7463467718633,
    "lastPublished": 1331.89243594383,
    "lastRan": 1331.89243594383,
    "1.1.0": 1195.7004343812123,
    "1.1.1": 1256.8507427116945,
    "1.2.0": 1401.547928846189,
    "1.2.1": 1329.1565197814837,
    "1.2.2": 360.41794749596176,
    "1.3.0": 1331.89243594383
}