{
    "1.0.0": 1446.7463467718633,
    "1.1.0": 1195.7004343812123,
    "1.1.1": 1256.8507427116945,
    "1.2.0": 1401.547928846189,
    "1.2.1": 1329.1565197814837,
    "1.2.2": 360.41794749596176,
    "1.3.0": 1331.89243594383,
    "1.4.0": 1235.1923224597733,
    "1.4.1": 406.07421263642743,
    "1.4.2": 1773.3328289433553,
    "1.5.0": 2427.197413188247,
    "1.5.1": 2383.1564192483506,
    "1.5.2": 2424.2453384932505,
    "1.5.3": 2428.110745194368,
    "1.5.4": 2462.2978236355716,
    "1.5.5": 2800.969042392286,
    "1.5.6": 921.8873312166965,
    "1.5.7": 1319.9816452352968,
    "1.5.8": 2398.6660272915437,
    "1.5.9": 1488.8347536644567,
    "1.5.10": 2477.2241402662694,
    "lastPublished": 2477.2241402662694,
    "lastRan": 2477.2241402662694
}