{
    "1.0.0": 1446.7463467718633,
    "lastPublished": 1329.1565197814837,
    "lastRan": 1329.1565197814837,
    "1.1.0": 1195.7004343812123,
    "1.1.1": 1256.8507427116945,
    "1.2.0": 1401.547928846189,
    "1.2.1": 1329.1565197814837
}