{
    "3.0.5": 2489.146841621535,
    "lastPublished": 2489.146841621535,
    "lastRan": 2489.146841621535
}