{
    "1.0.0": 1446.7463467718633,
    "lastPublished": 1446.7463467718633,
    "lastRan": 1446.7463467718633
}