{
  "3.0.5": 2489.146841621535,
  "3.0.7": 5422.4377543665805,
  "3.0.8": 3028.8111358259453,
  "3.0.9": 3401.945274973233,
  "3.0.10": 3932.807432579134,
  "3.0.11": 2725.9061977465694,
  "3.0.12": 3088.248018912305,
  "3.0.13": 3582.527242642457,
  "3.0.14": 2915.357587056605,
  "3.0.15": 3330.867368881029,
  "3.0.16": 2860.1784690435143,
  "3.0.17": 2769.770679643057,
  "3.0.18": 6914.309284699385,
  "3.0.19": 6794.500619057783,
  "3.0.21": 8353.681008208998,
  "3.0.22": 6465.591712673829,
  "lastVersion": 6465.591712673829
}