{
    "3.0.5": 2489.146841621535,
    "3.0.7": 5422.4377543665805,
    "3.0.8": 3028.8111358259453,
    "3.0.9": 3401.945274973233,
    "3.0.10": 3932.807432579134,
    "3.0.11": 2725.9061977465694,
    "lastVersion": 2725.9061977465694
}