{
    "1.0.0": 1446.7463467718633,
    "1.1.0": 1195.7004343812123,
    "1.1.1": 1256.8507427116945,
    "1.2.0": 1401.547928846189,
    "1.2.1": 1329.1565197814837,
    "1.2.2": 360.41794749596176,
    "1.3.0": 1331.89243594383,
    "1.4.0": 1235.1923224597733,
    "1.4.1": 406.07421263642743,
    "1.4.2": 1773.3328289433553,
    "lastPublished": 1773.3328289433553,
    "lastRan": 1773.3328289433553
}