{
    "1.0.0": 1446.7463467718633,
    "lastPublished": 1256.8507427116945,
    "lastRan": 1256.8507427116945,
    "1.1.0": 1195.7004343812123,
    "1.1.1": 1256.8507427116945
}