{
    "2.0.5": 442179.8575862682,
    "2.0.7": 666664.0115300794,
    "2.0.8": 480521.1246826424,
    "2.0.9": 468391.68208240625,
    "lastVersion": 468391.68208240625
}