{
    "1.0.0": 199467.210184649,
    "1.1.4": 99003.46415417756,
    "1.1.6": 398827.09292364004,
    "1.1.8": 478282.74191154866,
    "1.1.9": 508360.9792747327,
    "1.1.10": 531859.9513530997,
    "1.1.12": 412396.71366657305,
    "lastPublished": 412396.71366657305,
    "lastRan": 412396.71366657305
}