{
    "1.0.0": 199467.210184649,
    "1.1.4": 99003.46415417756,
    "lastPublished": 99003.46415417756,
    "lastRan": 99003.46415417756
}