{
    "1.0.0": 199467.210184649,
    "1.1.4": 99003.46415417756,
    "1.1.6": 398827.09292364004,
    "1.1.8": 478282.74191154866,
    "lastPublished": 478282.74191154866,
    "lastRan": 478282.74191154866
}