{
    "2.0.5": 442179.8575862682,
    "2.0.7": 666664.0115300794,
    "2.0.8": 480521.1246826424,
    "lastVersion": 480521.1246826424
}