{
    "1.0.0": 199467.210184649,
    "1.1.4": 99003.46415417756,
    "1.1.6": 398827.09292364004,
    "lastPublished": 398827.09292364004,
    "lastRan": 398827.09292364004
}