{
    "2.0.5": 442179.8575862682,
    "lastPublished": 442179.8575862682,
    "lastRan": 442179.8575862682
}