{
    "1.0.0": 199467.210184649,
    "lastPublished": 199467.210184649,
    "lastRan": 199467.210184649
}