{
    "1.4.4": 1730.9361547185388,
    "lastPublished": 1733.8086368378524,
    "lastRan": 1733.8086368378524,
    "1.4.5": 2104.0642410411524,
    "1.4.6": 1726.2488566666057,
    "1.4.7": 2363.396112280329,
    "1.4.8": 1733.8086368378524
}