{
    "1.4.4": 1730.9361547185388,
    "lastPublished": 1630.320547233809,
    "lastRan": 1630.320547233809,
    "1.4.5": 2104.0642410411524,
    "1.4.6": 1726.2488566666057,
    "1.4.7": 2363.396112280329,
    "1.4.8": 1733.8086368378524,
    "1.4.9": 768.4266101930516,
    "1.4.10": 1750.9679868284124,
    "1.4.11": 1697.0449259274449,
    "1.4.12": 2003.27662665555,
    "1.4.13": 2168.1101877129286,
    "1.4.14": 1652.8805862992238,
    "1.4.15": 1440.2820609540142,
    "1.4.16": 2170.005843725954,
    "1.4.17": 1570.3154039093988,
    "1.4.18": 437.82680481461335,
    "1.4.19": 1830.065490725574,
    "1.4.20": 1630.320547233809
}