{
    "3.0.5": 74986.12155846911,
    "3.0.7": 109849.3429854172,
    "3.0.8": 39864.082151213,
    "lastVersion": 39864.082151213
}