{
    "1.4.4": 1730.9361547185388,
    "lastPublished": 1730.9361547185388,
    "lastRan": 1730.9361547185388
}