{
    "3.0.5": 74986.12155846911,
    "3.0.7": 109849.3429854172,
    "lastPublished": 109849.3429854172,
    "lastRan": 109849.3429854172
}