{
    "last": 2268.9803530551485,
    "1.4.4": 2268.9803530551485,
    "lastRan": 2268.9803530551485
}