{
    "1.4.4": 1730.9361547185388,
    "1.4.5": 2104.0642410411524,
    "1.4.6": 1726.2488566666057,
    "1.4.7": 2363.396112280329,
    "1.4.8": 1733.8086368378524,
    "1.4.9": 768.4266101930516,
    "1.4.10": 1750.9679868284124,
    "1.4.11": 1697.0449259274449,
    "1.4.12": 2003.27662665555,
    "1.4.13": 2168.1101877129286,
    "1.4.14": 1652.8805862992238,
    "1.4.15": 1440.2820609540142,
    "1.4.16": 2170.005843725954,
    "1.4.17": 1570.3154039093988,
    "1.4.18": 437.82680481461335,
    "1.4.19": 1830.065490725574,
    "1.4.20": 1630.320547233809,
    "1.4.21": 1886.5165394084515,
    "1.4.22": 515.4432181639345,
    "1.4.23": 10191.978003653496,
    "1.4.24": 9422.00272369016,
    "1.4.25": 11149.589320907317,
    "1.4.26": 14303.323221991091,
    "1.4.27": 9560.888452603407,
    "1.4.28": 9225.69089107986,
    "1.4.29": 10174.308017231388,
    "1.4.30": 14494.18443150333,
    "1.4.31": 10946.503224519207,
    "1.4.32": 13280.308764955076,
    "lastPublished": 13280.308764955076,
    "lastRan": 13280.308764955076
}