{
    "1.4.4": 1730.9361547185388,
    "lastPublished": 2104.0642410411524,
    "lastRan": 2104.0642410411524,
    "1.4.5": 2104.0642410411524
}