{
    "3.0.5": 74986.12155846911,
    "lastPublished": 74986.12155846911,
    "lastRan": 74986.12155846911
}