{
    "3.0.5": 74986.12155846911,
    "3.0.7": 109849.3429854172,
    "3.0.8": 39864.082151213,
    "3.0.9": 42740.12760683144,
    "3.0.10": 59820.850909524605,
    "3.0.11": 64872.181352506384,
    "3.0.12": 65018.322055576,
    "3.1.0": 68445.64296738338,
    "3.1.1": 61226.85329857942,
    "3.1.2": 74642.79464262811,
    "lastVersion": 74642.79464262811
}