{
    "3.0.5": 74986.12155846911,
    "3.0.7": 109849.3429854172,
    "3.0.8": 39864.082151213,
    "3.0.9": 42740.12760683144,
    "3.0.10": 59820.850909524605,
    "lastVersion": 59820.850909524605
}