{
    "5.0.5": 6.773020416495399,
    "5.0.7": 8.747356153811113,
    "lastPublished": 8.747356153811113,
    "lastRan": 8.747356153811113
}