{
    "1.4.1": 0.2606296620227227,
    "lastPublished": 15.289786471127753,
    "lastRan": 15.289786471127753,
    "1.5.0": 0.2633135426563963,
    "1.5.1": 0.23517271377854132,
    "1.6.0": 0.2514623426786499,
    "1.6.1": 0.24034256026652975,
    "1.6.2": 0.2563144584213698,
    "1.7.0": 0.2359479882930991,
    "1.7.1": 0.24626476511342404,
    "1.7.2": 0.21310246927900311,
    "1.7.3": 12.897698546279328,
    "1.8.0": 9.949593891439134,
    "1.8.1": 12.709812123597322,
    "1.8.2": 15.289786471127753
}