{
    "5.0.5": 6.773020416495399,
    "5.0.7": 8.747356153811113,
    "5.0.8": 4.803840859907383,
    "5.0.9": 4.936752654741147,
    "5.0.10": 6.36902994522682,
    "5.0.11": 4.645041025487418,
    "5.0.12": 4.632656908883543,
    "5.0.13": 4.723919469422576,
    "5.0.14": 4.349890317664265,
    "5.0.15": 6.108300966767633,
    "5.0.16": 3.9706987428986844,
    "lastVersion": 3.9706987428986844
}