{
    "1.4.1": 0.2084459176137515,
    "lastPublished": 0.2084459176137515,
    "lastRan": 0.2084459176137515
}