{
    "5.0.5": 6.773020416495399,
    "lastPublished": 6.773020416495399,
    "lastRan": 6.773020416495399
}