{
    "1.4.1": 0.2606296620227227,
    "lastPublished": 0.2359479882930991,
    "lastRan": 0.2359479882930991,
    "1.5.0": 0.2633135426563963,
    "1.5.1": 0.23517271377854132,
    "1.6.0": 0.2514623426786499,
    "1.6.1": 0.24034256026652975,
    "1.6.2": 0.2563144584213698,
    "1.7.0": 0.2359479882930991
}