{
    "1.4.1": 0.2606296620227227,
    "1.5.0": 0.2633135426563963,
    "1.5.1": 0.23517271377854132,
    "1.6.0": 0.2514623426786499,
    "1.6.1": 0.24034256026652975,
    "1.6.2": 0.2563144584213698,
    "1.7.0": 0.2359479882930991,
    "1.7.1": 0.24626476511342404,
    "1.7.2": 0.21310246927900311,
    "1.7.3": 12.897698546279328,
    "1.8.0": 9.949593891439134,
    "1.8.1": 12.709812123597322,
    "1.8.2": 15.289786471127753,
    "1.8.3": 13.523670386094071,
    "1.8.4": 13.159143653082019,
    "1.8.5": 13.320359595894839,
    "1.8.6": 12.629373807804251,
    "1.9.0": 13.879171335076578,
    "1.9.1": 5.390615710428248,
    "1.9.2": 5.957002980678504,
    "1.9.3": 14.720194127126739,
    "1.9.4": 14.828667366428784,
    "1.9.5": 15.637812760808842,
    "1.9.6": 14.162734746143975,
    "1.9.7": 15.430374654757301,
    "1.9.8": 15.383374371229008,
    "1.9.9": 14.832245119937351,
    "1.9.10": 13.701969361397937,
    "1.9.11": 14.595084651302601,
    "1.9.12": 15.091483478715421,
    "1.9.13": 14.931945859578633,
    "1.9.14": 4.817090528510395,
    "1.9.15": 7.217987327637693,
    "1.9.16": 13.37179370537159,
    "1.9.17": 9.180068041271483,
    "1.9.18": 13.778681074502483,
    "1.9.19": 10.382255640573543,
    "1.9.20": 24.34717508583764,
    "1.9.21": 13.438862864060592,
    "1.9.22": 7.622966215139664,
    "1.9.23": 13.302604902308996,
    "1.9.24": 5.170052894741219,
    "1.9.25": 7.122144493487184,
    "1.9.27": 14.660366485588268,
    "1.9.34": 10.806881492768737,
    "1.9.35": 7.904039734632111,
    "2.0.3": 12.699703219262528,
    "2.0.4": 11.931661946196094,
    "2.0.5": 12.975346820350916,
    "2.0.10": 12.54885170715997,
    "3.0.3": 10.364636283076878,
    "4.0.0": 0.9053166181261784,
    "4.0.4": 0.28137104692877013,
    "4.0.5": 0.6889876915917853,
    "4.1.0": 0.6241501558474852,
    "4.1.2": 0.6720073911243639,
    "lastPublished": 0.6720073911243639,
    "lastRan": 0.6720073911243639
}