{
    "1.4.1": 0.2606296620227227,
    "lastPublished": 0.2633135426563963,
    "lastRan": 0.2633135426563963,
    "1.5.0": 0.2633135426563963
}