{
    "last": 0.27160002516797926,
    "1.4.1": 0.27160002516797926
}