{
    "1.4.1": 0.2606296620227227,
    "lastPublished": 0.2606296620227227,
    "lastRan": 0.2606296620227227
}