{
    "5.0.5": 6.773020416495399,
    "5.0.7": 8.747356153811113,
    "5.0.8": 4.803840859907383,
    "5.0.9": 4.936752654741147,
    "5.0.10": 6.36902994522682,
    "lastVersion": 6.36902994522682
}