{
  "4.0.5": 1888915.692682726,
  "4.0.7": 1652664.4119856756,
  "4.0.8": 1301256.6073427803,
  "4.0.9": 1905156.6825560073,
  "4.0.10": 1740449.2237164748,
  "4.0.11": 1563874.285391082,
  "4.0.12": 1338870.126954887,
  "4.0.13": 1582871.072906798,
  "4.0.14": 1836842.6840615764,
  "4.0.15": 1972842.2858847915,
  "4.1.1": 1637539.8702599076,
  "lastVersion": 1637539.8702599076
}