{
    "4.0.5": 1888915.692682726,
    "4.0.7": 1652664.4119856756,
    "4.0.8": 1301256.6073427803,
    "4.0.9": 1905156.6825560073,
    "lastVersion": 1905156.6825560073
}