{
    "4.0.5": 1888915.692682726,
    "lastPublished": 1888915.692682726,
    "lastRan": 1888915.692682726
}