{
    "4.0.5": 1888915.692682726,
    "4.0.7": 1652664.4119856756,
    "4.0.8": 1301256.6073427803,
    "lastVersion": 1301256.6073427803
}