{
    "4.0.5": 1888915.692682726,
    "4.0.7": 1652664.4119856756,
    "lastPublished": 1652664.4119856756,
    "lastRan": 1652664.4119856756
}