{
    "1.0.0": 1297739.137022341,
    "1.1.0": 1159608.9804207797,
    "1.2.0": 534493.7257032606,
    "1.2.1": 915100.525918364,
    "1.2.2": 541894.7424723533,
    "1.2.3": 258228.17394361578,
    "lastPublished": 258228.17394361578,
    "lastRan": 258228.17394361578
}