{
    "1.0.0": 1297739.137022341,
    "lastPublished": 1297739.137022341,
    "lastRan": 1297739.137022341
}