{
    "3.0.5": 754526.7447651154,
    "3.0.7": 1073171.7573654922,
    "3.0.8": 592193.9990084756,
    "lastVersion": 592193.9990084756
}