{
    "3.0.5": 754526.7447651154,
    "3.0.7": 1073171.7573654922,
    "lastPublished": 1073171.7573654922,
    "lastRan": 1073171.7573654922
}