{
    "1.0.0": 1297739.137022341,
    "1.1.0": 1159608.9804207797,
    "1.2.0": 534493.7257032606,
    "1.2.1": 915100.525918364,
    "1.2.2": 541894.7424723533,
    "1.2.3": 258228.17394361578,
    "1.2.4": 236681.8449240147,
    "1.2.11": 374780.94027209654,
    "1.3.0": 369363.03361701284,
    "2.0.4": 66021.9459563215,
    "2.0.6": 260973.13563919402,
    "2.0.8": 327303.9506050574,
    "2.0.9": 362849.8948546525,
    "2.0.10": 359284.11686077225,
    "2.0.12": 280196.03087767214,
    "2.0.16": 315887.7049313573,
    "lastPublished": 315887.7049313573,
    "lastRan": 315887.7049313573
}