{
    "3.0.5": 754526.7447651154,
    "lastPublished": 754526.7447651154,
    "lastRan": 754526.7447651154
}