{
    "1.0.0": 1297739.137022341,
    "1.1.0": 1159608.9804207797,
    "1.2.0": 534493.7257032606,
    "1.2.1": 915100.525918364,
    "1.2.2": 541894.7424723533,
    "1.2.3": 258228.17394361578,
    "1.2.4": 236681.8449240147,
    "1.2.11": 374780.94027209654,
    "1.3.0": 369363.03361701284,
    "2.0.4": 66021.9459563215,
    "lastPublished": 66021.9459563215,
    "lastRan": 66021.9459563215
}