{
    "3.0.5": 754526.7447651154,
    "3.0.7": 1073171.7573654922,
    "3.0.8": 592193.9990084756,
    "3.0.9": 937723.2264516321,
    "3.0.10": 954336.4967518959,
    "3.0.11": 568180.322057335,
    "lastVersion": 568180.322057335
}