{
    "1.0.0": 1297739.137022341,
    "1.1.0": 1159608.9804207797,
    "1.2.0": 534493.7257032606,
    "1.2.1": 915100.525918364,
    "lastPublished": 915100.525918364,
    "lastRan": 915100.525918364
}