{
  "3.0.5": 754526.7447651154,
  "3.0.7": 1073171.7573654922,
  "3.0.8": 592193.9990084756,
  "3.0.9": 937723.2264516321,
  "3.0.10": 954336.4967518959,
  "3.0.11": 568180.322057335,
  "3.0.12": 631905.7353674435,
  "3.0.13": 805652.1251732061,
  "3.0.14": 677865.5161562616,
  "4.1.19": 816053.8854755271,
  "lastVersion": 816053.8854755271
}