{
    "3.0.5": 754526.7447651154,
    "3.0.7": 1073171.7573654922,
    "3.0.8": 592193.9990084756,
    "3.0.9": 937723.2264516321,
    "lastVersion": 937723.2264516321
}