{
    "1.0.0": 1297739.137022341,
    "1.1.0": 1159608.9804207797,
    "lastPublished": 1159608.9804207797,
    "lastRan": 1159608.9804207797
}