{
    "last": 4614.038633697663,
    "1.8.27": 846.2798192312142,
    "2.0.17": 4614.038633697663,
    "lastRan": 4614.038633697663
}