{
    "2.0.17": 5780.160956483334,
    "2.0.18": 6450.783683188027,
    "2.0.19": 5455.811397270772,
    "2.0.20": 6638.320721186208,
    "2.0.21": 5516.411618027881,
    "2.0.22": 2469.0591110142695,
    "2.0.23": 5217.984928718204,
    "2.0.24": 5908.585271995683,
    "2.0.25": 5349.506345872314,
    "2.0.26": 5435.38453717827,
    "2.0.27": 6103.289224240443,
    "2.0.28": 5443.043177089433,
    "2.0.29": 5867.374903466593,
    "2.0.30": 5768.497433388383,
    "2.0.31": 849.1753305408306,
    "2.0.32": 5361.453859860353,
    "2.0.33": 5799.2452287164,
    "2.0.34": 1955.4304936625997,
    "2.0.35": 277926.0790166926,
    "2.0.36": 278447.8847142537,
    "2.0.37": 302273.04381462716,
    "2.0.38": 284241.82982449123,
    "2.0.39": 304636.640083073,
    "2.0.40": 108311.9448555156,
    "2.0.41": 122153.07049936726,
    "2.0.42": 273755.66561570077,
    "2.0.43": 290191.6136351682,
    "lastPublished": 290191.6136351682,
    "lastRan": 290191.6136351682
}