{
    "5.0.5": 550185.5304339057,
    "5.0.7": 846479.8509315236,
    "5.0.8": 587674.1261864892,
    "lastVersion": 587674.1261864892
}