{
    "2.0.17": 5780.160956483334,
    "lastPublished": 5217.984928718204,
    "lastRan": 5217.984928718204,
    "2.0.18": 6450.783683188027,
    "2.0.19": 5455.811397270772,
    "2.0.20": 6638.320721186208,
    "2.0.21": 5516.411618027881,
    "2.0.22": 2469.0591110142695,
    "2.0.23": 5217.984928718204
}