{
  "5.0.5": 550185.5304339057,
  "5.0.7": 846479.8509315236,
  "5.0.8": 587674.1261864892,
  "5.0.9": 637404.6818464966,
  "5.0.10": 762335.2877529722,
  "5.0.11": 488933.8075295359,
  "5.0.12": 424465.175302453,
  "5.1.0": 491191.57808512,
  "5.1.1": 568970.5942601931,
  "5.1.2": 600307.5755821761,
  "5.1.3": 863665.4982263036,
  "5.1.4": 687015.0576621201,
  "lastVersion": 687015.0576621201
}