{
    "2.0.17": 5780.160956483334,
    "lastPublished": 6103.289224240443,
    "lastRan": 6103.289224240443,
    "2.0.18": 6450.783683188027,
    "2.0.19": 5455.811397270772,
    "2.0.20": 6638.320721186208,
    "2.0.21": 5516.411618027881,
    "2.0.22": 2469.0591110142695,
    "2.0.23": 5217.984928718204,
    "2.0.24": 5908.585271995683,
    "2.0.25": 5349.506345872314,
    "2.0.26": 5435.38453717827,
    "2.0.27": 6103.289224240443
}