{
    "5.0.5": 550185.5304339057,
    "5.0.7": 846479.8509315236,
    "lastPublished": 846479.8509315236,
    "lastRan": 846479.8509315236
}