{
    "2.0.17": 5780.160956483334,
    "lastPublished": 5780.160956483334,
    "lastRan": 5780.160956483334
}