{
    "2.0.17": 5780.160956483334,
    "lastPublished": 5455.811397270772,
    "lastRan": 5455.811397270772,
    "2.0.18": 6450.783683188027,
    "2.0.19": 5455.811397270772
}