{
    "2.0.17": 5780.160956483334,
    "lastPublished": 6450.783683188027,
    "lastRan": 6450.783683188027,
    "2.0.18": 6450.783683188027
}