{
    "2.0.17": 5780.160956483334,
    "lastPublished": 5516.411618027881,
    "lastRan": 5516.411618027881,
    "2.0.18": 6450.783683188027,
    "2.0.19": 5455.811397270772,
    "2.0.20": 6638.320721186208,
    "2.0.21": 5516.411618027881
}