{
    "5.0.5": 550185.5304339057,
    "lastPublished": 550185.5304339057,
    "lastRan": 550185.5304339057
}