{
    "1.8.26": 79591.27051670449,
    "lastPublished": 79591.27051670449,
    "lastRan": 79591.27051670449
}