{
    "3.0.5": 117332.3810246009,
    "3.0.7": 174118.70299072255,
    "3.0.8": 113991.95161949248,
    "3.0.9": 108976.84853465638,
    "3.0.10": 104644.69505509592,
    "3.0.11": 117967.02416593884,
    "3.0.12": 102677.81510671532,
    "3.1.0": 112895.56893240739,
    "3.1.1": 113627.93585605935,
    "3.1.2": 92209.21402636092,
    "lastVersion": 92209.21402636092
}