{
    "1.8.26": 72238.38912632583,
    "lastPublished": 80585.28795422506,
    "lastRan": 80585.28795422506,
    "1.8.27": 80585.28795422506
}