{
    "1.8.26": 72238.38912632583,
    "1.8.27": 80585.28795422506,
    "1.8.28": 71547.6435919702,
    "1.8.29": 78707.63009148529,
    "1.8.30": 74064.50340322193,
    "1.8.31": 80764.31768208956,
    "1.8.32": 72808.82803410148,
    "1.8.33": 76267.05176744096,
    "1.8.34": 70245.56567402351,
    "1.8.35": 72547.134328273,
    "1.8.36": 77591.47943766663,
    "1.8.37": 69789.4620126153,
    "1.8.38": 78199.94760772653,
    "1.8.39": 71199.4973474818,
    "1.8.40": 13676.084430947387,
    "1.8.41": 37297.88499755755,
    "1.8.42": 72306.95705840472,
    "1.8.43": 17102.328381041058,
    "1.8.44": 74315.88797792685,
    "1.8.45": 71454.94845207782,
    "1.8.46": 75490.80123599709,
    "1.8.47": 75557.00377694848,
    "1.8.48": 77556.04015902773,
    "1.8.49": 78597.73622389509,
    "1.8.50": 79030.23469518623,
    "1.8.51": 31645.04128986858,
    "1.8.52": 34196.663152555666,
    "1.8.53": 71806.33701015843,
    "lastPublished": 71806.33701015843,
    "lastRan": 71806.33701015843
}