{
    "1.8.26": 72238.38912632583,
    "lastPublished": 71547.6435919702,
    "lastRan": 71547.6435919702,
    "1.8.27": 80585.28795422506,
    "1.8.28": 71547.6435919702
}