{
    "1.8.26": 72238.38912632583,
    "lastPublished": 74064.50340322193,
    "lastRan": 74064.50340322193,
    "1.8.27": 80585.28795422506,
    "1.8.28": 71547.6435919702,
    "1.8.29": 78707.63009148529,
    "1.8.30": 74064.50340322193
}