{
    "3.0.5": 117332.3810246009,
    "lastPublished": 117332.3810246009,
    "lastRan": 117332.3810246009
}