{
    "1.8.26": 72238.38912632583,
    "lastPublished": 72306.95705840472,
    "lastRan": 72306.95705840472,
    "1.8.27": 80585.28795422506,
    "1.8.28": 71547.6435919702,
    "1.8.29": 78707.63009148529,
    "1.8.30": 74064.50340322193,
    "1.8.31": 80764.31768208956,
    "1.8.32": 72808.82803410148,
    "1.8.33": 76267.05176744096,
    "1.8.34": 70245.56567402351,
    "1.8.35": 72547.134328273,
    "1.8.36": 77591.47943766663,
    "1.8.37": 69789.4620126153,
    "1.8.38": 78199.94760772653,
    "1.8.39": 71199.4973474818,
    "1.8.40": 13676.084430947387,
    "1.8.41": 37297.88499755755,
    "1.8.42": 72306.95705840472
}