{
    "1.8.26": 72238.38912632583,
    "lastPublished": 72238.38912632583,
    "lastRan": 72238.38912632583
}