{
    "1.8.26": 72238.38912632583,
    "lastPublished": 72808.82803410148,
    "lastRan": 72808.82803410148,
    "1.8.27": 80585.28795422506,
    "1.8.28": 71547.6435919702,
    "1.8.29": 78707.63009148529,
    "1.8.30": 74064.50340322193,
    "1.8.31": 80764.31768208956,
    "1.8.32": 72808.82803410148
}