{
    "3.0.5": 117332.3810246009,
    "3.0.7": 174118.70299072255,
    "lastPublished": 174118.70299072255,
    "lastRan": 174118.70299072255
}