{
    "3.0.5": 117332.3810246009,
    "3.0.7": 174118.70299072255,
    "3.0.8": 113991.95161949248,
    "3.0.9": 108976.84853465638,
    "lastVersion": 108976.84853465638
}