{
    "10.0.5": 246168.78787564655,
    "lastPublished": 246168.78787564655,
    "lastRan": 246168.78787564655
}