{
    "last": 2544.502182949638,
    "5.0.18": 2544.502182949638
}