{
    "5.0.18": 2173.568824436858,
    "5.0.19": 2733.4976630340166,
    "5.0.20": 2059.9559418013127,
    "5.0.21": 2791.1028143676303,
    "5.0.22": 2280.7927931133154,
    "5.0.23": 2718.3592722530466,
    "5.0.24": 2130.0512888443213,
    "5.0.25": 2322.91331227509,
    "5.0.26": 2216.566753740435,
    "5.0.27": 2292.177948681395,
    "5.0.28": 2085.688440507059,
    "5.0.29": 2058.6491736341404,
    "5.0.30": 1690.1653047353811,
    "5.0.31": 2147.6679229909014,
    "5.0.32": 527.5985882113204,
    "5.0.33": 2210.732796742857,
    "5.1.0": 9130.489055606817,
    "5.1.1": 2414.741227039189,
    "5.1.2": 186009.0880632454,
    "5.1.3": 169970.98929805247,
    "5.1.4": 178521.6099057508,
    "5.2.0": 185214.1760548781,
    "5.2.1": 185762.78394335436,
    "5.2.2": 177468.63279164417,
    "5.2.3": 179639.5223521149,
    "5.2.4": 223271.76265843565,
    "5.2.5": 66286.2871315691,
    "5.2.6": 106725.24527506458,
    "5.2.7": 214010.60167847315,
    "5.2.8": 123474.74282008503,
    "5.2.9": 205235.04770858714,
    "5.2.10": 132097.83896136962,
    "5.2.11": 299203.46847704606,
    "5.2.12": 208657.54587665002,
    "5.2.13": 200030.16179251316,
    "5.2.14": 299717.874899291,
    "5.2.15": 99092.20481853212,
    "5.2.16": 431542.4461823813,
    "5.2.17": 245437.11580878982,
    "lastPublished": 245437.11580878982,
    "lastRan": 245437.11580878982
}