{
    "10.0.5": 246168.78787564655,
    "10.0.7": 313407.8819213845,
    "10.0.8": 182684.67144187406,
    "10.0.9": 232192.57250271228,
    "lastVersion": 232192.57250271228
}