{
    "5.0.18": 2173.568824436858,
    "lastPublished": 2173.568824436858,
    "lastRan": 2173.568824436858
}