{
    "5.0.18": 2173.568824436858,
    "lastPublished": 2718.3592722530466,
    "lastRan": 2718.3592722530466,
    "5.0.19": 2733.4976630340166,
    "5.0.20": 2059.9559418013127,
    "5.0.21": 2791.1028143676303,
    "5.0.22": 2280.7927931133154,
    "5.0.23": 2718.3592722530466
}