{
  "10.0.5": 246168.78787564655,
  "10.0.7": 313407.8819213845,
  "10.0.8": 182684.67144187406,
  "10.0.9": 232192.57250271228,
  "10.0.10": 228275.4474404886,
  "10.0.11": 176057.33046704784,
  "10.0.12": 139523.7022173213,
  "10.1.0": 151508.14360614688,
  "10.1.1": 223934.9812998409,
  "10.1.2": 167800.12653589947,
  "10.1.4": 262246.3980537592,
  "10.1.5": 257059.774433931,
  "10.1.6": 266476.11842993874,
  "11.0.33": 179535.77981589682,
  "lastVersion": 179535.77981589682
}