{
    "10.0.5": 246168.78787564655,
    "10.0.7": 313407.8819213845,
    "10.0.8": 182684.67144187406,
    "lastVersion": 182684.67144187406
}