{
    "5.0.18": 2173.568824436858,
    "lastPublished": 2733.4976630340166,
    "lastRan": 2733.4976630340166,
    "5.0.19": 2733.4976630340166
}