{
    "10.0.5": 246168.78787564655,
    "10.0.7": 313407.8819213845,
    "lastPublished": 313407.8819213845,
    "lastRan": 313407.8819213845
}