{
    "5.0.18": 2173.568824436858,
    "lastPublished": 2058.6491736341404,
    "lastRan": 2058.6491736341404,
    "5.0.19": 2733.4976630340166,
    "5.0.20": 2059.9559418013127,
    "5.0.21": 2791.1028143676303,
    "5.0.22": 2280.7927931133154,
    "5.0.23": 2718.3592722530466,
    "5.0.24": 2130.0512888443213,
    "5.0.25": 2322.91331227509,
    "5.0.26": 2216.566753740435,
    "5.0.27": 2292.177948681395,
    "5.0.28": 2085.688440507059,
    "5.0.29": 2058.6491736341404
}