{
    "10.0.5": 246168.78787564655,
    "10.0.7": 313407.8819213845,
    "10.0.8": 182684.67144187406,
    "10.0.9": 232192.57250271228,
    "10.0.10": 228275.4474404886,
    "10.0.11": 176057.33046704784,
    "10.0.12": 139523.7022173213,
    "lastVersion": 139523.7022173213
}