{
    "5.0.18": 2173.568824436858,
    "lastPublished": 2059.9559418013127,
    "lastRan": 2059.9559418013127,
    "5.0.19": 2733.4976630340166,
    "5.0.20": 2059.9559418013127
}