{
  "5.0.5": 185248.5020689525,
  "5.0.7": 224684.99461170178,
  "5.0.8": 213316.23046152698,
  "5.0.9": 210654.10410619262,
  "5.0.10": 175801.6216405838,
  "5.0.11": 125672.19778199522,
  "5.0.12": 132970.0570000124,
  "5.0.13": 166493.66443945098,
  "5.0.14": 229525.90368438725,
  "lastVersion": 229525.90368438725
}