{
    "3.9.25": 122047.72479383365,
    "3.9.26": 103104.56849655122,
    "3.9.27": 125706.19101769249,
    "3.9.28": 134393.7925197238,
    "3.9.29": 128634.96413917812,
    "3.9.30": 129660.99592005402,
    "3.9.31": 125821.91434842943,
    "3.9.32": 122535.81486000895,
    "3.9.33": 123403.30562767257,
    "3.9.34": 130922.5402424272,
    "3.9.35": 132356.53184199345,
    "3.9.36": 124826.70265858684,
    "3.9.37": 95224.92014588746,
    "3.9.38": 130723.72344299399,
    "3.9.39": 43331.535981904846,
    "3.9.40": 141135.51484804822,
    "3.9.41": 128373.88460227773,
    "3.9.42": 57297.27131288317,
    "3.9.43": 134560.2360904145,
    "3.9.44": 134780.1411437898,
    "3.9.45": 132232.79022988438,
    "3.9.46": 129411.26779574422,
    "3.9.47": 133768.2060845167,
    "3.9.48": 147625.25502755525,
    "3.9.49": 50627.83630140828,
    "3.9.50": 48200.84966917631,
    "3.9.51": 134503.74819339442,
    "3.9.52": 225467.96844531395,
    "3.9.53": 129209.63113014097,
    "3.9.54": 50441.05577942774,
    "3.9.55": 52072.940934939834,
    "3.9.62": 199538.59485157972,
    "3.10.1": 186179.6751398388,
    "4.0.4": 35233.50273263218,
    "4.0.6": 132102.40242933427,
    "4.0.8": 177019.9360671802,
    "4.0.9": 190907.2084032096,
    "4.0.10": 193252.08552488236,
    "4.0.12": 147916.93871496827,
    "lastPublished": 147916.93871496827,
    "lastRan": 147916.93871496827
}