{
    "5.0.5": 185248.5020689525,
    "lastPublished": 185248.5020689525,
    "lastRan": 185248.5020689525
}