{
    "5.0.5": 185248.5020689525,
    "5.0.7": 224684.99461170178,
    "lastPublished": 224684.99461170178,
    "lastRan": 224684.99461170178
}