{
    "5.0.5": 185248.5020689525,
    "5.0.7": 224684.99461170178,
    "5.0.8": 213316.23046152698,
    "5.0.9": 210654.10410619262,
    "5.0.10": 175801.6216405838,
    "lastVersion": 175801.6216405838
}