{
    "3.9.25": 122047.72479383365,
    "lastPublished": 134393.7925197238,
    "lastRan": 134393.7925197238,
    "3.9.26": 103104.56849655122,
    "3.9.27": 125706.19101769249,
    "3.9.28": 134393.7925197238
}