{
    "5.0.5": 185248.5020689525,
    "5.0.7": 224684.99461170178,
    "5.0.8": 213316.23046152698,
    "lastVersion": 213316.23046152698
}