{
    "3.9.25": 122047.72479383365,
    "lastPublished": 103104.56849655122,
    "lastRan": 103104.56849655122,
    "3.9.26": 103104.56849655122
}