{
    "3.9.25": 139455.6040685047,
    "lastPublished": 139455.6040685047,
    "lastRan": 139455.6040685047
}