{
    "3.9.25": 122047.72479383365,
    "lastPublished": 129660.99592005402,
    "lastRan": 129660.99592005402,
    "3.9.26": 103104.56849655122,
    "3.9.27": 125706.19101769249,
    "3.9.28": 134393.7925197238,
    "3.9.29": 128634.96413917812,
    "3.9.30": 129660.99592005402
}