{
    "3.9.25": 122047.72479383365,
    "lastPublished": 122047.72479383365,
    "lastRan": 122047.72479383365
}