{
    "3.9.25": 122047.72479383365,
    "lastPublished": 125706.19101769249,
    "lastRan": 125706.19101769249,
    "3.9.26": 103104.56849655122,
    "3.9.27": 125706.19101769249
}