{
    "3.9.25": 122047.72479383365,
    "lastPublished": 132356.53184199345,
    "lastRan": 132356.53184199345,
    "3.9.26": 103104.56849655122,
    "3.9.27": 125706.19101769249,
    "3.9.28": 134393.7925197238,
    "3.9.29": 128634.96413917812,
    "3.9.30": 129660.99592005402,
    "3.9.31": 125821.91434842943,
    "3.9.32": 122535.81486000895,
    "3.9.33": 123403.30562767257,
    "3.9.34": 130922.5402424272,
    "3.9.35": 132356.53184199345
}