{
  "1.0.0": 55262.041475802536,
  "1.0.2": 38620.84184694474,
  "lastVersion": 38620.84184694474
}