{
  "1.0.0": 55262.041475802536,
  "1.0.2": 38620.84184694474,
  "1.0.3": 32655.703150794245,
  "1.0.5": 42422.6196181392,
  "1.0.6": 47695.721050748,
  "1.0.7": 49694.40590037286,
  "1.0.8": 47537.018513583476,
  "2.0.37": 25777.0923396038,
  "lastVersion": 25777.0923396038
}