{
  "1.0.0": 55262.041475802536,
  "lastVersion": 55262.041475802536
}