{
    "4.0.18": 687.7308354237026,
    "4.0.19": 1325.802552933695,
    "4.0.20": 677.7287873568538,
    "4.0.21": 1532.6221172519352,
    "4.0.22": 855.9169880683285,
    "4.0.23": 1417.0418514623502,
    "4.0.24": 611.322260974199,
    "4.0.25": 771.183105497408,
    "4.0.26": 1226.638467475352,
    "4.0.27": 1290.0315545368164,
    "4.0.28": 1046.8562973334,
    "4.0.29": 668.9027149399913,
    "4.0.30": 1350.7865075058214,
    "4.1.0": 1009.9024509528866,
    "4.1.1": 2271.071926735681,
    "4.2.0": 1689.6095484893399,
    "4.2.1": 968.4588290197338,
    "4.2.2": 1236.5315281676037,
    "4.2.3": 542.8640945599296,
    "4.3.0": 7316.50776183502,
    "4.3.1": 3183.588800633077,
    "4.3.2": 3216.1453711775735,
    "4.3.3": 5882.081241291829,
    "4.3.4": 7017.178360873708,
    "4.3.5": 3414.7299785440923,
    "4.3.6": 3080.8193094050525,
    "4.3.7": 3629.774153377965,
    "lastPublished": 3629.774153377965,
    "lastRan": 3629.774153377965
}