{
    "4.0.18": 687.7308354237026,
    "lastPublished": 611.322260974199,
    "lastRan": 611.322260974199,
    "4.0.19": 1325.802552933695,
    "4.0.20": 677.7287873568538,
    "4.0.21": 1532.6221172519352,
    "4.0.22": 855.9169880683285,
    "4.0.23": 1417.0418514623502,
    "4.0.24": 611.322260974199
}