{
    "9.0.5": 11423.84240684683,
    "9.1.1": 7732.677029890116,
    "lastPublished": 7732.677029890116,
    "lastRan": 7732.677029890116
}