{
    "last": 1317.078619875521,
    "4.0.18": 1317.078619875521
}