{
    "4.0.18": 687.7308354237026,
    "lastPublished": 687.7308354237026,
    "lastRan": 687.7308354237026
}