{
    "4.0.18": 687.7308354237026,
    "4.0.19": 1325.802552933695,
    "4.0.20": 677.7287873568538,
    "4.0.21": 1532.6221172519352,
    "4.0.22": 855.9169880683285,
    "4.0.23": 1417.0418514623502,
    "4.0.24": 611.322260974199,
    "4.0.25": 771.183105497408,
    "4.0.26": 1226.638467475352,
    "4.0.27": 1290.0315545368164,
    "4.0.28": 1046.8562973334,
    "4.0.29": 668.9027149399913,
    "4.0.30": 1350.7865075058214,
    "4.1.0": 1009.9024509528866,
    "4.1.1": 2271.071926735681,
    "4.2.0": 1689.6095484893399,
    "4.2.1": 968.4588290197338,
    "4.2.2": 1236.5315281676037,
    "4.2.3": 542.8640945599296,
    "4.3.0": 7316.50776183502,
    "4.3.1": 3183.588800633077,
    "4.3.2": 3216.1453711775735,
    "4.3.3": 5882.081241291829,
    "4.3.4": 7017.178360873708,
    "4.3.5": 3414.7299785440923,
    "4.3.6": 3080.8193094050525,
    "4.3.7": 3629.774153377965,
    "4.3.8": 6844.537898864059,
    "4.3.9": 1270.9181735532163,
    "4.3.10": 2262.079589941029,
    "4.3.11": 3024.0449143991273,
    "4.3.12": 1453.8012485750346,
    "4.3.13": 3272.4632948305843,
    "4.3.14": 2452.854683151273,
    "4.3.15": 10548.029155100026,
    "4.3.16": 12070.315402962557,
    "4.3.17": 3370.1279659078045,
    "4.3.18": 11425.633384327692,
    "4.3.19": 1149.9633018131262,
    "4.3.20": 12995.874149949885,
    "4.3.22": 11609.046575662253,
    "4.4.5": 10945.866934370391,
    "4.4.7": 10948.216785858733,
    "4.5.1": 9619.4882007638,
    "5.0.0": 9294.662791458568,
    "5.0.1": 7795.049302098043,
    "5.0.2": 8973.863896505463,
    "6.0.0": 7648.79780401762,
    "6.0.4": 7812.262856842558,
    "6.0.5": 8641.323879666908,
    "6.1.0": 8579.086841508024,
    "6.1.1": 7591.445020588117,
    "6.2.0": 8093.38816309722,
    "6.3.0": 7832.108251232082,
    "7.0.2": 7216.319473830109,
    "7.0.3": 5711.976333524384,
    "8.0.1": 9688.173402680588,
    "8.1.0": 9336.165767319546,
    "8.2.1": 4734.763890640869,
    "lastPublished": 4734.763890640869,
    "lastRan": 4734.763890640869
}