{
    "9.0.5": 11423.84240684683,
    "lastPublished": 11423.84240684683,
    "lastRan": 11423.84240684683
}