{
    "9.0.5": 11423.84240684683,
    "9.1.1": 7732.677029890116,
    "lastVersion": 7732.677029890116
}