{
    "9.0.5": 11423.84240684683,
    "9.1.1": 7732.677029890116,
    "9.1.2": 5091.033931302501,
    "9.1.3": 5040.922898422041,
    "9.1.4": 6190.05525488842,
    "9.1.5": 4700.450623049325,
    "9.1.6": 6065.593230512332,
    "9.1.7": 5227.782817286939,
    "lastVersion": 5227.782817286939
}