{
    "4.0.18": 687.7308354237026,
    "lastPublished": 1325.802552933695,
    "lastRan": 1325.802552933695,
    "4.0.19": 1325.802552933695
}