{
    "4.0.18": 687.7308354237026,
    "lastPublished": 855.9169880683285,
    "lastRan": 855.9169880683285,
    "4.0.19": 1325.802552933695,
    "4.0.20": 677.7287873568538,
    "4.0.21": 1532.6221172519352,
    "4.0.22": 855.9169880683285
}