{
  "9.0.5": 11423.84240684683,
  "9.1.1": 7732.677029890116,
  "9.1.2": 5091.033931302501,
  "9.1.3": 5040.922898422041,
  "9.1.4": 6190.05525488842,
  "9.1.5": 4700.450623049325,
  "9.1.6": 6065.593230512332,
  "9.1.7": 5227.782817286939,
  "9.1.8": 8853.56891227165,
  "9.1.9": 7968.118074543182,
  "9.1.10": 5081.163753413966,
  "9.1.11": 5065.995739667804,
  "9.1.12": 14115.554374881569,
  "9.1.13": 16350.69212021717,
  "10.1.0": 14853.467774419212,
  "11.0.0": 14987.787752435448,
  "11.0.1": 8706.944254470214,
  "lastVersion": 8706.944254470214
}