{
    "9.0.5": 11423.84240684683,
    "9.1.1": 7732.677029890116,
    "9.1.2": 5091.033931302501,
    "lastVersion": 5091.033931302501
}