{
    "1.7.26": 712598.5483176128,
    "1.7.27": 640426.7540146465,
    "1.7.28": 734973.3060333639,
    "1.7.29": 755056.9580464303,
    "1.7.30": 765451.7770974548,
    "1.7.31": 669859.8215470162,
    "1.7.32": 729882.4638930109,
    "1.7.33": 751563.679222559,
    "1.7.34": 670853.7102293387,
    "1.7.35": 725515.521671393,
    "1.7.36": 558408.3851226433,
    "1.7.37": 696104.4087597129,
    "1.7.38": 747739.165430814,
    "1.7.39": 716242.2846552478,
    "1.7.40": 204160.98850532933,
    "1.7.41": 691485.5124600308,
    "1.7.42": 711012.9081205905,
    "1.7.43": 165707.64555813267,
    "1.7.44": 827511.900668055,
    "1.7.45": 849129.0876072148,
    "1.7.46": 826706.3160077553,
    "1.7.47": 843998.8254665817,
    "1.7.48": 860547.07001952,
    "1.7.49": 801741.525307611,
    "1.7.50": 372284.6571615417,
    "1.7.51": 279381.728760063,
    "1.7.52": 1274956.6034232117,
    "1.7.53": 314362.74553063133,
    "1.7.54": 825620.7093545345,
    "1.7.55": 328988.3374054948,
    "1.7.56": 1283894.5101751802,
    "1.8.0": 3423117.889551582,
    "1.8.1": 1042495.424359939,
    "1.8.2": 1181270.3442460748,
    "1.8.17": 5770834.391944621,
    "1.9.1": 5582200.638607445,
    "2.0.4": 83850.16139559433,
    "2.0.6": 886986.7775348036,
    "2.0.8": 1084675.9769434133,
    "2.0.9": 1315040.0073877894,
    "2.0.10": 1276011.0868043369,
    "2.0.12": 1002281.8598226116,
    "2.0.16": 832064.2938433399,
    "2.1.0": 961211.2962598619,
    "3.0.2": 2055185.9356454988,
    "lastPublished": 2055185.9356454988,
    "lastRan": 2055185.9356454988
}