{
    "3.0.5": 1284748.6586956605,
    "3.0.7": 1582720.0596497606,
    "3.0.8": 1110739.6834103803,
    "3.0.9": 1237098.6536211157,
    "3.0.10": 1153365.2525371306,
    "lastVersion": 1153365.2525371306
}