{
    "1.7.26": 712598.5483176128,
    "lastPublished": 712598.5483176128,
    "lastRan": 712598.5483176128
}