{
    "3.0.5": 1284748.6586956605,
    "3.0.7": 1582720.0596497606,
    "lastPublished": 1582720.0596497606,
    "lastRan": 1582720.0596497606
}