{
  "3.0.5": 1284748.6586956605,
  "3.0.7": 1582720.0596497606,
  "3.0.8": 1110739.6834103803,
  "3.0.9": 1237098.6536211157,
  "3.0.10": 1153365.2525371306,
  "3.0.11": 817302.8650093416,
  "3.0.12": 942634.1505224932,
  "3.0.13": 873869.5408405206,
  "3.0.14": 1224609.2644861208,
  "3.0.15": 775206.4453999021,
  "3.0.16": 724995.4665530801,
  "3.0.17": 957512.904797013,
  "3.0.18": 1184142.6056606304,
  "3.0.19": 1080951.506607572,
  "4.0.30": 2652517.434164937,
  "lastVersion": 2652517.434164937
}