{
    "3.0.5": 1284748.6586956605,
    "3.0.7": 1582720.0596497606,
    "3.0.8": 1110739.6834103803,
    "lastVersion": 1110739.6834103803
}