{
    "3.0.5": 1284748.6586956605,
    "lastPublished": 1284748.6586956605,
    "lastRan": 1284748.6586956605
}