{
    "1.7.26": 712598.5483176128,
    "lastPublished": 755056.9580464303,
    "lastRan": 755056.9580464303,
    "1.7.27": 640426.7540146465,
    "1.7.28": 734973.3060333639,
    "1.7.29": 755056.9580464303
}