{
    "1.7.26": 712598.5483176128,
    "lastPublished": 729882.4638930109,
    "lastRan": 729882.4638930109,
    "1.7.27": 640426.7540146465,
    "1.7.28": 734973.3060333639,
    "1.7.29": 755056.9580464303,
    "1.7.30": 765451.7770974548,
    "1.7.31": 669859.8215470162,
    "1.7.32": 729882.4638930109
}