{
    "last": 723090.613516056,
    "1.7.26": 723090.613516056
}