{
    "1.7.26": 712598.5483176128,
    "lastPublished": 640426.7540146465,
    "lastRan": 640426.7540146465,
    "1.7.27": 640426.7540146465
}