{
    "1.7.26": 712598.5483176128,
    "1.7.27": 640426.7540146465,
    "1.7.28": 734973.3060333639,
    "1.7.29": 755056.9580464303,
    "1.7.30": 765451.7770974548,
    "1.7.31": 669859.8215470162,
    "1.7.32": 729882.4638930109,
    "1.7.33": 751563.679222559,
    "1.7.34": 670853.7102293387,
    "1.7.35": 725515.521671393,
    "1.7.36": 558408.3851226433,
    "1.7.37": 696104.4087597129,
    "1.7.38": 747739.165430814,
    "1.7.39": 716242.2846552478,
    "1.7.40": 204160.98850532933,
    "1.7.41": 691485.5124600308,
    "1.7.42": 711012.9081205905,
    "1.7.43": 165707.64555813267,
    "1.7.44": 827511.900668055,
    "1.7.45": 849129.0876072148,
    "1.7.46": 826706.3160077553,
    "1.7.47": 843998.8254665817,
    "1.7.48": 860547.07001952,
    "lastPublished": 860547.07001952,
    "lastRan": 860547.07001952
}