{
    "0.0.1": 280452.91192753654,
    "1.0.0": 302023.2975926829,
    "lastPublished": 280452.91192753654,
    "lastRan": 280452.91192753654
}