{
    "0.0.1": 280452.91192753654,
    "0.1.0": 86288.68790500388,
    "0.1.1": 249399.86495574465,
    "0.1.2": 190576.92821106574,
    "0.1.3": 11334.458813497966,
    "0.1.4": 11263.287551901336,
    "0.1.5": 11521.439311884878,
    "0.1.6": 10669.892450416713,
    "0.1.7": 10047.918649835721,
    "0.1.8": 10695.821293478193,
    "0.1.9": 11305.68175277374,
    "0.1.10": 10807.503215091952,
    "0.1.11": 3794.4933329309656,
    "0.1.12": 17572.90493955245,
    "0.1.13": 9842.354945210469,
    "0.1.14": 19501.872406275754,
    "0.1.15": 9976.32223102714,
    "0.1.16": 17909.355015590714,
    "0.1.17": 17905.28022981906,
    "0.1.18": 10331.098328579981,
    "0.1.19": 10533.484696485806,
    "0.1.20": 7164.5807348952885,
    "0.1.21": 6794.383780138694,
    "0.1.22": 16225.10537152557,
    "0.1.23": 16494.527753499347,
    "0.1.28": 14255.081632626418,
    "0.1.35": 16380.929899940922,
    "0.1.36": 16830.208273883207,
    "0.1.37": 16629.840785130225,
    "0.2.3": 16459.513931222984,
    "0.3.0": 20555.63602989075,
    "0.3.4": 22119.481034559976,
    "0.3.6": 19995.750373175644,
    "0.3.8": 20786.574463301986,
    "1.0.0": 302023.2975926829,
    "lastPublished": 20786.574463301986,
    "lastRan": 20786.574463301986
}