{
    "0.5.5": 18859.585219217024,
    "0.5.7": 26283.20127466868,
    "0.5.8": 12362.753908553977,
    "0.5.9": 13483.714850803906,
    "0.5.10": 17122.68410143048,
    "0.5.11": 18556.749035918165,
    "0.5.12": 15773.69812397246,
    "0.6.0": 16612.027301987546,
    "0.6.1": 15561.833450882757,
    "lastVersion": 15561.833450882757
}