{
    "0.0.1": 280452.91192753654,
    "0.1.0": 86288.68790500388,
    "0.1.1": 249399.86495574465,
    "0.1.2": 190576.92821106574,
    "0.1.3": 11334.458813497966,
    "0.1.4": 11263.287551901336,
    "0.1.5": 11521.439311884878,
    "0.1.6": 10669.892450416713,
    "0.1.7": 10047.918649835721,
    "0.1.8": 10695.821293478193,
    "1.0.0": 302023.2975926829,
    "lastPublished": 10695.821293478193,
    "lastRan": 10695.821293478193
}