{
    "1.0.0": 302023.2975926829,
    "lastPublished": 302023.2975926829,
    "lastRan": 302023.2975926829
}