{
    "0.5.5": 18859.585219217024,
    "0.5.7": 26283.20127466868,
    "lastPublished": 26283.20127466868,
    "lastRan": 26283.20127466868
}