{
    "0.5.5": 18859.585219217024,
    "0.5.7": 26283.20127466868,
    "0.5.8": 12362.753908553977,
    "0.5.9": 13483.714850803906,
    "0.5.10": 17122.68410143048,
    "lastVersion": 17122.68410143048
}