{
    "0.5.5": 18859.585219217024,
    "lastPublished": 18859.585219217024,
    "lastRan": 18859.585219217024
}