{
    "0.5.5": 18859.585219217024,
    "0.5.7": 26283.20127466868,
    "0.5.8": 12362.753908553977,
    "lastVersion": 12362.753908553977
}