{
    "0.0.1": 280452.91192753654,
    "0.1.0": 86288.68790500388,
    "1.0.0": 302023.2975926829,
    "lastPublished": 86288.68790500388,
    "lastRan": 86288.68790500388
}