{
    "0.0.1": 280452.91192753654,
    "0.1.0": 86288.68790500388,
    "0.1.1": 249399.86495574465,
    "0.1.2": 190576.92821106574,
    "1.0.0": 302023.2975926829,
    "lastPublished": 190576.92821106574,
    "lastRan": 190576.92821106574
}