{
    "lastPublished": 23355.659947710126,
    "lastRan": 23355.659947710126,
    "1.0.1": 176403.87343986734,
    "1.1.0": 24728.453357405593,
    "1.2.0": 22234.296563206473,
    "1.2.1": 23146.57625861135,
    "1.2.2": 23779.79014402307,
    "1.2.3": 21943.840164724876,
    "1.2.4": 23621.170270731865,
    "1.2.5": 21141.08675634665,
    "1.2.6": 22184.772419630175,
    "1.2.7": 19155.775952223365,
    "1.2.8": 20130.74388254001,
    "1.2.9": 23057.68670941965,
    "1.2.10": 20728.392317503287,
    "1.2.11": 8220.415583872376,
    "1.2.12": 21067.126349655588,
    "1.2.13": 23355.659947710126
}