{
    "1.0.0": 139437.66492015988,
    "lastPublished": 139437.66492015988,
    "lastRan": 139437.66492015988
}