{
    "lastPublished": 24728.453357405593,
    "lastRan": 24728.453357405593,
    "1.0.1": 176403.87343986734,
    "1.1.0": 24728.453357405593
}