{
    "lastPublished": 176403.87343986734,
    "lastRan": 176403.87343986734,
    "1.0.1": 176403.87343986734
}