{
    "1.0.1": 176403.87343986734,
    "1.1.0": 24728.453357405593,
    "1.2.0": 22234.296563206473,
    "1.2.1": 23146.57625861135,
    "1.2.2": 23779.79014402307,
    "1.2.3": 21943.840164724876,
    "1.2.4": 23621.170270731865,
    "1.2.5": 21141.08675634665,
    "1.2.6": 22184.772419630175,
    "1.2.7": 19155.775952223365,
    "1.2.8": 20130.74388254001,
    "1.2.9": 23057.68670941965,
    "1.2.10": 20728.392317503287,
    "1.2.11": 8220.415583872376,
    "1.2.12": 21067.126349655588,
    "1.2.13": 23355.659947710126,
    "1.2.14": 7042.186162103239,
    "1.2.15": 10634.432658749662,
    "1.2.16": 22121.568635721902,
    "1.2.17": 22396.38574160693,
    "1.2.18": 22266.7668190974,
    "1.2.19": 24549.734573025842,
    "1.2.20": 23831.17268783078,
    "1.2.21": 21628.906258112136,
    "1.2.22": 23558.585265376158,
    "1.2.23": 23779.581023613962,
    "1.2.24": 23157.531174912416,
    "1.2.25": 13715.40275094807,
    "1.2.26": 8657.486568062499,
    "lastPublished": 8657.486568062499,
    "lastRan": 8657.486568062499
}