{
    "lastPublished": 23779.79014402307,
    "lastRan": 23779.79014402307,
    "1.0.1": 176403.87343986734,
    "1.1.0": 24728.453357405593,
    "1.2.0": 22234.296563206473,
    "1.2.1": 23146.57625861135,
    "1.2.2": 23779.79014402307
}