{
    "2.0.5": 41721.66530689583,
    "2.0.7": 58264.237287279575,
    "2.0.8": 51106.956546866895,
    "2.0.9": 54193.7003731324,
    "2.0.10": 46883.95640047005,
    "2.0.11": 31798.134705067954,
    "2.0.12": 31452.472635206697,
    "lastVersion": 31452.472635206697
}