{
    "1.0.0": 215124.44663161802,
    "lastPublished": 215124.44663161802,
    "lastRan": 215124.44663161802
}