{
    "2.0.5": 41721.66530689583,
    "2.0.7": 58264.237287279575,
    "lastPublished": 58264.237287279575,
    "lastRan": 58264.237287279575
}