{
    "2.0.5": 41721.66530689583,
    "2.0.7": 58264.237287279575,
    "2.0.8": 51106.956546866895,
    "lastVersion": 51106.956546866895
}