{
    "2.0.5": 41721.66530689583,
    "lastPublished": 41721.66530689583,
    "lastRan": 41721.66530689583
}