{
    "2.0.5": 41721.66530689583,
    "2.0.7": 58264.237287279575,
    "2.0.8": 51106.956546866895,
    "2.0.9": 54193.7003731324,
    "lastVersion": 54193.7003731324
}