{
    "4.0.5": 1627495.6340284452,
    "4.0.7": 3334625.271065104,
    "lastPublished": 3334625.271065104,
    "lastRan": 3334625.271065104
}