{
    "2.10.27": 624305.3178080906,
    "lastPublished": 497213.7676294761,
    "lastRan": 497213.7676294761,
    "2.11.0": 497213.7676294761
}