{
    "2.10.27": 562092.2439468082,
    "lastPublished": 562092.2439468082,
    "lastRan": 562092.2439468082
}