{
    "4.0.5": 1627495.6340284452,
    "lastPublished": 1627495.6340284452,
    "lastRan": 1627495.6340284452
}