{
    "2.10.27": 624305.3178080906,
    "lastPublished": 207545.0744291312,
    "lastRan": 207545.0744291312,
    "2.11.0": 497213.7676294761,
    "2.11.1": 626798.3695406746,
    "2.11.2": 682897.4086795497,
    "2.11.3": 673827.6752264826,
    "2.11.4": 227488.49322872984,
    "2.11.5": 653483.4026615354,
    "2.11.6": 674787.3091801036,
    "2.11.7": 611944.3831231502,
    "2.11.8": 626934.0868166123,
    "2.11.9": 554291.7975668252,
    "2.11.10": 615023.1689421156,
    "2.11.11": 656878.9978844563,
    "2.11.12": 613590.3309856176,
    "2.11.13": 207545.0744291312
}