{
    "last": 513611.53455435345,
    "2.10.27": 513611.53455435345
}