{
    "4.0.5": 1627495.6340284452,
    "4.0.7": 3334625.271065104,
    "4.0.8": 2250829.85950262,
    "4.0.9": 1773506.4247043484,
    "4.0.10": 1917170.681628058,
    "4.0.11": 1735736.6764351262,
    "4.0.12": 2077933.3397011326,
    "lastVersion": 2077933.3397011326
}