{
    "4.0.5": 1627495.6340284452,
    "4.0.7": 3334625.271065104,
    "lastVersion": 3334625.271065104
}