{
  "4.0.5": 1627495.6340284452,
  "4.0.7": 3334625.271065104,
  "4.0.8": 2250829.85950262,
  "4.0.9": 1773506.4247043484,
  "4.0.10": 1917170.681628058,
  "4.0.11": 1735736.6764351262,
  "4.0.12": 2077933.3397011326,
  "4.0.13": 2171473.970276823,
  "4.0.14": 2457178.7517537572,
  "4.0.15": 2499521.4000213537,
  "4.0.16": 2706603.2057166914,
  "lastVersion": 2706603.2057166914
}