{
    "2.10.27": 624305.3178080906,
    "2.11.0": 497213.7676294761,
    "2.11.1": 626798.3695406746,
    "2.11.2": 682897.4086795497,
    "2.11.3": 673827.6752264826,
    "2.11.4": 227488.49322872984,
    "2.11.5": 653483.4026615354,
    "2.11.6": 674787.3091801036,
    "2.11.7": 611944.3831231502,
    "2.11.8": 626934.0868166123,
    "2.11.9": 554291.7975668252,
    "2.11.10": 615023.1689421156,
    "2.11.11": 656878.9978844563,
    "2.11.12": 613590.3309856176,
    "2.11.13": 207545.0744291312,
    "2.11.14": 500671.627632722,
    "2.11.15": 701482.1223225191,
    "2.11.16": 307135.6550319649,
    "2.11.17": 666705.5120286256,
    "2.11.18": 651154.348426758,
    "2.11.19": 671324.0832299103,
    "2.11.20": 643892.791685766,
    "2.11.21": 719629.7468654249,
    "2.11.22": 722255.5532448471,
    "2.11.23": 667872.7369024664,
    "2.11.24": 244509.41710873466,
    "lastPublished": 244509.41710873466,
    "lastRan": 244509.41710873466
}