{
    "4.0.5": 1627495.6340284452,
    "4.0.7": 3334625.271065104,
    "4.0.8": 2250829.85950262,
    "lastVersion": 2250829.85950262
}