{
    "2.10.27": 624305.3178080906,
    "lastPublished": 624305.3178080906,
    "lastRan": 624305.3178080906
}