{
    "2.10.27": 624305.3178080906,
    "2.11.0": 497213.7676294761,
    "2.11.1": 626798.3695406746,
    "2.11.2": 682897.4086795497,
    "2.11.3": 673827.6752264826,
    "2.11.4": 227488.49322872984,
    "2.11.5": 653483.4026615354,
    "2.11.6": 674787.3091801036,
    "2.11.7": 611944.3831231502,
    "2.11.8": 626934.0868166123,
    "2.11.9": 554291.7975668252,
    "2.11.10": 615023.1689421156,
    "2.11.11": 656878.9978844563,
    "2.11.12": 613590.3309856176,
    "2.11.13": 207545.0744291312,
    "2.11.14": 500671.627632722,
    "2.11.15": 701482.1223225191,
    "2.11.16": 307135.6550319649,
    "2.11.17": 666705.5120286256,
    "2.11.18": 651154.348426758,
    "2.11.19": 671324.0832299103,
    "2.11.20": 643892.791685766,
    "2.11.21": 719629.7468654249,
    "2.11.22": 722255.5532448471,
    "2.11.23": 667872.7369024664,
    "2.11.24": 244509.41710873466,
    "2.11.25": 278184.04546285665,
    "2.11.26": 1181132.2236656419,
    "2.11.27": 303337.30657941167,
    "2.11.28": 633290.9692368357,
    "2.11.29": 318299.4200606364,
    "2.12.0": 2945632.5860328227,
    "2.12.1": 1362570.68543436,
    "2.12.2": 1269956.1411692013,
    "2.12.3": 262342.48141767725,
    "2.12.4": 480926.46945941856,
    "2.12.7": 2842056.1722593014,
    "2.12.10": 2658106.3640959966,
    "2.12.13": 2885071.7761559472,
    "2.12.16": 2598324.013640632,
    "2.13.0": 2161778.60730396,
    "3.0.4": 480598.81787028094,
    "3.0.6": 1923366.6297113034,
    "lastPublished": 1923366.6297113034,
    "lastRan": 1923366.6297113034
}