{
    "2.10.27": 624305.3178080906,
    "lastPublished": 227488.49322872984,
    "lastRan": 227488.49322872984,
    "2.11.0": 497213.7676294761,
    "2.11.1": 626798.3695406746,
    "2.11.2": 682897.4086795497,
    "2.11.3": 673827.6752264826,
    "2.11.4": 227488.49322872984
}