{
    "0.1.0": 7688136.544675695,
    "1.0.0": 3339173.600589303,
    "1.0.1": 1235848.0976507412,
    "1.1.0": 1161318.1810090027,
    "1.2.0": 826251.7475218007,
    "1.2.1": 589212.4964538257,
    "1.2.2": 40242.23870622843,
    "1.2.3": 210446.9350474476,
    "1.2.4": 54089.579577351404,
    "1.2.5": 202398.92374471703,
    "1.2.11": 545965.4110133422,
    "2.0.2": 608576.30222748,
    "3.0.4": 68634.21786752496,
    "3.0.6": 547875.2913057959,
    "3.0.8": 619488.147836893,
    "lastPublished": 619488.147836893,
    "lastRan": 619488.147836893
}