{
    "0.1.0": 7688136.544675695,
    "lastPublished": 7688136.544675695,
    "lastRan": 7688136.544675695
}