{
    "4.0.5": 696905.5596240966,
    "4.0.7": 964191.1008323974,
    "4.0.8": 994883.4258037016,
    "4.0.9": 971554.6397396903,
    "4.0.10": 776485.7464830375,
    "4.0.11": 674719.6298248173,
    "4.0.12": 897639.0237717523,
    "lastVersion": 897639.0237717523
}