{
    "4.0.5": 696905.5596240966,
    "4.0.7": 964191.1008323974,
    "4.0.8": 994883.4258037016,
    "4.0.9": 971554.6397396903,
    "lastVersion": 971554.6397396903
}