{
    "4.0.5": 696905.5596240966,
    "4.0.7": 964191.1008323974,
    "lastPublished": 964191.1008323974,
    "lastRan": 964191.1008323974
}