{
    "0.1.0": 7688136.544675695,
    "1.0.0": 3339173.600589303,
    "1.0.1": 1235848.0976507412,
    "1.1.0": 1161318.1810090027,
    "lastPublished": 1161318.1810090027,
    "lastRan": 1161318.1810090027
}