{
  "4.0.5": 696905.5596240966,
  "4.0.7": 964191.1008323974,
  "4.0.8": 994883.4258037016,
  "4.0.9": 971554.6397396903,
  "4.0.10": 776485.7464830375,
  "4.0.11": 674719.6298248173,
  "4.0.12": 897639.0237717523,
  "4.1.0": 937801.9518045564,
  "4.1.1": 590814.9240454092,
  "4.1.2": 720147.1171232882,
  "4.1.5": 837278.6208206873,
  "4.1.6": 1158329.6704732785,
  "4.1.7": 989600.7669811015,
  "5.0.33": 917819.3890767006,
  "lastVersion": 917819.3890767006
}