{
    "0.1.0": 7688136.544675695,
    "1.0.0": 3339173.600589303,
    "1.0.1": 1235848.0976507412,
    "1.1.0": 1161318.1810090027,
    "1.2.0": 826251.7475218007,
    "1.2.1": 589212.4964538257,
    "lastPublished": 589212.4964538257,
    "lastRan": 589212.4964538257
}