{
    "0.1.0": 7688136.544675695,
    "1.0.0": 3339173.600589303,
    "lastPublished": 3339173.600589303,
    "lastRan": 3339173.600589303
}