{
    "4.0.5": 696905.5596240966,
    "lastPublished": 696905.5596240966,
    "lastRan": 696905.5596240966
}