{
    "0.1.0": 7688136.544675695,
    "1.0.0": 3339173.600589303,
    "1.0.1": 1235848.0976507412,
    "lastPublished": 1235848.0976507412,
    "lastRan": 1235848.0976507412
}