{
    "0.1.0": 7688136.544675695,
    "1.0.0": 1247610.372152373,
    "lastPublished": 1247610.372152373,
    "lastRan": 1247610.372152373
}