{
    "4.0.5": 1009396.8942886443,
    "4.0.7": 1803262.2491134705,
    "4.0.8": 961115.8357368472,
    "4.0.9": 828808.1346449824,
    "4.0.10": 937459.4709937673,
    "4.0.11": 803452.1599694212,
    "lastVersion": 803452.1599694212
}