{
    "2.7.26": 16054.618957036257,
    "2.7.27": 14128.282955857889,
    "2.7.28": 16420.09471090034,
    "2.7.29": 17252.663087938803,
    "2.7.30": 16456.86682466823,
    "2.7.31": 15062.65415028409,
    "2.7.32": 15184.702585443494,
    "2.7.33": 15885.11357786332,
    "2.7.34": 15794.599569603628,
    "2.7.35": 16575.94684444099,
    "2.7.36": 10094.639153256392,
    "2.7.37": 14983.489484878597,
    "2.7.38": 11019.683963206626,
    "2.7.39": 13986.357489113358,
    "2.7.40": 3475.173237987763,
    "2.7.41": 17632.757969536855,
    "2.7.42": 15575.39613444046,
    "2.7.43": 4663.683786415408,
    "2.8.0": 281939.16005599196,
    "2.8.1": 260351.12525714745,
    "2.8.2": 263555.19788230426,
    "2.8.3": 285938.92374114064,
    "2.8.4": 261049.23598717753,
    "2.8.5": 106480.06374953777,
    "2.8.6": 114412.01623678606,
    "2.8.7": 261902.12207562325,
    "2.8.8": 274950.80913008517,
    "2.8.9": 102511.82588066043,
    "2.8.10": 385510.10102518083,
    "2.9.0": 647739.7922446863,
    "2.9.1": 329319.28493683843,
    "2.9.2": 301461.07447774947,
    "2.9.8": 686945.4224311619,
    "2.10.0": 531893.6822112713,
    "3.0.4": 142336.11870522433,
    "3.0.6": 570456.8648876147,
    "3.0.8": 707541.8775236346,
    "3.0.9": 745923.6881271823,
    "3.0.10": 785863.5723833905,
    "3.0.12": 634913.4119704445,
    "3.0.16": 547274.0307434704,
    "3.1.0": 592830.9340141522,
    "4.0.1": 2399865.477905546,
    "lastPublished": 2399865.477905546,
    "lastRan": 2399865.477905546
}