{
    "2.7.26": 16054.618957036257,
    "lastPublished": 15885.11357786332,
    "lastRan": 15885.11357786332,
    "2.7.27": 14128.282955857889,
    "2.7.28": 16420.09471090034,
    "2.7.29": 17252.663087938803,
    "2.7.30": 16456.86682466823,
    "2.7.31": 15062.65415028409,
    "2.7.32": 15184.702585443494,
    "2.7.33": 15885.11357786332
}