{
  "4.0.5": 1009396.8942886443,
  "4.0.7": 1803262.2491134705,
  "4.0.8": 961115.8357368472,
  "4.0.9": 828808.1346449824,
  "4.0.10": 937459.4709937673,
  "4.0.11": 803452.1599694212,
  "4.0.12": 994736.1039059636,
  "4.1.0": 784020.1719217242,
  "4.1.1": 797017.410460916,
  "4.1.2": 819880.876097514,
  "4.1.4": 1089674.7830985307,
  "4.1.5": 1105397.9110678653,
  "5.1.19": 243963.21057046638,
  "lastVersion": 243963.21057046638
}