{
    "2.7.26": 16054.618957036257,
    "lastPublished": 16456.86682466823,
    "lastRan": 16456.86682466823,
    "2.7.27": 14128.282955857889,
    "2.7.28": 16420.09471090034,
    "2.7.29": 17252.663087938803,
    "2.7.30": 16456.86682466823
}