{
    "4.0.5": 1009396.8942886443,
    "4.0.7": 1803262.2491134705,
    "4.0.8": 961115.8357368472,
    "lastVersion": 961115.8357368472
}