{
    "2.7.26": 16054.618957036257,
    "lastPublished": 14128.282955857889,
    "lastRan": 14128.282955857889,
    "2.7.27": 14128.282955857889
}