{
    "2.7.26": 16054.618957036257,
    "lastPublished": 17632.757969536855,
    "lastRan": 17632.757969536855,
    "2.7.27": 14128.282955857889,
    "2.7.28": 16420.09471090034,
    "2.7.29": 17252.663087938803,
    "2.7.30": 16456.86682466823,
    "2.7.31": 15062.65415028409,
    "2.7.32": 15184.702585443494,
    "2.7.33": 15885.11357786332,
    "2.7.34": 15794.599569603628,
    "2.7.35": 16575.94684444099,
    "2.7.36": 10094.639153256392,
    "2.7.37": 14983.489484878597,
    "2.7.38": 11019.683963206626,
    "2.7.39": 13986.357489113358,
    "2.7.40": 3475.173237987763,
    "2.7.41": 17632.757969536855
}