{
    "2.7.26": 17159.953822385112,
    "lastPublished": 17159.953822385112,
    "lastRan": 17159.953822385112
}