{
    "2.7.26": 16054.618957036257,
    "lastPublished": 16575.94684444099,
    "lastRan": 16575.94684444099,
    "2.7.27": 14128.282955857889,
    "2.7.28": 16420.09471090034,
    "2.7.29": 17252.663087938803,
    "2.7.30": 16456.86682466823,
    "2.7.31": 15062.65415028409,
    "2.7.32": 15184.702585443494,
    "2.7.33": 15885.11357786332,
    "2.7.34": 15794.599569603628,
    "2.7.35": 16575.94684444099
}