{
    "2.7.26": 16054.618957036257,
    "lastPublished": 16054.618957036257,
    "lastRan": 16054.618957036257
}