{
    "4.0.5": 1009396.8942886443,
    "4.0.7": 1803262.2491134705,
    "lastPublished": 1803262.2491134705,
    "lastRan": 1803262.2491134705
}