{
    "4.0.5": 1009396.8942886443,
    "lastPublished": 1009396.8942886443,
    "lastRan": 1009396.8942886443
}