{
  "5.0.5": 25917.087768595335,
  "5.0.7": 36556.23030867894,
  "5.0.8": 18976.908044741293,
  "5.0.9": 24912.428780516602,
  "5.0.10": 19500.351864617496,
  "5.0.11": 16875.04891225889,
  "5.0.12": 18249.79457534888,
  "5.0.13": 17888.6635248585,
  "5.0.14": 29424.67534471067,
  "lastVersion": 29424.67534471067
}