{
    "2.11.26": 19257.57407555312,
    "lastPublished": 22204.47204047894,
    "lastRan": 22204.47204047894,
    "2.11.27": 18637.056496939866,
    "2.11.28": 18777.0364766822,
    "2.11.29": 22339.206079068317,
    "2.11.30": 20103.067541289685,
    "2.11.31": 6402.926829125887,
    "2.11.32": 19053.85453826739,
    "2.11.33": 19950.528719814894,
    "2.11.34": 20368.954991924278,
    "2.11.35": 17247.635460666133,
    "2.11.36": 22204.47204047894
}