{
    "5.0.5": 25917.087768595335,
    "5.0.7": 36556.23030867894,
    "lastPublished": 36556.23030867894,
    "lastRan": 36556.23030867894
}