{
    "last": 19578.582114885798,
    "2.11.26": 19578.582114885798,
    "lastRan": 19578.582114885798
}