{
    "2.11.26": 19257.57407555312,
    "2.11.27": 18637.056496939866,
    "2.11.28": 18777.0364766822,
    "2.11.29": 22339.206079068317,
    "2.11.30": 20103.067541289685,
    "2.11.31": 6402.926829125887,
    "2.11.32": 19053.85453826739,
    "2.11.33": 19950.528719814894,
    "2.11.34": 20368.954991924278,
    "2.11.35": 17247.635460666133,
    "2.11.36": 22204.47204047894,
    "2.11.37": 18199.76410274541,
    "2.11.38": 21278.493421565243,
    "2.11.39": 18667.864187674233,
    "2.11.40": 9079.15949449213,
    "2.11.41": 20466.523165732124,
    "2.11.42": 19177.906259812786,
    "2.11.43": 9894.02957046217,
    "2.11.44": 19804.86161029087,
    "2.11.45": 18884.928068124453,
    "2.11.46": 20267.314974779983,
    "2.11.47": 20239.496348959186,
    "2.11.48": 19990.093146270527,
    "2.11.49": 8324.693562613356,
    "lastPublished": 8324.693562613356,
    "lastRan": 8324.693562613356
}