{
    "2.11.26": 19257.57407555312,
    "lastPublished": 19257.57407555312,
    "lastRan": 19257.57407555312
}