{
    "2.11.26": 19257.57407555312,
    "lastPublished": 22339.206079068317,
    "lastRan": 22339.206079068317,
    "2.11.27": 18637.056496939866,
    "2.11.28": 18777.0364766822,
    "2.11.29": 22339.206079068317
}