{
    "5.0.5": 25917.087768595335,
    "lastPublished": 25917.087768595335,
    "lastRan": 25917.087768595335
}