{
    "2.11.26": 19257.57407555312,
    "2.11.27": 18637.056496939866,
    "2.11.28": 18777.0364766822,
    "2.11.29": 22339.206079068317,
    "2.11.30": 20103.067541289685,
    "2.11.31": 6402.926829125887,
    "2.11.32": 19053.85453826739,
    "2.11.33": 19950.528719814894,
    "2.11.34": 20368.954991924278,
    "2.11.35": 17247.635460666133,
    "2.11.36": 22204.47204047894,
    "2.11.37": 18199.76410274541,
    "2.11.38": 21278.493421565243,
    "2.11.39": 18667.864187674233,
    "2.11.40": 9079.15949449213,
    "2.11.41": 20466.523165732124,
    "2.11.42": 19177.906259812786,
    "2.11.43": 9894.02957046217,
    "2.11.44": 19804.86161029087,
    "2.11.45": 18884.928068124453,
    "2.11.46": 20267.314974779983,
    "2.11.47": 20239.496348959186,
    "2.11.48": 19990.093146270527,
    "2.11.49": 8324.693562613356,
    "2.11.50": 7964.521222530751,
    "2.11.51": 16957.52887997315,
    "2.11.52": 17605.758992575124,
    "2.11.53": 8116.458640786754,
    "2.11.54": 29141.100159516664,
    "2.11.55": 8509.439016451019,
    "2.11.56": 7994.073270815826,
    "2.12.1": 26836.502611059917,
    "3.0.0": 26772.381541327886,
    "4.0.4": 5483.582855254485,
    "4.0.6": 21041.34147634069,
    "4.0.8": 24209.33007273792,
    "4.0.9": 26062.56834366339,
    "4.0.10": 25161.626921698113,
    "lastPublished": 25161.626921698113,
    "lastRan": 25161.626921698113
}