{
    "2.11.26": 19257.57407555312,
    "lastPublished": 18637.056496939866,
    "lastRan": 18637.056496939866,
    "2.11.27": 18637.056496939866
}