{
    "2.11.26": 19257.57407555312,
    "lastPublished": 9079.15949449213,
    "lastRan": 9079.15949449213,
    "2.11.27": 18637.056496939866,
    "2.11.28": 18777.0364766822,
    "2.11.29": 22339.206079068317,
    "2.11.30": 20103.067541289685,
    "2.11.31": 6402.926829125887,
    "2.11.32": 19053.85453826739,
    "2.11.33": 19950.528719814894,
    "2.11.34": 20368.954991924278,
    "2.11.35": 17247.635460666133,
    "2.11.36": 22204.47204047894,
    "2.11.37": 18199.76410274541,
    "2.11.38": 21278.493421565243,
    "2.11.39": 18667.864187674233,
    "2.11.40": 9079.15949449213
}