{
    "5.0.5": 25917.087768595335,
    "5.0.7": 36556.23030867894,
    "5.0.8": 18976.908044741293,
    "lastVersion": 18976.908044741293
}