{
  "6.0.5": 8679.26533281348,
  "6.0.7": 13073.541358490087,
  "6.0.8": 7151.584313928977,
  "6.0.9": 7480.79948193275,
  "6.0.10": 7858.371024252809,
  "6.0.11": 8798.330696164714,
  "6.0.12": 8978.985543223731,
  "6.0.13": 8375.77273888326,
  "6.0.14": 7315.054819141971,
  "6.0.15": 9726.472890260009,
  "6.0.16": 8510.915710302934,
  "6.0.17": 11285.567283954093,
  "6.0.18": 8896.106707639337,
  "6.0.20": 16966.40262692679,
  "6.0.21": 15105.525848272697,
  "lastVersion": 15105.525848272697
}