{
    "6.0.5": 8679.26533281348,
    "6.0.7": 13073.541358490087,
    "lastPublished": 13073.541358490087,
    "lastRan": 13073.541358490087
}