{
    "1.0.0": 223376.91438778467,
    "1.1.0": 42890.05196750672,
    "1.1.1": 37309.0894526433,
    "1.2.0": 21960.51742668839,
    "1.3.0": 28557.908964278766,
    "1.11.22": 13518.525661538948,
    "1.11.23": 14724.165441316058,
    "1.11.24": 12782.884648955429,
    "1.11.25": 14078.926969095284,
    "1.11.26": 13007.678397452712,
    "1.11.27": 14851.572342477502,
    "1.11.28": 12876.927930117883,
    "1.11.29": 13391.09263036647,
    "1.11.30": 12903.578908560914,
    "1.11.31": 13099.961723978284,
    "1.11.32": 13796.638059821458,
    "1.11.33": 12814.583680887123,
    "1.11.34": 13469.424482904133,
    "1.11.35": 12343.7534983353,
    "1.11.36": 3496.8831505749786,
    "1.11.37": 8146.041180276245,
    "1.11.38": 12557.057338440338,
    "1.11.39": 6133.155377589615,
    "1.11.40": 13804.666705084775,
    "1.11.41": 13572.316440952907,
    "1.11.42": 14195.789757660488,
    "1.11.43": 13480.237347302093,
    "2.0.0": 23509.84180667099,
    "2.1.0": 19529.990500261963,
    "2.2.0": 20091.068309911945,
    "lastPublished": 20091.068309911945,
    "lastRan": 20091.068309911945
}