{
    "6.0.5": 8679.26533281348,
    "6.0.7": 13073.541358490087,
    "6.0.8": 7151.584313928977,
    "lastVersion": 7151.584313928977
}