{
    "6.0.5": 8679.26533281348,
    "lastPublished": 8679.26533281348,
    "lastRan": 8679.26533281348
}