{
    "6.0.5": 8679.26533281348,
    "6.0.7": 13073.541358490087,
    "6.0.8": 7151.584313928977,
    "6.0.9": 7480.79948193275,
    "6.0.10": 7858.371024252809,
    "6.0.11": 8798.330696164714,
    "6.0.12": 8978.985543223731,
    "6.0.13": 8375.77273888326,
    "lastVersion": 8375.77273888326
}