{
    "1.8.26": 3911.726659627939,
    "lastPublished": 2972.974059352209,
    "lastRan": 2972.974059352209,
    "1.8.27": 2972.974059352209
}