{
    "1.8.26": 3911.726659627939,
    "lastPublished": 979.2740693636356,
    "lastRan": 979.2740693636356,
    "1.8.27": 2972.974059352209,
    "1.8.28": 3844.1542980165545,
    "1.8.29": 4580.323800987755,
    "1.8.30": 4007.632346431303,
    "1.8.31": 4538.803915047295,
    "1.8.32": 3991.5643665394473,
    "1.8.33": 4099.291212703641,
    "1.8.34": 3612.288063385199,
    "1.8.35": 3349.920397365861,
    "1.8.36": 3532.0999680067066,
    "1.8.37": 4015.649121891087,
    "1.8.38": 2698.948686034714,
    "1.8.39": 3850.3929987109072,
    "1.8.40": 979.2740693636356
}