{
    "1.8.26": 3911.726659627939,
    "lastPublished": 3844.1542980165545,
    "lastRan": 3844.1542980165545,
    "1.8.27": 2972.974059352209,
    "1.8.28": 3844.1542980165545
}