{
    "1.8.26": 3911.726659627939,
    "1.8.27": 2972.974059352209,
    "1.8.28": 3844.1542980165545,
    "1.8.29": 4580.323800987755,
    "1.8.30": 4007.632346431303,
    "1.8.31": 4538.803915047295,
    "1.8.32": 3991.5643665394473,
    "1.8.33": 4099.291212703641,
    "1.8.34": 3612.288063385199,
    "1.8.35": 3349.920397365861,
    "1.8.36": 3532.0999680067066,
    "1.8.37": 4015.649121891087,
    "1.8.38": 2698.948686034714,
    "1.8.39": 3850.3929987109072,
    "1.8.40": 979.2740693636356,
    "1.8.41": 3622.3273344185077,
    "1.8.42": 3882.8707517498624,
    "1.8.43": 1288.829146202308,
    "1.8.44": 4028.973924025714,
    "1.8.45": 11521.273997671007,
    "1.8.46": 12033.67335946581,
    "1.8.47": 11948.955468800272,
    "1.8.48": 11562.461823790125,
    "1.8.49": 12032.726299068323,
    "1.8.50": 12024.554532788385,
    "1.8.51": 12351.89274095731,
    "lastPublished": 12351.89274095731,
    "lastRan": 12351.89274095731
}