{
    "3.0.5": 89731.92459756028,
    "lastPublished": 89731.92459756028,
    "lastRan": 89731.92459756028
}