{
    "1.8.26": 3911.726659627939,
    "lastPublished": 3911.726659627939,
    "lastRan": 3911.726659627939
}