{
    "3.0.5": 89731.92459756028,
    "3.0.7": 112939.4767380754,
    "3.0.8": 71006.30057039468,
    "lastVersion": 71006.30057039468
}