{
    "3.0.5": 89731.92459756028,
    "3.0.7": 112939.4767380754,
    "3.0.8": 71006.30057039468,
    "3.0.9": 72850.79380035734,
    "3.0.10": 75967.57780006317,
    "3.0.11": 64663.86767637525,
    "3.0.12": 76714.13656612452,
    "3.0.13": 59456.69571921524,
    "3.0.14": 74511.74985596286,
    "3.0.15": 68362.29486280475,
    "lastVersion": 68362.29486280475
}