{
    "1.8.26": 3911.726659627939,
    "lastPublished": 4538.803915047295,
    "lastRan": 4538.803915047295,
    "1.8.27": 2972.974059352209,
    "1.8.28": 3844.1542980165545,
    "1.8.29": 4580.323800987755,
    "1.8.30": 4007.632346431303,
    "1.8.31": 4538.803915047295
}