{
    "3.0.5": 89731.92459756028,
    "3.0.7": 112939.4767380754,
    "lastPublished": 112939.4767380754,
    "lastRan": 112939.4767380754
}