{
    "last": 79567.538535674,
    "1.8.26": 79567.538535674
}