{
    "1.11.22": 13518.525661538948,
    "lastPublished": 12903.578908560914,
    "lastRan": 12903.578908560914,
    "1.11.23": 14724.165441316058,
    "1.11.24": 12782.884648955429,
    "1.11.25": 14078.926969095284,
    "1.11.26": 13007.678397452712,
    "1.11.27": 14851.572342477502,
    "1.11.28": 12876.927930117883,
    "1.11.29": 13391.09263036647,
    "1.11.30": 12903.578908560914
}