{
    "1.11.22": 13518.525661538948,
    "1.11.23": 14724.165441316058,
    "1.11.24": 12782.884648955429,
    "1.11.25": 14078.926969095284,
    "1.11.26": 13007.678397452712,
    "1.11.27": 14851.572342477502,
    "1.11.28": 12876.927930117883,
    "1.11.29": 13391.09263036647,
    "1.11.30": 12903.578908560914,
    "1.11.31": 13099.961723978284,
    "1.11.32": 13796.638059821458,
    "1.11.33": 12814.583680887123,
    "1.11.34": 13469.424482904133,
    "1.11.35": 12343.7534983353,
    "1.11.36": 3496.8831505749786,
    "1.11.37": 8146.041180276245,
    "1.11.38": 12557.057338440338,
    "1.11.39": 6133.155377589615,
    "1.11.40": 13804.666705084775,
    "1.11.41": 13572.316440952907,
    "1.11.42": 14195.789757660488,
    "1.11.43": 13480.237347302093,
    "1.11.44": 14487.919275481483,
    "1.11.45": 14706.69733670978,
    "1.12.0": 3517.9708238638905,
    "1.12.1": 6254.698639075617,
    "1.12.2": 12576.173405500142,
    "1.12.3": 12578.68309193173,
    "1.12.4": 6974.484106902015,
    "1.12.5": 5582.039257104524,
    "1.12.6": 14271.559501422877,
    "1.12.7": 5208.549685186637,
    "1.12.8": 10053.233929669235,
    "1.12.17": 7997.722005971537,
    "1.12.19": 8478.913585760458,
    "1.12.20": 8590.997624993068,
    "1.12.21": 8185.3736899259675,
    "1.13.1": 6626.137273339565,
    "2.0.4": 871.5444549555351,
    "2.0.6": 5265.6968417314765,
    "2.0.8": 6871.858226087391,
    "lastPublished": 6871.858226087391,
    "lastRan": 6871.858226087391
}