{
    "1.11.22": 13518.525661538948,
    "lastPublished": 12782.884648955429,
    "lastRan": 12782.884648955429,
    "1.11.23": 14724.165441316058,
    "1.11.24": 12782.884648955429
}