{
    "1.11.22": 13266.781173826566,
    "lastPublished": 13266.781173826566,
    "lastRan": 13266.781173826566
}