{
    "1.11.22": 13518.525661538948,
    "lastPublished": 13007.678397452712,
    "lastRan": 13007.678397452712,
    "1.11.23": 14724.165441316058,
    "1.11.24": 12782.884648955429,
    "1.11.25": 14078.926969095284,
    "1.11.26": 13007.678397452712
}