{
    "3.0.5": 20815.197329362385,
    "3.0.7": 29393.305266848307,
    "3.0.8": 19406.963721754095,
    "3.0.9": 18777.86156785823,
    "3.0.10": 19175.78112860954,
    "3.0.11": 16325.2377539365,
    "lastVersion": 16325.2377539365
}