{
    "1.11.22": 13518.525661538948,
    "lastPublished": 14724.165441316058,
    "lastRan": 14724.165441316058,
    "1.11.23": 14724.165441316058
}