{
    "1.11.22": 13518.525661538948,
    "lastPublished": 13518.525661538948,
    "lastRan": 13518.525661538948
}