{
    "3.0.5": 20815.197329362385,
    "lastPublished": 20815.197329362385,
    "lastRan": 20815.197329362385
}