{
    "3.0.5": 20815.197329362385,
    "3.0.7": 29393.305266848307,
    "lastPublished": 29393.305266848307,
    "lastRan": 29393.305266848307
}