{
    "3.7.26": 2301.5843454007154,
    "lastPublished": 2467.834642139383,
    "lastRan": 2467.834642139383,
    "3.7.27": 2467.834642139383
}