{
    "3.7.26": 2301.5843454007154,
    "3.7.27": 2467.834642139383,
    "3.7.28": 2267.837173615715,
    "3.7.29": 2849.22700687157,
    "3.7.30": 2494.1485906143757,
    "3.7.31": 2934.9354513946655,
    "3.7.32": 2269.027826319001,
    "3.7.33": 2493.5102184369493,
    "3.7.34": 2477.3717995446254,
    "3.7.35": 2674.989814958819,
    "3.7.36": 2876.475558039034,
    "3.7.37": 2205.148921141088,
    "3.7.38": 2962.314066286422,
    "3.7.39": 2271.305175025152,
    "3.7.40": 702.14444567759,
    "3.7.41": 2284.9487212813897,
    "3.7.42": 2491.813471028459,
    "3.7.43": 574.8110571866288,
    "3.7.44": 2325.3960809766677,
    "3.7.45": 2248.7179066446492,
    "3.7.46": 2765.0867330553174,
    "3.7.47": 2726.6359365605886,
    "3.7.48": 2909.4599867832085,
    "3.7.49": 2660.114845217601,
    "3.7.50": 900.4619943354666,
    "3.7.51": 773.6639074857912,
    "3.7.52": 512541.9401945736,
    "3.7.53": 127088.3695347465,
    "3.7.54": 468297.05690758215,
    "3.7.55": 27717.478091716162,
    "3.7.56": 118548.67332737571,
    "3.7.63": 355708.8554974599,
    "3.8.1": 371875.8685665739,
    "3.9.0": 347049.2379804696,
    "4.0.4": 68986.9440015783,
    "4.0.6": 244082.6764179631,
    "4.0.8": 281259.8212855175,
    "4.0.9": 332114.7113336103,
    "4.0.10": 333843.13743148796,
    "4.0.12": 271727.4108980017,
    "lastPublished": 271727.4108980017,
    "lastRan": 271727.4108980017
}