{
  "5.0.5": 115370.32804555798,
  "5.0.7": 138562.86498620472,
  "5.0.8": 111093.45500494425,
  "5.0.9": 104283.64179787462,
  "5.0.10": 102583.961829983,
  "5.0.11": 72803.56035372106,
  "5.0.12": 81944.64760634222,
  "5.0.13": 89401.89260551371,
  "5.0.14": 67473.98066202117,
  "5.0.15": 68660.09127259886,
  "5.0.16": 84786.21705837827,
  "5.0.17": 161844.99885668614,
  "lastVersion": 161844.99885668614
}