{
    "5.0.5": 115370.32804555798,
    "5.0.7": 138562.86498620472,
    "5.0.8": 111093.45500494425,
    "lastVersion": 111093.45500494425
}