{
    "3.7.26": 2301.5843454007154,
    "lastPublished": 2301.5843454007154,
    "lastRan": 2301.5843454007154
}