{
    "5.0.5": 115370.32804555798,
    "5.0.7": 138562.86498620472,
    "lastPublished": 138562.86498620472,
    "lastRan": 138562.86498620472
}