{
    "3.7.26": 2301.5843454007154,
    "lastPublished": 2205.148921141088,
    "lastRan": 2205.148921141088,
    "3.7.27": 2467.834642139383,
    "3.7.28": 2267.837173615715,
    "3.7.29": 2849.22700687157,
    "3.7.30": 2494.1485906143757,
    "3.7.31": 2934.9354513946655,
    "3.7.32": 2269.027826319001,
    "3.7.33": 2493.5102184369493,
    "3.7.34": 2477.3717995446254,
    "3.7.35": 2674.989814958819,
    "3.7.36": 2876.475558039034,
    "3.7.37": 2205.148921141088
}