{
    "5.0.5": 115370.32804555798,
    "lastPublished": 115370.32804555798,
    "lastRan": 115370.32804555798
}