{
    "3.7.26": 2448.1904082766805,
    "lastPublished": 2448.1904082766805,
    "lastRan": 2448.1904082766805
}