{
    "3.7.26": 2301.5843454007154,
    "lastPublished": 2849.22700687157,
    "lastRan": 2849.22700687157,
    "3.7.27": 2467.834642139383,
    "3.7.28": 2267.837173615715,
    "3.7.29": 2849.22700687157
}