{
    "5.0.5": 115370.32804555798,
    "5.0.7": 138562.86498620472,
    "5.0.8": 111093.45500494425,
    "5.0.9": 104283.64179787462,
    "5.0.10": 102583.961829983,
    "5.0.11": 72803.56035372106,
    "5.0.12": 81944.64760634222,
    "lastVersion": 81944.64760634222
}