{
    "5.0.5": 115370.32804555798,
    "5.0.7": 138562.86498620472,
    "5.0.8": 111093.45500494425,
    "5.0.9": 104283.64179787462,
    "lastVersion": 104283.64179787462
}