{
    "3.10.26": 75540943.66440085,
    "lastPublished": 79992086.70651509,
    "lastRan": 79992086.70651509,
    "3.11.0": 698249995.0292604,
    "3.11.1": 79992086.70651509
}