{
    "4.0.5": 126385193.80677716,
    "lastPublished": 126385193.80677716,
    "lastRan": 126385193.80677716
}