{
    "3.10.26": 75540943.66440085,
    "lastPublished": 698249995.0292604,
    "lastRan": 698249995.0292604,
    "3.11.0": 698249995.0292604
}