{
    "3.10.26": 75540943.66440085,
    "3.11.0": 698249995.0292604,
    "3.11.1": 79992086.70651509,
    "3.11.2": 76801970.67118415,
    "3.11.3": 79473551.31740066,
    "3.11.4": 76979702.70236215,
    "3.11.5": 80218247.76258406,
    "3.11.6": 78954097.87756051,
    "3.11.7": 72309912.5283065,
    "3.11.8": 73724624.66380142,
    "3.11.9": 72736577.02809381,
    "3.11.10": 76884803.5200996,
    "3.11.11": 75991102.71633963,
    "3.11.12": 596025865.690122,
    "3.11.13": 370876256.84896064,
    "3.11.14": 663919056.8849405,
    "3.11.15": 600099347.7647924,
    "3.11.16": 320754032.5105514,
    "3.11.17": 611807666.9369656,
    "3.11.18": 600593205.2886802,
    "3.11.19": 693357650.8570516,
    "3.11.20": 689175771.1486454,
    "3.11.21": 609747292.2164494,
    "3.11.22": 610578346.7640716,
    "3.11.23": 683884339.4856603,
    "3.11.24": 118876480.11926538,
    "3.11.25": 609436580.7753941,
    "lastPublished": 609436580.7753941,
    "lastRan": 609436580.7753941
}