{
    "3.10.26": 699805331.60271,
    "lastPublished": 699805331.60271,
    "lastRan": 699805331.60271
}