{
    "3.10.26": 75540943.66440085,
    "lastPublished": 76979702.70236215,
    "lastRan": 76979702.70236215,
    "3.11.0": 698249995.0292604,
    "3.11.1": 79992086.70651509,
    "3.11.2": 76801970.67118415,
    "3.11.3": 79473551.31740066,
    "3.11.4": 76979702.70236215
}