{
    "3.10.26": 75540943.66440085,
    "lastPublished": 75540943.66440085,
    "lastRan": 75540943.66440085
}