{
    "4.0.5": 126385193.80677716,
    "4.0.7": 112156122.90353513,
    "lastPublished": 112156122.90353513,
    "lastRan": 112156122.90353513
}