{
    "last": 696781433.8150159,
    "3.10.26": 696781433.8150159
}