{
    "3.10.26": 75540943.66440085,
    "3.11.0": 698249995.0292604,
    "3.11.1": 79992086.70651509,
    "3.11.10": 76884803.5200996,
    "3.11.11": 75991102.71633963,
    "3.11.12": 596025865.690122,
    "3.11.13": 370876256.84896064,
    "3.11.14": 663919056.8849405,
    "3.11.15": 600099347.7647924,
    "3.11.16": 320754032.5105514,
    "3.11.2": 76801970.67118415,
    "3.11.3": 79473551.31740066,
    "3.11.4": 76979702.70236215,
    "3.11.5": 80218247.76258406,
    "3.11.6": 78954097.87756051,
    "3.11.7": 72309912.5283065,
    "3.11.8": 73724624.66380142,
    "3.11.9": 72736577.02809381,
    "lastPublished": 320754032.5105514,
    "lastRan": 320754032.5105514
}