{
    "4.0.5": 126385193.80677716,
    "4.0.7": 112156122.90353513,
    "4.0.8": 176191365.5414125,
    "lastVersion": 176191365.5414125
}