{
  "4.0.5": 126385193.80677716,
  "4.0.7": 112156122.90353513,
  "4.0.8": 176191365.5414125,
  "4.0.9": 186491915.6128348,
  "4.0.10": 220075552.87678862,
  "4.0.11": 218786175.6227983,
  "4.0.12": 203590020.96353456,
  "4.0.13": 241899986.48298413,
  "4.0.14": 161300122.99450582,
  "lastVersion": 161300122.99450582
}