{
    "4.12.27": 10562.56634472262,
    "lastPublished": 10562.56634472262,
    "lastRan": 10562.56634472262
}