{
    "6.0.5": 72423.25665013392,
    "6.0.7": 86799.89552818984,
    "6.0.8": 90877.86031205243,
    "6.0.9": 90074.43806988286,
    "6.0.10": 74533.25479621736,
    "lastVersion": 74533.25479621736
}