{
    "4.12.27": 12935.288846737603,
    "4.12.28": 13939.016664593768,
    "4.12.29": 12846.176727339178,
    "4.12.30": 15374.703706431907,
    "4.12.31": 14024.599957395198,
    "4.12.32": 15163.288101195521,
    "4.12.33": 12770.491928781905,
    "4.12.34": 13111.297027808467,
    "4.12.35": 12511.590299443515,
    "4.12.36": 11110.055371984388,
    "4.12.37": 14108.546749023228,
    "4.12.38": 12813.151353262478,
    "4.12.39": 13777.823630328612,
    "4.12.40": 13805.621777263988,
    "4.12.41": 4084.7996994562536,
    "4.12.42": 10569.37416404772,
    "4.12.43": 12692.14625909856,
    "4.12.44": 3120.6390279707925,
    "4.12.45": 14622.836858881386,
    "4.12.46": 14295.233116952983,
    "4.12.47": 14752.328893939468,
    "4.12.48": 14411.402881295457,
    "4.12.49": 15093.033217710872,
    "4.12.50": 14218.150258458738,
    "4.12.51": 15459.025240901858,
    "4.12.52": 13420.670485808254,
    "4.12.53": 15197.271188992734,
    "4.12.54": 3433.6662682429883,
    "4.12.55": 7774.708980930998,
    "4.12.56": 95128.38556481227,
    "4.12.57": 39485.78675965736,
    "4.12.58": 77061.92570953425,
    "4.12.59": 25290.728473968953,
    "4.12.60": 93675.17554750794,
    "4.12.61": 75291.23239959232,
    "4.12.62": 23375.31009336778,
    "4.12.63": 33377.132102891985,
    "4.12.74": 84428.28012893623,
    "4.13.0": 68207.49862779908,
    "5.0.4": 9106.131784583813,
    "5.0.6": 72351.82447106224,
    "lastPublished": 72351.82447106224,
    "lastRan": 72351.82447106224
}