{
    "6.0.5": 72423.25665013392,
    "6.0.7": 86799.89552818984,
    "6.0.8": 90877.86031205243,
    "lastVersion": 90877.86031205243
}