{
    "6.0.5": 72423.25665013392,
    "lastPublished": 72423.25665013392,
    "lastRan": 72423.25665013392
}