{
    "4.12.27": 12935.288846737603,
    "lastPublished": 12846.176727339178,
    "lastRan": 12846.176727339178,
    "4.12.28": 13939.016664593768,
    "4.12.29": 12846.176727339178
}