{
    "6.0.5": 72423.25665013392,
    "6.0.7": 86799.89552818984,
    "6.0.8": 90877.86031205243,
    "6.0.9": 90074.43806988286,
    "6.0.10": 74533.25479621736,
    "6.0.11": 68834.45770791572,
    "6.0.12": 65680.34131650177,
    "6.1.0": 57515.6988327041,
    "6.1.1": 49799.251527400076,
    "lastVersion": 49799.251527400076
}