{
    "4.12.27": 12935.288846737603,
    "lastPublished": 13939.016664593768,
    "lastRan": 13939.016664593768,
    "4.12.28": 13939.016664593768
}