{
    "4.12.27": 12935.288846737603,
    "4.12.28": 13939.016664593768,
    "4.12.29": 12846.176727339178,
    "4.12.30": 15374.703706431907,
    "4.12.31": 14024.599957395198,
    "4.12.32": 15163.288101195521,
    "4.12.33": 12770.491928781905,
    "4.12.34": 13111.297027808467,
    "4.12.35": 12511.590299443515,
    "4.12.36": 11110.055371984388,
    "4.12.37": 14108.546749023228,
    "4.12.38": 12813.151353262478,
    "4.12.39": 13777.823630328612,
    "4.12.40": 13805.621777263988,
    "4.12.41": 4084.7996994562536,
    "4.12.42": 10569.37416404772,
    "4.12.43": 12692.14625909856,
    "4.12.44": 3120.6390279707925,
    "4.12.45": 14622.836858881386,
    "4.12.46": 14295.233116952983,
    "lastPublished": 14295.233116952983,
    "lastRan": 14295.233116952983
}