{
    "4.12.27": 12935.288846737603,
    "lastPublished": 15374.703706431907,
    "lastRan": 15374.703706431907,
    "4.12.28": 13939.016664593768,
    "4.12.29": 12846.176727339178,
    "4.12.30": 15374.703706431907
}