{
    "6.0.5": 72423.25665013392,
    "6.0.7": 86799.89552818984,
    "lastPublished": 86799.89552818984,
    "lastRan": 86799.89552818984
}