{
    "4.12.27": 12935.288846737603,
    "lastPublished": 12935.288846737603,
    "lastRan": 12935.288846737603
}