{
    "last": 14185.434343138726,
    "4.12.27": 14185.434343138726
}