{
    "1.1.1": 72654.55051034308,
    "lastPublished": 72654.55051034308,
    "lastRan": 72654.55051034308
}