{
    "1.1.1": 72654.55051034308,
    "lastPublished": 63935.71907239897,
    "lastRan": 63935.71907239897,
    "1.2.0": 72427.70608690169,
    "1.2.1": 67246.98359477836,
    "1.2.2": 63935.71907239897
}