{
    "2.0.5": 177344.44611737464,
    "2.0.7": 188130.5278881923,
    "2.0.8": 126949.85307656873,
    "2.0.9": 167303.74445422483,
    "lastVersion": 167303.74445422483
}