{
    "2.0.5": 177344.44611737464,
    "lastPublished": 177344.44611737464,
    "lastRan": 177344.44611737464
}