{
    "1.1.1": 72654.55051034308,
    "lastPublished": 67246.98359477836,
    "lastRan": 67246.98359477836,
    "1.2.0": 72427.70608690169,
    "1.2.1": 67246.98359477836
}