{
    "1.1.1": 72654.55051034308,
    "lastPublished": 72427.70608690169,
    "lastRan": 72427.70608690169,
    "1.2.0": 72427.70608690169
}