{
    "2.0.5": 177344.44611737464,
    "2.0.7": 188130.5278881923,
    "2.0.8": 126949.85307656873,
    "2.0.9": 167303.74445422483,
    "2.0.10": 130325.613235789,
    "2.0.11": 94207.60595883544,
    "2.0.12": 103590.64593391678,
    "2.0.13": 100016.55257000522,
    "lastVersion": 100016.55257000522
}