{
    "1.1.1": 75457.36898586695,
    "lastPublished": 75457.36898586695,
    "lastRan": 75457.36898586695
}