{
    "1.1.1": 72654.55051034308,
    "lastPublished": 67194.6898581367,
    "lastRan": 67194.6898581367,
    "1.2.0": 72427.70608690169,
    "1.2.1": 67246.98359477836,
    "1.2.2": 63935.71907239897,
    "1.2.3": 68664.12380526197,
    "1.2.4": 75047.38419156671,
    "1.2.5": 74340.01303826015,
    "1.2.6": 66174.82414913138,
    "1.2.7": 67194.6898581367
}