{
    "2.0.5": 177344.44611737464,
    "2.0.7": 188130.5278881923,
    "lastVersion": 188130.5278881923
}