{
    "1.1.1": 72654.55051034308,
    "1.2.0": 72427.70608690169,
    "1.2.1": 67246.98359477836,
    "1.2.2": 63935.71907239897,
    "1.2.3": 68664.12380526197,
    "1.2.4": 75047.38419156671,
    "1.2.5": 74340.01303826015,
    "1.2.6": 66174.82414913138,
    "1.2.7": 67194.6898581367,
    "1.2.8": 70023.80290853936,
    "1.2.9": 70342.12157934696,
    "1.2.10": 67277.71128790281,
    "1.2.11": 73717.62650454343,
    "1.2.12": 92324.63674023583,
    "1.2.13": 9184.40879882063,
    "1.2.14": 25784.19860511693,
    "1.2.15": 94701.95241211624,
    "1.2.16": 99796.20443051583,
    "1.2.17": 104677.69495971124,
    "1.2.18": 92909.64912097939,
    "1.2.19": 89516.55192280778,
    "1.2.20": 105625.29702693394,
    "lastPublished": 105625.29702693394,
    "lastRan": 105625.29702693394
}