{
  "1.0.0": 109951.60177213795,
  "lastVersion": 109951.60177213795
}