{
  "1.0.0": 109951.60177213795,
  "1.0.1": 39974.55308674548,
  "1.0.2": 31876.06612844404,
  "lastVersion": 31876.06612844404
}