{
  "1.0.0": 109951.60177213795,
  "1.0.1": 39974.55308674548,
  "lastVersion": 39974.55308674548
}