{
    "1.0.0": 43522.51745299909,
    "1.1.0": 41900.92803658742,
    "1.2.4": 42192.91581171729,
    "lastPublished": 42192.91581171729,
    "lastRan": 42192.91581171729
}