{
    "3.0.5": 48267.134356674105,
    "3.0.7": 48559.52124202689,
    "3.0.8": 37699.02352778043,
    "3.0.9": 33668.1344511308,
    "lastVersion": 33668.1344511308
}