{
    "3.0.5": 48267.134356674105,
    "lastPublished": 48267.134356674105,
    "lastRan": 48267.134356674105
}