{
    "1.0.0": 43522.51745299909,
    "1.1.0": 41900.92803658742,
    "1.2.4": 42192.91581171729,
    "1.2.5": 46184.334721094594,
    "1.2.8": 44156.12645568641,
    "1.3.0": 37627.01706132933,
    "2.0.4": 6806.973469407892,
    "lastPublished": 6806.973469407892,
    "lastRan": 6806.973469407892
}