{
    "1.0.0": 43522.51745299909,
    "lastPublished": 43522.51745299909,
    "lastRan": 43522.51745299909
}