{
    "3.0.5": 48267.134356674105,
    "3.0.7": 48559.52124202689,
    "3.0.8": 37699.02352778043,
    "lastVersion": 37699.02352778043
}