{
    "3.0.5": 48267.134356674105,
    "3.0.7": 48559.52124202689,
    "lastVersion": 48559.52124202689
}