{
    "3.0.5": 48267.134356674105,
    "3.0.7": 48559.52124202689,
    "lastPublished": 48559.52124202689,
    "lastRan": 48559.52124202689
}