{
    "1.0.0": 45422.21237623532,
    "lastPublished": 45422.21237623532,
    "lastRan": 45422.21237623532
}