{
    "1.0.0": 43522.51745299909,
    "1.1.0": 41900.92803658742,
    "1.2.4": 42192.91581171729,
    "1.2.5": 46184.334721094594,
    "lastPublished": 46184.334721094594,
    "lastRan": 46184.334721094594
}