{
    "1.0.0": 43522.51745299909,
    "1.1.0": 41900.92803658742,
    "1.2.4": 42192.91581171729,
    "1.2.5": 46184.334721094594,
    "1.2.8": 44156.12645568641,
    "1.3.0": 37627.01706132933,
    "2.0.4": 6806.973469407892,
    "2.0.6": 37349.58633790139,
    "2.0.8": 40266.1689811883,
    "2.0.9": 40629.23733234181,
    "2.0.10": 44764.08784159214,
    "2.0.12": 32158.931056854504,
    "2.0.16": 35594.078679094186,
    "2.1.0": 38207.95946323634,
    "3.0.1": 56695.382306243206,
    "3.0.2": 61400.88905778779,
    "lastPublished": 61400.88905778779,
    "lastRan": 61400.88905778779
}