{
    "1.0.0": 43522.51745299909,
    "1.1.0": 41900.92803658742,
    "lastPublished": 41900.92803658742,
    "lastRan": 41900.92803658742
}