{
  "3.0.5": 48267.134356674105,
  "3.0.7": 48559.52124202689,
  "3.0.8": 37699.02352778043,
  "3.0.9": 33668.1344511308,
  "3.0.10": 30706.23582989513,
  "3.0.11": 20826.190858972204,
  "3.0.12": 23976.164356302885,
  "3.0.13": 25080.828225915186,
  "3.0.14": 28369.52623399693,
  "3.0.15": 59322.255910294814,
  "lastVersion": 59322.255910294814
}