{
    "1.0.0": 8321520.814376297,
    "lastPublished": 8321520.814376297,
    "lastRan": 8321520.814376297
}