{
    "1.0.0": 8321520.814376297,
    "1.0.3": 5870498.26905853,
    "2.0.4": 366290.49167685636,
    "lastPublished": 366290.49167685636,
    "lastRan": 366290.49167685636
}