{
    "3.0.5": 3887166.4872207064,
    "3.0.7": 8444496.112541264,
    "3.0.8": 2905915.074754412,
    "3.0.9": 3268500.8498381646,
    "lastVersion": 3268500.8498381646
}