{
    "1.0.0": 8321520.814376297,
    "1.0.3": 5870498.26905853,
    "2.0.4": 366290.49167685636,
    "2.0.6": 1653623.5597784386,
    "2.0.8": 1997724.1777776536,
    "2.0.9": 2144023.069489161,
    "2.0.10": 2207394.9983259463,
    "2.0.12": 1771113.2792338028,
    "2.0.16": 5007013.313231283,
    "2.1.0": 5869509.046250608,
    "lastPublished": 5869509.046250608,
    "lastRan": 5869509.046250608
}