{
    "1.0.0": 8321520.814376297,
    "1.0.3": 5870498.26905853,
    "lastPublished": 5870498.26905853,
    "lastRan": 5870498.26905853
}