{
    "3.0.5": 3887166.4872207064,
    "3.0.7": 8444496.112541264,
    "lastVersion": 8444496.112541264
}