{
    "3.0.5": 3887166.4872207064,
    "lastPublished": 3887166.4872207064,
    "lastRan": 3887166.4872207064
}