{
    "1.0.0": 8321520.814376297,
    "1.0.3": 5870498.26905853,
    "2.0.4": 366290.49167685636,
    "2.0.6": 1653623.5597784386,
    "2.0.8": 1997724.1777776536,
    "2.0.9": 2144023.069489161,
    "2.0.10": 2207394.9983259463,
    "lastPublished": 2207394.9983259463,
    "lastRan": 2207394.9983259463
}