{
    "1.0.0": 8321520.814376297,
    "1.0.3": 5870498.26905853,
    "2.0.4": 366290.49167685636,
    "2.0.6": 1653623.5597784386,
    "lastPublished": 1653623.5597784386,
    "lastRan": 1653623.5597784386
}