{
    "3.0.5": 3887166.4872207064,
    "3.0.7": 8444496.112541264,
    "3.0.8": 2905915.074754412,
    "3.0.9": 3268500.8498381646,
    "3.0.10": 3819566.9447035305,
    "3.0.11": 4617172.50900054,
    "3.0.12": 4043632.2555634994,
    "lastVersion": 4043632.2555634994
}