{
  "6.1.1": 9.409146340112978,
  "6.1.3": 7.346462145766291,
  "6.1.4": 3.57748863669813,
  "6.1.5": 3.652594507812334,
  "6.1.6": 3.7408639578226746,
  "6.1.7": 5.257380721006146,
  "6.1.8": 6.5723672773802395,
  "6.1.9": 4.358943094338269,
  "6.1.10": 4.45845136918951,
  "6.1.11": 4.890502497873296,
  "6.1.12": 4.40498814338067,
  "6.1.13": 6.406460228925212,
  "6.1.14": 2.797111926722992,
  "6.1.16": 7.4511862366039345,
  "lastVersion": 7.4511862366039345
}