{
    "3.3.0": 1.1212467135031463,
    "3.4.0": 1.0077362904401552,
    "3.4.1": 1.1486721398379496,
    "3.4.2": 1.2530122435871986,
    "3.4.3": 1.2027306729846525,
    "3.4.4": 0.37739388382244216,
    "3.4.5": 1.0640668000281348,
    "3.4.6": 1.2126927187374783,
    "3.4.7": 1.0432160883034918,
    "3.4.8": 0.8999023285094109,
    "3.5.0": 0.9887588189090765,
    "3.5.1": 1.5419650023503222,
    "3.5.2": 1.5126356437798907,
    "3.6.0": 1.4929039973931746,
    "3.6.1": 1.6134233782151004,
    "3.7.0": 1.5471260165910745,
    "3.7.1": 1.5490009003732317,
    "3.7.2": 1.6930481690063859,
    "3.8.0": 0.4309836396619958,
    "3.8.1": 4.399457812578962,
    "3.8.2": 3.881351298916243,
    "3.8.3": 3.6419680498349565,
    "3.8.4": 3.7238222519900277,
    "3.8.5": 5.45457326436847,
    "3.8.6": 4.304311914464078,
    "3.8.7": 6.298742808627076,
    "3.8.8": 5.396398015644538,
    "3.8.9": 5.256375322276725,
    "3.8.10": 5.660092089849237,
    "3.8.11": 5.155455593471259,
    "3.8.12": 5.74567063874071,
    "3.8.13": 3.6084566585024134,
    "lastPublished": 3.6084566585024134,
    "lastRan": 3.6084566585024134
}