{
    "3.3.0": 1.1212467135031463,
    "lastPublished": 1.0432160883034918,
    "lastRan": 1.0432160883034918,
    "3.4.0": 1.0077362904401552,
    "3.4.1": 1.1486721398379496,
    "3.4.2": 1.2530122435871986,
    "3.4.3": 1.2027306729846525,
    "3.4.4": 0.37739388382244216,
    "3.4.5": 1.0640668000281348,
    "3.4.6": 1.2126927187374783,
    "3.4.7": 1.0432160883034918
}