{
    "3.3.0": 1.1212467135031463,
    "lastPublished": 1.1486721398379496,
    "lastRan": 1.1486721398379496,
    "3.4.0": 1.0077362904401552,
    "3.4.1": 1.1486721398379496
}