{
    "6.1.1": 9.409146340112978,
    "6.1.3": 7.346462145766291,
    "6.1.4": 3.57748863669813,
    "lastVersion": 3.57748863669813
}