{
    "6.1.1": 9.409146340112978,
    "6.1.3": 7.346462145766291,
    "6.1.4": 3.57748863669813,
    "6.1.5": 3.652594507812334,
    "6.1.6": 3.7408639578226746,
    "6.1.7": 5.257380721006146,
    "6.1.8": 6.5723672773802395,
    "lastVersion": 6.5723672773802395
}