{
    "6.1.1": 9.409146340112978,
    "6.1.3": 7.346462145766291,
    "lastPublished": 7.346462145766291,
    "lastRan": 7.346462145766291
}