{
    "6.1.1": 9.409146340112978,
    "lastPublished": 9.409146340112978,
    "lastRan": 9.409146340112978
}