{
    "3.3.0": 1.1212467135031463,
    "3.4.0": 1.0077362904401552,
    "3.4.1": 1.1486721398379496,
    "3.4.2": 1.2530122435871986,
    "3.4.3": 1.2027306729846525,
    "3.4.4": 0.37739388382244216,
    "3.4.5": 1.0640668000281348,
    "3.4.6": 1.2126927187374783,
    "3.4.7": 1.0432160883034918,
    "3.4.8": 0.8999023285094109,
    "3.5.0": 0.9887588189090765,
    "3.5.1": 1.5419650023503222,
    "3.5.2": 1.5126356437798907,
    "3.6.0": 1.4929039973931746,
    "3.6.1": 1.6134233782151004,
    "3.7.0": 1.5471260165910745,
    "3.7.1": 1.5490009003732317,
    "3.7.2": 1.6930481690063859,
    "3.8.0": 0.4309836396619958,
    "3.8.1": 4.399457812578962,
    "3.8.2": 3.881351298916243,
    "3.8.3": 3.6419680498349565,
    "3.8.4": 3.7238222519900277,
    "3.8.5": 5.45457326436847,
    "3.8.6": 4.304311914464078,
    "3.8.7": 6.298742808627076,
    "3.8.8": 5.396398015644538,
    "3.8.9": 5.256375322276725,
    "3.8.10": 5.660092089849237,
    "3.8.11": 5.155455593471259,
    "3.8.12": 5.74567063874071,
    "3.8.13": 3.6084566585024134,
    "3.8.14": 5.0407523172527435,
    "3.8.15": 3.139644894966775,
    "3.8.16": 0.3272436110092431,
    "3.8.17": 2.96031208462566,
    "3.8.18": 5.25977863368484,
    "3.8.19": 3.825112878170054,
    "3.8.20": 5.076400890212059,
    "3.8.21": 11.362203121777407,
    "3.9.0": 10.275082843656282,
    "3.9.1": 10.133295195989664,
    "3.9.2": 4.588246220171348,
    "3.9.3": 3.0562691747118937,
    "3.9.4": 5.6863008315364985,
    "3.9.5": 11.04613851828775,
    "3.9.6": 3.306908873777604,
    "3.9.7": 10.290226033982494,
    "3.9.10": 10.241534191653782,
    "3.9.16": 8.350692451248205,
    "3.9.18": 9.036281567709668,
    "3.9.19": 9.046925652464505,
    "3.9.22": 8.60494693289614,
    "3.9.23": 9.519946610852573,
    "3.10.0": 8.881240525361035,
    "3.10.5": 8.123290562563806,
    "4.0.4": 9.653426523033799,
    "4.0.5": 9.462985447761161,
    "4.1.0": 8.943788334715832,
    "5.0.4": 5.677631555055312,
    "5.0.6": 5.005927421322109,
    "5.0.8": 3.635460637987761,
    "5.0.9": 4.740663784915498,
    "5.0.10": 4.799744575437451,
    "5.0.12": 3.512927449182298,
    "5.0.13": 5.083539504844657,
    "5.0.16": 3.2615349278873054,
    "lastPublished": 3.2615349278873054,
    "lastRan": 3.2615349278873054
}