{
    "last": 1.165027555225079,
    "3.3.0": 1.165027555225079
}