{
    "3.3.0": 1.1212467135031463,
    "lastPublished": 0.37739388382244216,
    "lastRan": 0.37739388382244216,
    "3.4.0": 1.0077362904401552,
    "3.4.1": 1.1486721398379496,
    "3.4.2": 1.2530122435871986,
    "3.4.3": 1.2027306729846525,
    "3.4.4": 0.37739388382244216
}