{
    "3.3.0": 1.1212467135031463,
    "lastPublished": 1.0077362904401552,
    "lastRan": 1.0077362904401552,
    "3.4.0": 1.0077362904401552
}