{
    "3.3.0": 0.9566063819447045,
    "lastPublished": 0.9566063819447045,
    "lastRan": 0.9566063819447045
}