{
    "3.3.0": 1.1212467135031463,
    "lastPublished": 1.1212467135031463,
    "lastRan": 1.1212467135031463
}