{
    "2.9.26": 625039.2573339685,
    "lastPublished": 578875.4792446151,
    "lastRan": 578875.4792446151,
    "2.9.27": 571851.2342662596,
    "2.9.28": 649350.4380532895,
    "2.9.29": 578875.4792446151
}