{
    "2.9.26": 625039.2573339685,
    "lastPublished": 571851.2342662596,
    "lastRan": 571851.2342662596,
    "2.9.27": 571851.2342662596
}