{
    "4.0.5": 755152.0474214897,
    "4.0.7": 975339.0445629203,
    "4.0.8": 894400.2309344087,
    "4.0.9": 1055356.7867608983,
    "4.0.10": 694376.2968758162,
    "lastVersion": 694376.2968758162
}