{
    "2.9.26": 625039.2573339685,
    "lastPublished": 649350.4380532895,
    "lastRan": 649350.4380532895,
    "2.9.27": 571851.2342662596,
    "2.9.28": 649350.4380532895
}