{
    "2.9.26": 625039.2573339685,
    "lastPublished": 625039.2573339685,
    "lastRan": 625039.2573339685
}