{
    "4.0.5": 755152.0474214897,
    "lastPublished": 755152.0474214897,
    "lastRan": 755152.0474214897
}