{
  "4.0.5": 755152.0474214897,
  "4.0.7": 975339.0445629203,
  "4.0.8": 894400.2309344087,
  "4.0.9": 1055356.7867608983,
  "4.0.10": 694376.2968758162,
  "4.0.11": 547712.710464016,
  "4.0.12": 516183.9899687321,
  "4.0.13": 494645.45703980245,
  "4.0.14": 920142.4425516062,
  "5.0.15": 836499.0760286954,
  "5.0.29": 1500587.069923101,
  "lastVersion": 1500587.069923101
}