{
    "4.0.5": 755152.0474214897,
    "4.0.7": 975339.0445629203,
    "4.0.8": 894400.2309344087,
    "lastVersion": 894400.2309344087
}