{
    "2.9.26": 625039.2573339685,
    "lastPublished": 630776.5031218713,
    "lastRan": 630776.5031218713,
    "2.9.27": 571851.2342662596,
    "2.9.28": 649350.4380532895,
    "2.9.29": 578875.4792446151,
    "2.9.30": 670419.2335986235,
    "2.9.31": 577165.6018021015,
    "2.9.32": 661884.8965111536,
    "2.9.33": 673519.1202733816,
    "2.9.34": 541404.6706883888,
    "2.9.35": 567549.9652171686,
    "2.9.36": 559432.87015848,
    "2.9.37": 630776.5031218713
}