{
    "4.0.5": 755152.0474214897,
    "4.0.7": 975339.0445629203,
    "lastPublished": 975339.0445629203,
    "lastRan": 975339.0445629203
}