{
    "2.9.26": 625039.2573339685,
    "2.9.27": 571851.2342662596,
    "2.9.28": 649350.4380532895,
    "2.9.29": 578875.4792446151,
    "2.9.30": 670419.2335986235,
    "2.9.31": 577165.6018021015,
    "2.9.32": 661884.8965111536,
    "2.9.33": 673519.1202733816,
    "2.9.34": 541404.6706883888,
    "2.9.35": 567549.9652171686,
    "2.9.36": 559432.87015848,
    "2.9.37": 630776.5031218713,
    "2.9.38": 532035.0755111871,
    "2.9.39": 574890.0800343747,
    "2.9.40": 187621.3541001039,
    "2.9.41": 536201.8254596738,
    "2.9.42": 574341.4755234345,
    "2.9.43": 200402.10862496984,
    "2.9.44": 631532.8475173711,
    "2.9.45": 622314.0733597695,
    "2.9.46": 602079.8284497936,
    "2.9.47": 629683.3753398951,
    "2.9.48": 517628.4763138122,
    "2.9.49": 133805.97402158225,
    "2.9.50": 177298.40015799357,
    "2.9.51": 509081.94266327366,
    "2.9.52": 533580.735345242,
    "2.9.53": 782132.4925991339,
    "2.9.54": 178587.63784465924,
    "2.9.55": 220331.0417953878,
    "2.9.56": 163290.98973550493,
    "2.9.59": 865213.9721902946,
    "2.9.62": 766244.2397087913,
    "2.9.66": 716638.7492327096,
    "2.10.0": 719519.6276763829,
    "3.0.4": 109576.91431997882,
    "3.0.6": 615557.8265965012,
    "lastPublished": 615557.8265965012,
    "lastRan": 615557.8265965012
}