{
    "2.9.26": 572453.0592641341,
    "lastPublished": 572453.0592641341,
    "lastRan": 572453.0592641341
}