{
    "4.0.5": 755152.0474214897,
    "4.0.7": 975339.0445629203,
    "lastVersion": 975339.0445629203
}