{
    "1.0.0": 838603014.0223383,
    "1.1.0": 968565630.9190451,
    "lastPublished": 968565630.9190451,
    "lastRan": 968565630.9190451
}