{
    "1.0.0": 838603014.0223383,
    "lastPublished": 838603014.0223383,
    "lastRan": 838603014.0223383
}