{
    "3.0.5": 138345359.26465413,
    "3.0.7": 108744553.46986037,
    "3.0.8": 198581605.09023356,
    "lastVersion": 198581605.09023356
}