{
    "3.0.5": 138345359.26465413,
    "3.0.7": 108744553.46986037,
    "lastPublished": 108744553.46986037,
    "lastRan": 108744553.46986037
}