{
    "1.0.0": 838603014.0223383,
    "1.1.0": 968565630.9190451,
    "1.1.1": 839199775.3737109,
    "lastPublished": 839199775.3737109,
    "lastRan": 839199775.3737109
}