{
    "1.0.0": 838603014.0223383,
    "1.1.0": 968565630.9190451,
    "1.1.1": 839199775.3737109,
    "2.0.4": 135112475.79286104,
    "2.0.6": 725573549.1514689,
    "2.0.8": 847447702.7496336,
    "lastPublished": 847447702.7496336,
    "lastRan": 847447702.7496336
}