{
  "3.0.5": 138345359.26465413,
  "3.0.7": 108744553.46986037,
  "3.0.8": 198581605.09023356,
  "3.0.9": 210177123.28233394,
  "3.0.10": 164797085.76362455,
  "3.0.11": 189723503.41662788,
  "3.0.12": 213548425.15562463,
  "3.0.13": 255785185.80660948,
  "3.0.14": 177812549.0748055,
  "3.0.15": 171921303.02485785,
  "lastVersion": 171921303.02485785
}