{
    "1.0.0": 838603014.0223383,
    "1.1.0": 968565630.9190451,
    "1.1.1": 839199775.3737109,
    "2.0.4": 135112475.79286104,
    "2.0.6": 725573549.1514689,
    "2.0.8": 847447702.7496336,
    "2.0.9": 873046078.1632677,
    "2.0.10": 857399429.4318584,
    "2.0.12": 752048892.06552,
    "2.0.16": 737310958.7853063,
    "lastPublished": 737310958.7853063,
    "lastRan": 737310958.7853063
}