{
    "1.0.0": 838603014.0223383,
    "1.1.0": 968565630.9190451,
    "1.1.1": 839199775.3737109,
    "2.0.4": 135112475.79286104,
    "lastPublished": 135112475.79286104,
    "lastRan": 135112475.79286104
}