{
    "3.0.5": 138345359.26465413,
    "lastPublished": 138345359.26465413,
    "lastRan": 138345359.26465413
}