{
    "3.0.5": 138345359.26465413,
    "3.0.7": 108744553.46986037,
    "3.0.8": 198581605.09023356,
    "3.0.9": 210177123.28233394,
    "3.0.10": 164797085.76362455,
    "lastVersion": 164797085.76362455
}