{
    "2.11.26": 336848.0377762567,
    "lastPublished": 371468.8435664785,
    "lastRan": 371468.8435664785,
    "2.12.0": 371468.8435664785
}