{
    "2.11.26": 336848.0377762567,
    "2.12.0": 371468.8435664785,
    "2.12.1": 364130.20113637706,
    "2.12.2": 381672.0374782489,
    "2.12.3": 384711.01001971087,
    "2.12.4": 384968.1016278317,
    "2.12.5": 370113.4691728149,
    "2.12.6": 367655.112563212,
    "2.12.7": 311129.2366246406,
    "2.12.8": 349356.4858105177,
    "2.12.9": 339482.26184434595,
    "2.12.10": 355764.9758389027,
    "2.12.11": 398507.8045919564,
    "2.12.12": 416756.22901569045,
    "2.12.13": 145415.53659652753,
    "2.12.14": 364287.7734744819,
    "2.12.15": 427398.271554232,
    "2.12.16": 191765.73951097773,
    "2.12.17": 466042.0269831221,
    "2.12.18": 451011.4203937527,
    "2.12.19": 364441.53301831626,
    "2.12.20": 356469.192721325,
    "2.12.21": 490939.7605675848,
    "2.12.22": 479220.9974086652,
    "2.12.23": 376037.95608315215,
    "lastPublished": 376037.95608315215,
    "lastRan": 376037.95608315215
}