{
    "2.11.26": 336848.0377762567,
    "lastPublished": 364130.20113637706,
    "lastRan": 364130.20113637706,
    "2.12.0": 371468.8435664785,
    "2.12.1": 364130.20113637706
}