{
    "4.0.5": 470656.721382774,
    "lastPublished": 470656.721382774,
    "lastRan": 470656.721382774
}