{
    "4.0.5": 470656.721382774,
    "4.0.7": 577963.721546285,
    "4.0.8": 701847.8878417735,
    "4.0.9": 485095.24329218955,
    "4.0.10": 405521.5492155692,
    "4.0.11": 427488.32832802203,
    "4.0.12": 350549.10254644474,
    "4.0.13": 424699.6023150261,
    "4.0.14": 413082.26480655407,
    "lastVersion": 413082.26480655407
}