{
    "2.11.26": 305452.80068344733,
    "lastPublished": 305452.80068344733,
    "lastRan": 305452.80068344733
}