{
    "2.11.26": 336848.0377762567,
    "lastPublished": 339482.26184434595,
    "lastRan": 339482.26184434595,
    "2.12.0": 371468.8435664785,
    "2.12.1": 364130.20113637706,
    "2.12.2": 381672.0374782489,
    "2.12.3": 384711.01001971087,
    "2.12.4": 384968.1016278317,
    "2.12.5": 370113.4691728149,
    "2.12.6": 367655.112563212,
    "2.12.7": 311129.2366246406,
    "2.12.8": 349356.4858105177,
    "2.12.9": 339482.26184434595
}