{
    "4.0.5": 470656.721382774,
    "4.0.7": 577963.721546285,
    "4.0.8": 701847.8878417735,
    "4.0.9": 485095.24329218955,
    "lastVersion": 485095.24329218955
}