{
    "last": 358697.3710645912,
    "2.11.26": 358697.3710645912
}