{
    "4.0.5": 470656.721382774,
    "4.0.7": 577963.721546285,
    "lastPublished": 577963.721546285,
    "lastRan": 577963.721546285
}