{
    "4.0.5": 470656.721382774,
    "4.0.7": 577963.721546285,
    "lastVersion": 577963.721546285
}