{
    "4.0.5": 470656.721382774,
    "4.0.7": 577963.721546285,
    "4.0.8": 701847.8878417735,
    "lastVersion": 701847.8878417735
}