{
    "2.11.26": 336848.0377762567,
    "lastPublished": 384968.1016278317,
    "lastRan": 384968.1016278317,
    "2.12.0": 371468.8435664785,
    "2.12.1": 364130.20113637706,
    "2.12.2": 381672.0374782489,
    "2.12.3": 384711.01001971087,
    "2.12.4": 384968.1016278317
}