{
    "last": 588346.3282046189,
    "2.11.26": 588346.3282046189
}