{
    "2.11.26": 336848.0377762567,
    "lastPublished": 336848.0377762567,
    "lastRan": 336848.0377762567
}