{
    "2.3.5": 4831.272107523917,
    "2.3.6": 6931.879502100015,
    "2.3.7": 5810.619425803758,
    "2.3.8": 5542.3648039239315,
    "2.3.9": 5811.111130184805,
    "2.3.10": 7564.08218961255,
    "2.3.11": 5203.129535279657,
    "2.3.12": 5780.833472286348,
    "2.3.13": 4392.245681360724,
    "2.3.14": 7207.684123238143,
    "2.3.15": 5979.5802262603265,
    "2.3.16": 7019.000250738073,
    "2.3.17": 6247.590575070804,
    "2.4.0": 5932.281169812266,
    "2.4.1": 5389.857924542411,
    "2.4.2": 6261.200835132729,
    "2.4.3": 4499.671830429757,
    "2.4.4": 1726.3630545934725,
    "2.4.5": 7049.347140458519,
    "2.4.6": 5656.516189960951,
    "2.4.7": 5879.51395199137,
    "2.4.8": 5653.56819573532,
    "2.4.9": 7012.359953755471,
    "2.4.10": 6919.773092916263,
    "2.4.11": 5156.495429834468,
    "2.4.12": 5815.531040430244,
    "2.4.13": 7123.669433165434,
    "2.4.14": 6867.780605695455,
    "2.5.0": 6524.655040331422,
    "2.5.1": 3178.3754748688184,
    "2.5.2": 3329.828991417304,
    "2.5.3": 4958.811213743993,
    "2.5.4": 3795.2131450850984,
    "2.5.5": 4906.238214457196,
    "2.5.6": 4792.563878352899,
    "2.5.7": 3544.850806343764,
    "2.5.8": 10865.40839919178,
    "2.5.9": 4762.01533836333,
    "2.5.10": 10314.73732923714,
    "2.5.11": 3638.7488503088243,
    "2.5.12": 12369.882194146863,
    "2.5.14": 10904.797765827308,
    "2.6.0": 106710.73655749449,
    "3.0.6": 103687.62531578493,
    "3.0.7": 105010.6661046734,
    "4.0.1": 88137.60106805329,
    "5.0.0": 97668.96226647212,
    "5.0.2": 92956.92580919196,
    "lastPublished": 92956.92580919196,
    "lastRan": 92956.92580919196
}