{
    "6.0.5": 96908.88933239199,
    "lastPublished": 96908.88933239199,
    "lastRan": 96908.88933239199
}