{
    "2.3.5": 4831.272107523917,
    "lastPublished": 5542.3648039239315,
    "lastRan": 5542.3648039239315,
    "2.3.6": 6931.879502100015,
    "2.3.7": 5810.619425803758,
    "2.3.8": 5542.3648039239315
}