{
    "2.3.5": 4831.272107523917,
    "lastPublished": 7019.000250738073,
    "lastRan": 7019.000250738073,
    "2.3.6": 6931.879502100015,
    "2.3.7": 5810.619425803758,
    "2.3.8": 5542.3648039239315,
    "2.3.9": 5811.111130184805,
    "2.3.10": 7564.08218961255,
    "2.3.11": 5203.129535279657,
    "2.3.12": 5780.833472286348,
    "2.3.13": 4392.245681360724,
    "2.3.14": 7207.684123238143,
    "2.3.15": 5979.5802262603265,
    "2.3.16": 7019.000250738073
}
