{
    "2.3.5": 4831.272107523917,
    "lastPublished": 6931.879502100015,
    "lastRan": 6931.879502100015,
    "2.3.6": 6931.879502100015
}