{
    "2.3.5": 4831.272107523917,
    "lastPublished": 5810.619425803758,
    "lastRan": 5810.619425803758,
    "2.3.6": 6931.879502100015,
    "2.3.7": 5810.619425803758
}