{
    "6.0.5": 96908.88933239199,
    "6.0.7": 116724.77085837591,
    "6.0.8": 74298.33678231636,
    "6.0.9": 67495.95712114027,
    "lastVersion": 67495.95712114027
}