{
    "6.0.5": 96908.88933239199,
    "6.0.7": 116724.77085837591,
    "lastPublished": 116724.77085837591,
    "lastRan": 116724.77085837591
}