{
  "6.0.5": 96908.88933239199,
  "6.0.7": 116724.77085837591,
  "6.0.8": 74298.33678231636,
  "6.0.9": 67495.95712114027,
  "6.0.10": 80143.48025250416,
  "6.0.11": 64672.612108660585,
  "6.0.12": 78650.32136575208,
  "6.0.13": 95154.61068768839,
  "6.0.14": 77468.46051471638,
  "6.0.15": 106858.6893606681,
  "6.0.16": 106958.43487395627,
  "6.0.17": 100468.18504985305,
  "lastVersion": 100468.18504985305
}