{
    "2.6.0": 833.5878440520621,
    "lastPublished": 833.5878440520621,
    "lastRan": 833.5878440520621
}