{
    "2.3.5": 7019.8965385406,
    "lastPublished": 7019.8965385406,
    "lastRan": 7019.8965385406
}