{
    "2.3.5": 4831.272107523917,
    "lastPublished": 5203.129535279657,
    "lastRan": 5203.129535279657,
    "2.3.6": 6931.879502100015,
    "2.3.7": 5810.619425803758,
    "2.3.8": 5542.3648039239315,
    "2.3.9": 5811.111130184805,
    "2.3.10": 7564.08218961255,
    "2.3.11": 5203.129535279657
}