{
    "6.0.5": 96908.88933239199,
    "6.0.7": 116724.77085837591,
    "6.0.8": 74298.33678231636,
    "lastVersion": 74298.33678231636
}