{
    "2.3.5": 4831.272107523917,
    "lastPublished": 4831.272107523917,
    "lastRan": 4831.272107523917
}