{
  "6.0.5": 1857455.9562545675,
  "6.0.7": 2245483.307482659,
  "6.0.8": 1860617.9862556194,
  "6.0.9": 1459888.152639317,
  "6.0.10": 1795557.597798452,
  "6.0.11": 1155365.8178761988,
  "6.0.12": 798875.5221611124,
  "6.0.13": 953916.7902640525,
  "6.0.14": 1101209.6887467501,
  "6.0.15": 2091466.4227651039,
  "lastVersion": 2091466.4227651039
}