{
    "last": 3597347.873055919,
    "1.12.26": 3597347.873055919,
    "lastRan": 3597347.873055919
}