{
    "2.0.24": 2081748.1121578005,
    "4.0.0": 1430986.2428244567,
    "lastPublished": 1430986.2428244567,
    "lastRan": 1430986.2428244567
}