{
    "1.12.26": 3252692.4169257064,
    "lastPublished": 3252692.4169257064,
    "lastRan": 3252692.4169257064
}