{
    "2.0.24": 2081748.1121578005,
    "lastPublished": 2081748.1121578005,
    "lastRan": 2081748.1121578005
}