{
    "2.0.24": 2081748.1121578005,
    "4.0.0": 1430986.2428244567,
    "5.0.4": 292618.9318628952,
    "5.0.6": 1332333.6863747058,
    "5.0.8": 1572046.7754229957,
    "5.0.9": 1878055.9701910114,
    "5.0.10": 1760495.4882500211,
    "5.0.12": 1299778.9262480442,
    "5.0.16": 1394516.886302769,
    "5.1.0": 1716379.6371171807,
    "lastPublished": 1716379.6371171807,
    "lastRan": 1716379.6371171807
}