{
    "1.12.26": 3252692.4169257064,
    "lastPublished": 795716.5358468456,
    "lastRan": 795716.5358468456,
    "1.12.27": 3082832.24919026,
    "1.12.28": 3244673.1476386385,
    "1.12.29": 3411481.390075396,
    "1.12.30": 3492542.086059229,
    "1.12.31": 1091438.0454981118,
    "1.12.32": 3320314.6125828954,
    "1.12.33": 3521348.363464543,
    "1.12.34": 3060214.0458309003,
    "1.12.35": 3113757.741049967,
    "1.12.36": 3001462.0634456403,
    "1.12.37": 3129601.1088699945,
    "1.12.38": 3317688.8697083774,
    "1.12.39": 3566118.094300248,
    "1.12.40": 795716.5358468456
}