{
    "1.12.26": 3252692.4169257064,
    "lastPublished": 3492542.086059229,
    "lastRan": 3492542.086059229,
    "1.12.27": 3082832.24919026,
    "1.12.28": 3244673.1476386385,
    "1.12.29": 3411481.390075396,
    "1.12.30": 3492542.086059229
}