{
    "1.12.26": 3252692.4169257064,
    "lastPublished": 3082832.24919026,
    "lastRan": 3082832.24919026,
    "1.12.27": 3082832.24919026
}