{
    "1.12.26": 3252692.4169257064,
    "lastPublished": 3521348.363464543,
    "lastRan": 3521348.363464543,
    "1.12.27": 3082832.24919026,
    "1.12.28": 3244673.1476386385,
    "1.12.29": 3411481.390075396,
    "1.12.30": 3492542.086059229,
    "1.12.31": 1091438.0454981118,
    "1.12.32": 3320314.6125828954,
    "1.12.33": 3521348.363464543
}