{
    "1.12.26": 3252692.4169257064,
    "1.12.27": 3082832.24919026,
    "1.12.28": 3244673.1476386385,
    "1.12.29": 3411481.390075396,
    "1.12.30": 3492542.086059229,
    "1.12.31": 1091438.0454981118,
    "1.12.32": 3320314.6125828954,
    "1.12.33": 3521348.363464543,
    "1.12.34": 3060214.0458309003,
    "1.12.35": 3113757.741049967,
    "1.12.36": 3001462.0634456403,
    "1.12.37": 3129601.1088699945,
    "1.12.38": 3317688.8697083774,
    "1.12.39": 3566118.094300248,
    "1.12.40": 795716.5358468456,
    "1.12.41": 3832290.4671315467,
    "1.12.42": 483327.7742587734,
    "2.0.0": 2024909.7478028329,
    "2.0.1": 954860.5106327862,
    "2.0.2": 1872271.025928637,
    "2.0.3": 1854584.249857206,
    "2.0.4": 1829241.9689150238,
    "2.0.5": 1755654.008729269,
    "2.0.6": 1865171.9967075184,
    "2.0.7": 1983760.3957939728,
    "2.0.8": 537429.6878482255,
    "2.0.9": 708065.3354722221,
    "2.0.10": 1735318.8956272155,
    "2.0.11": 1767898.966420932,
    "2.0.12": 857494.0334822483,
    "2.0.13": 655387.8481612501,
    "lastPublished": 655387.8481612501,
    "lastRan": 655387.8481612501
}