{
    "6.0.5": 1857455.9562545675,
    "6.0.7": 2245483.307482659,
    "lastVersion": 2245483.307482659
}