{
    "2.0.24": 2081748.1121578005,
    "4.0.0": 1430986.2428244567,
    "5.0.4": 292618.9318628952,
    "5.0.6": 1332333.6863747058,
    "5.0.8": 1572046.7754229957,
    "5.0.9": 1878055.9701910114,
    "lastPublished": 1878055.9701910114,
    "lastRan": 1878055.9701910114
}