{
    "2.0.24": 2081748.1121578005,
    "4.0.0": 1430986.2428244567,
    "5.0.4": 292618.9318628952,
    "lastPublished": 292618.9318628952,
    "lastRan": 292618.9318628952
}