{
    "6.0.5": 1857455.9562545675,
    "lastPublished": 1857455.9562545675,
    "lastRan": 1857455.9562545675
}