{
    "6.0.5": 1857455.9562545675,
    "6.0.7": 2245483.307482659,
    "6.0.8": 1860617.9862556194,
    "6.0.9": 1459888.152639317,
    "6.0.10": 1795557.597798452,
    "lastVersion": 1795557.597798452
}