{
    "6.0.5": 1857455.9562545675,
    "6.0.7": 2245483.307482659,
    "lastPublished": 2245483.307482659,
    "lastRan": 2245483.307482659
}