{
    "3.10.27": 10690.96910121307,
    "lastPublished": 11213.535025089637,
    "lastRan": 11213.535025089637,
    "3.10.28": 11213.535025089637
}