{
    "8.0.5": 813577.1220942794,
    "8.0.7": 970426.1323093252,
    "8.0.8": 573433.1249196688,
    "8.0.9": 584636.7346970191,
    "8.0.10": 555216.7025151238,
    "8.0.11": 434774.1712750419,
    "lastVersion": 434774.1712750419
}