{
    "3.10.27": 10690.96910121307,
    "lastPublished": 1140903.7896441754,
    "lastRan": 1140903.7896441754,
    "3.10.28": 11213.535025089637,
    "3.10.29": 9653.60444100515,
    "3.10.30": 11811.19931256705,
    "3.10.31": 10202.17932947886,
    "3.10.32": 11781.946989012597,
    "3.10.33": 9845.034859044854,
    "3.10.34": 10359.347696729055,
    "3.10.35": 9814.181464099995,
    "3.10.36": 1056747.3627152715,
    "3.11.0": 1140903.7896441754
}