{
    "3.10.27": 10690.96910121307,
    "lastPublished": 10359.347696729055,
    "lastRan": 10359.347696729055,
    "3.10.28": 11213.535025089637,
    "3.10.29": 9653.60444100515,
    "3.10.30": 11811.19931256705,
    "3.10.31": 10202.17932947886,
    "3.10.32": 11781.946989012597,
    "3.10.33": 9845.034859044854,
    "3.10.34": 10359.347696729055
}