{
    "3.10.27": 10690.96910121307,
    "lastPublished": 9653.60444100515,
    "lastRan": 9653.60444100515,
    "3.10.28": 11213.535025089637,
    "3.10.29": 9653.60444100515
}