{
    "8.0.5": 813577.1220942794,
    "8.0.7": 970426.1323093252,
    "lastVersion": 970426.1323093252
}