{
    "3.10.27": 10690.96910121307,
    "3.10.28": 11213.535025089637,
    "3.10.29": 9653.60444100515,
    "3.10.30": 11811.19931256705,
    "3.10.31": 10202.17932947886,
    "3.10.32": 11781.946989012597,
    "3.10.33": 9845.034859044854,
    "3.10.34": 10359.347696729055,
    "3.10.35": 9814.181464099995,
    "3.10.36": 1056747.3627152715,
    "3.11.0": 1140903.7896441754,
    "3.11.1": 1118550.780010508,
    "3.11.2": 1082646.24215763,
    "3.11.3": 1201419.858232086,
    "3.11.4": 310896.4012189865,
    "3.11.5": 854744.7161582878,
    "3.11.6": 1171837.1415731255,
    "3.11.7": 304162.5344773795,
    "3.11.8": 1227393.2436636914,
    "3.11.9": 1229886.9665807171,
    "3.11.10": 1220860.9133369992,
    "3.11.11": 1130162.4788960726,
    "3.11.12": 1234813.0909887084,
    "3.11.13": 1196192.5263477785,
    "3.11.14": 524294.0673626143,
    "3.11.15": 412325.94091235433,
    "3.11.16": 1887777.634857142,
    "3.11.17": 505412.1821411041,
    "3.11.18": 1973370.3461338065,
    "3.11.19": 1100007.5315266417,
    "4.0.0": 1215120.5334758824,
    "4.0.1": 1212172.3050236916,
    "4.0.2": 296775.91504485044,
    "4.0.3": 264187.7953102763,
    "4.0.7": 702537.76943317,
    "4.0.11": 674353.2667427905,
    "5.0.0": 646709.8789873202,
    "6.0.4": 15914.747256453558,
    "6.0.5": 94283.13520621085,
    "7.0.0": 62173.01208160986,
    "7.0.2": 80875.36030976551,
    "lastPublished": 80875.36030976551,
    "lastRan": 80875.36030976551
}