{
    "8.0.5": 813577.1220942794,
    "lastPublished": 813577.1220942794,
    "lastRan": 813577.1220942794
}