{
    "8.0.5": 813577.1220942794,
    "8.0.7": 970426.1323093252,
    "lastPublished": 970426.1323093252,
    "lastRan": 970426.1323093252
}