{
  "8.0.5": 813577.1220942794,
  "8.0.7": 970426.1323093252,
  "8.0.8": 573433.1249196688,
  "8.0.9": 584636.7346970191,
  "8.0.10": 555216.7025151238,
  "8.0.11": 434774.1712750419,
  "8.0.12": 638278.0527879338,
  "8.1.0": 602665.6802210888,
  "8.1.1": 498896.3672911816,
  "8.1.2": 515526.3392155313,
  "8.1.3": 690758.3302049459,
  "8.1.4": 783279.713893718,
  "lastVersion": 783279.713893718
}