{
    "3.10.27": 10690.96910121307,
    "lastPublished": 11811.19931256705,
    "lastRan": 11811.19931256705,
    "3.10.28": 11213.535025089637,
    "3.10.29": 9653.60444100515,
    "3.10.30": 11811.19931256705
}