{
    "3.10.27": 10690.96910121307,
    "lastPublished": 10690.96910121307,
    "lastRan": 10690.96910121307
}