{
    "3.10.27": 9736.144693319633,
    "lastPublished": 9736.144693319633,
    "lastRan": 9736.144693319633
}