{
    "8.0.5": 813577.1220942794,
    "8.0.7": 970426.1323093252,
    "8.0.8": 573433.1249196688,
    "lastVersion": 573433.1249196688
}