{
    "3.0.5": 460205.89832625136,
    "3.0.7": 556510.5759566403,
    "3.0.8": 361732.04653245327,
    "3.0.9": 418466.856574634,
    "lastVersion": 418466.856574634
}