{
    "3.0.5": 460205.89832625136,
    "3.0.7": 556510.5759566403,
    "3.0.8": 361732.04653245327,
    "3.0.9": 418466.856574634,
    "3.0.10": 418727.9890489624,
    "3.0.11": 369033.85694500996,
    "lastVersion": 369033.85694500996
}