{
    "1.0.0": 178962.3683393592,
    "1.1.0": 261756.94311190982,
    "1.1.1": 169081.52510269967,
    "1.1.2": 41546.96548261564,
    "1.1.3": 146287.67556564254,
    "lastPublished": 146287.67556564254,
    "lastRan": 146287.67556564254
}