{
    "3.0.5": 460205.89832625136,
    "lastPublished": 460205.89832625136,
    "lastRan": 460205.89832625136
}