{
    "1.0.0": 178962.3683393592,
    "1.1.0": 261756.94311190982,
    "1.1.1": 169081.52510269967,
    "1.1.2": 41546.96548261564,
    "1.1.3": 146287.67556564254,
    "1.1.12": 377172.11053404544,
    "1.1.13": 366352.84844367456,
    "lastPublished": 366352.84844367456,
    "lastRan": 366352.84844367456
}