{
    "1.0.0": 178962.3683393592,
    "1.1.0": 261756.94311190982,
    "1.1.1": 169081.52510269967,
    "lastPublished": 169081.52510269967,
    "lastRan": 169081.52510269967
}