{
    "1.0.0": 178962.3683393592,
    "1.1.0": 261756.94311190982,
    "1.1.1": 169081.52510269967,
    "1.1.2": 41546.96548261564,
    "1.1.3": 146287.67556564254,
    "1.1.12": 377172.11053404544,
    "1.1.13": 366352.84844367456,
    "1.2.1": 331966.14168995054,
    "2.0.4": 49330.35854170553,
    "2.0.6": 318882.8012070326,
    "2.0.8": 312916.20516339195,
    "2.0.9": 362275.940852528,
    "2.0.10": 359258.90925713093,
    "lastPublished": 359258.90925713093,
    "lastRan": 359258.90925713093
}