{
    "1.0.0": 178962.3683393592,
    "1.1.0": 261756.94311190982,
    "lastPublished": 261756.94311190982,
    "lastRan": 261756.94311190982
}