{
    "1.0.0": 178962.3683393592,
    "lastPublished": 178962.3683393592,
    "lastRan": 178962.3683393592
}