{
    "3.0.5": 460205.89832625136,
    "3.0.7": 556510.5759566403,
    "3.0.8": 361732.04653245327,
    "3.0.9": 418466.856574634,
    "3.0.10": 418727.9890489624,
    "3.0.11": 369033.85694500996,
    "3.0.12": 297083.48915227514,
    "3.1.0": 312644.1782401792,
    "3.1.1": 337012.66490872036,
    "lastVersion": 337012.66490872036
}