{
    "3.0.5": 460205.89832625136,
    "3.0.7": 556510.5759566403,
    "lastPublished": 556510.5759566403,
    "lastRan": 556510.5759566403
}