{
    "1.0.0": 182.43670185864184,
    "lastPublished": 182.43670185864184,
    "lastRan": 182.43670185864184
}