{
    "1.9.26": 320674.07549728703,
    "lastPublished": 335313.62079871696,
    "lastRan": 335313.62079871696,
    "1.9.27": 325262.38288412755,
    "1.9.28": 315499.015312875,
    "1.9.29": 226996.84747543308,
    "1.9.30": 319660.51152791857,
    "1.9.31": 335313.62079871696
}