{
  "3.0.5": 471459.1816611626,
  "3.0.7": 643000.1213789769,
  "3.0.8": 438150.3381859717,
  "3.0.9": 555414.1713873455,
  "3.0.10": 497633.0315511535,
  "3.0.11": 313788.890371818,
  "3.0.12": 333750.07588471053,
  "3.1.0": 345286.399016214,
  "3.1.1": 320664.380351535,
  "3.1.2": 517239.8992994788,
  "lastVersion": 517239.8992994788
}