{
    "1.9.26": 264474.05882173,
    "lastPublished": 264474.05882173,
    "lastRan": 264474.05882173
}