{
    "1.9.26": 320674.07549728703,
    "lastPublished": 315499.015312875,
    "lastRan": 315499.015312875,
    "1.9.27": 325262.38288412755,
    "1.9.28": 315499.015312875
}