{
    "1.9.26": 320674.07549728703,
    "lastPublished": 308778.89122233813,
    "lastRan": 308778.89122233813,
    "1.9.27": 325262.38288412755,
    "1.9.28": 315499.015312875,
    "1.9.29": 226996.84747543308,
    "1.9.30": 319660.51152791857,
    "1.9.31": 335313.62079871696,
    "1.9.32": 324360.37981460587,
    "1.9.33": 331388.24844467174,
    "1.9.34": 301693.9832019314,
    "1.9.35": 320165.0587096109,
    "1.9.36": 327722.40135693294,
    "1.9.37": 308778.89122233813
}