{
    "3.0.5": 471459.1816611626,
    "lastPublished": 471459.1816611626,
    "lastRan": 471459.1816611626
}