{
    "1.9.26": 320674.07549728703,
    "1.9.27": 325262.38288412755,
    "1.9.28": 315499.015312875,
    "1.9.29": 226996.84747543308,
    "1.9.30": 319660.51152791857,
    "1.9.31": 335313.62079871696,
    "1.9.32": 324360.37981460587,
    "1.9.33": 331388.24844467174,
    "1.9.34": 301693.9832019314,
    "1.9.35": 320165.0587096109,
    "1.9.36": 327722.40135693294,
    "1.9.37": 308778.89122233813,
    "1.9.38": 324231.1281993645,
    "1.9.39": 306740.9906271216,
    "1.9.40": 114212.09329615397,
    "1.9.41": 357351.56011298293,
    "1.9.42": 319510.6521745492,
    "1.9.43": 145412.2093901973,
    "1.9.44": 330995.5690436423,
    "1.9.45": 327572.0871405492,
    "1.9.46": 287563.0454348434,
    "1.9.47": 316320.78833468177,
    "1.9.48": 350322.41063141596,
    "1.9.49": 115205.52665839554,
    "1.9.50": 152417.28266108804,
    "1.9.51": 308391.66167309246,
    "1.9.52": 316093.08914531796,
    "1.9.53": 170762.34736385607,
    "1.9.54": 152192.62800703238,
    "1.9.55": 177186.64970879676,
    "1.9.56": 193631.0731382082,
    "1.9.59": 497586.19750061416,
    "1.9.64": 458859.5853859144,
    "1.10.1": 509881.9577379506,
    "1.11.1": 453365.70376775606,
    "2.0.4": 97189.69189964516,
    "2.0.6": 402742.6613274255,
    "2.0.8": 453248.2076365403,
    "2.0.9": 485211.273369567,
    "2.0.10": 506495.63717575296,
    "2.0.12": 415866.96019482054,
    "2.0.16": 436298.02689748426,
    "2.1.0": 375092.02009240456,
    "lastPublished": 375092.02009240456,
    "lastRan": 375092.02009240456
}