{
    "1.9.26": 320674.07549728703,
    "lastPublished": 325262.38288412755,
    "lastRan": 325262.38288412755,
    "1.9.27": 325262.38288412755
}