{
    "3.0.5": 471459.1816611626,
    "3.0.7": 643000.1213789769,
    "3.0.8": 438150.3381859717,
    "3.0.9": 555414.1713873455,
    "3.0.10": 497633.0315511535,
    "lastVersion": 497633.0315511535
}