{
    "1.9.26": 320674.07549728703,
    "lastPublished": 320674.07549728703,
    "lastRan": 320674.07549728703
}