{
    "3.0.5": 471459.1816611626,
    "3.0.7": 643000.1213789769,
    "lastPublished": 643000.1213789769,
    "lastRan": 643000.1213789769
}