{
    "1.9.26": 320674.07549728703,
    "lastPublished": 226996.84747543308,
    "lastRan": 226996.84747543308,
    "1.9.27": 325262.38288412755,
    "1.9.28": 315499.015312875,
    "1.9.29": 226996.84747543308
}