{
    "0.0.1": 18259.244260547173,
    "0.1.0": 10770.817407804969,
    "0.2.0": 10976.247093932754,
    "0.3.0": 5167.323219243267,
    "0.4.0": 4763.156991367055,
    "0.5.0": 1524.6427001276984,
    "0.5.1": 3160.7206377563375,
    "lastPublished": 3160.7206377563375,
    "lastRan": 3160.7206377563375
}