{
    "0.12.5": 6303.735317232572,
    "0.12.7": 8074.588522458305,
    "0.12.8": 4278.798117259173,
    "0.12.9": 4100.677164070157,
    "0.12.10": 6440.788558391958,
    "0.12.11": 5738.095576370699,
    "0.12.12": 5645.609004390301,
    "lastVersion": 5645.609004390301
}