{
    "0.0.1": 18259.244260547173,
    "0.1.0": 10770.817407804969,
    "0.2.0": 10976.247093932754,
    "0.3.0": 5167.323219243267,
    "0.4.0": 4763.156991367055,
    "0.5.0": 1524.6427001276984,
    "0.5.1": 3160.7206377563375,
    "0.5.2": 4491.736909740705,
    "0.6.0": 4824.145372637357,
    "0.6.1": 4671.725356749863,
    "0.6.4": 3886.938498228121,
    "0.6.6": 4358.9890901901645,
    "lastPublished": 4358.9890901901645,
    "lastRan": 4358.9890901901645
}