{
    "0.12.5": 6303.735317232572,
    "0.12.7": 8074.588522458305,
    "lastPublished": 8074.588522458305,
    "lastRan": 8074.588522458305
}