{
    "0.0.1": 18259.244260547173,
    "0.1.0": 10770.817407804969,
    "0.2.0": 10976.247093932754,
    "0.3.0": 5167.323219243267,
    "0.4.0": 4763.156991367055,
    "0.5.0": 1524.6427001276984,
    "0.5.1": 3160.7206377563375,
    "0.5.2": 4491.736909740705,
    "0.6.0": 4824.145372637357,
    "0.6.1": 4671.725356749863,
    "0.6.4": 3886.938498228121,
    "0.6.6": 4358.9890901901645,
    "0.7.7": 4802.913751011106,
    "0.7.8": 4572.500646940283,
    "0.8.3": 4398.679549764717,
    "0.8.5": 10557.973262461339,
    "0.8.6": 6431.833242836762,
    "0.9.2": 6515.92811497725,
    "0.10.0": 6606.3296715032,
    "0.10.1": 6531.342797998347,
    "lastPublished": 6531.342797998347,
    "lastRan": 6531.342797998347
}