{
    "0.12.5": 6303.735317232572,
    "0.12.7": 8074.588522458305,
    "0.12.8": 4278.798117259173,
    "lastVersion": 4278.798117259173
}