{
    "0.0.1": 18259.244260547173,
    "0.1.0": 10770.817407804969,
    "0.2.0": 10976.247093932754,
    "0.3.0": 5167.323219243267,
    "lastPublished": 5167.323219243267,
    "lastRan": 5167.323219243267
}