{
    "0.0.1": 18259.244260547173,
    "lastPublished": 18259.244260547173,
    "lastRan": 18259.244260547173
}