{
    "0.0.1": 18259.244260547173,
    "0.1.0": 10770.817407804969,
    "lastPublished": 10770.817407804969,
    "lastRan": 10770.817407804969
}