{
    "0.12.5": 6303.735317232572,
    "0.12.7": 8074.588522458305,
    "0.12.8": 4278.798117259173,
    "0.12.9": 4100.677164070157,
    "0.12.10": 6440.788558391958,
    "0.12.11": 5738.095576370699,
    "0.12.12": 5645.609004390301,
    "0.12.13": 5173.553340182011,
    "0.12.14": 5462.922658414363,
    "0.12.15": 5418.6765467230525,
    "lastVersion": 5418.6765467230525
}