{
    "0.12.5": 6303.735317232572,
    "lastPublished": 6303.735317232572,
    "lastRan": 6303.735317232572
}