{
    "4.0.4": 345.3120382030701,
    "5.0.0": 354.37940473927404,
    "5.0.1": 312.0483579068235,
    "5.1.0": 368.02154006426485,
    "5.1.1": 364.5823396252266,
    "5.2.0": 370.5691545655425,
    "lastPublished": 370.5691545655425,
    "lastRan": 370.5691545655425
}