{
    "4.0.4": 345.3120382030701,
    "5.0.0": 354.37940473927404,
    "5.0.1": 312.0483579068235,
    "5.1.0": 368.02154006426485,
    "5.1.1": 364.5823396252266,
    "5.2.0": 370.5691545655425,
    "5.2.1": 424.55053744909867,
    "5.3.0": 656.1001667542705,
    "5.4.0": 427.0408524720251,
    "5.5.0": 423.4645222528554,
    "5.6.0": 546.3238094280433,
    "5.7.0": 690.2175006540788,
    "5.7.1": 505.1962282229217,
    "5.7.2": 678.0288124093968,
    "5.7.3": 716.2714867401901,
    "5.8.0": 615.4306233531058,
    "5.8.1": 489.35578754401695,
    "5.8.2": 1094.007762005215,
    "5.8.3": 437.5495801771402,
    "5.8.4": 1095.6355692658087,
    "5.8.5": 423.3418911812469,
    "5.8.6": 423.5173327149828,
    "lastPublished": 423.5173327149828,
    "lastRan": 423.5173327149828
}