{
    "4.0.4": 345.3120382030701,
    "lastPublished": 345.3120382030701,
    "lastRan": 345.3120382030701
}