{
  "8.0.5": 1973.368457939894,
  "8.0.7": 1870.6274503833802,
  "8.0.8": 957.5614877725097,
  "8.0.9": 694.7551596013482,
  "8.0.10": 928.7507527989885,
  "8.0.11": 798.7147009764832,
  "8.0.12": 954.9731064615411,
  "8.0.13": 952.5665128727155,
  "8.0.14": 838.3706595668665,
  "8.0.15": 777.9830168091604,
  "8.0.16": 1269.5913601678692,
  "8.0.17": 821.5557117843359,
  "8.0.19": 981.0139838803402,
  "8.0.20": 1590.5576141968497,
  "8.0.22": 1483.6190043791826,
  "8.0.23": 2027.4551548121292,
  "8.0.24": 1791.592913781096,
  "8.0.25": 2460.058779031033,
  "9.2.25": 760.3926288944003,
  "lastVersion": 760.3926288944003
}