{
    "8.0.5": 1973.368457939894,
    "8.0.7": 1870.6274503833802,
    "lastPublished": 1870.6274503833802,
    "lastRan": 1870.6274503833802
}