{
    "8.0.5": 1973.368457939894,
    "8.0.7": 1870.6274503833802,
    "8.0.8": 957.5614877725097,
    "lastVersion": 957.5614877725097
}