{
    "4.0.4": 345.3120382030701,
    "5.0.0": 354.37940473927404,
    "5.0.1": 312.0483579068235,
    "lastPublished": 312.0483579068235,
    "lastRan": 312.0483579068235
}