{
    "8.0.5": 1973.368457939894,
    "8.0.7": 1870.6274503833802,
    "8.0.8": 957.5614877725097,
    "8.0.9": 694.7551596013482,
    "8.0.10": 928.7507527989885,
    "8.0.11": 798.7147009764832,
    "8.0.12": 954.9731064615411,
    "8.0.13": 952.5665128727155,
    "lastVersion": 952.5665128727155
}