{
    "8.0.5": 1973.368457939894,
    "lastPublished": 1973.368457939894,
    "lastRan": 1973.368457939894
}