{
    "4.0.4": 345.3120382030701,
    "5.0.0": 354.37940473927404,
    "lastPublished": 354.37940473927404,
    "lastRan": 354.37940473927404
}