{
    "2.0.5": 1330201.1898922066,
    "2.0.7": 1880063.7696854225,
    "2.0.8": 1519695.22423814,
    "2.0.9": 1765334.8973294431,
    "2.0.10": 1547039.0080572346,
    "2.0.11": 1153486.1358198912,
    "2.0.12": 1341250.1009063125,
    "2.1.0": 1223368.8868674934,
    "2.1.1": 1048860.455515899,
    "lastVersion": 1048860.455515899
}