{
    "1.1.1": 1266933.8825562862,
    "1.1.2": 1241456.9105435123,
    "1.1.3": 1228100.4489195729,
    "1.1.4": 1337170.6941841703,
    "1.1.5": 1313407.4707789829,
    "1.1.6": 419878.11627326265,
    "1.1.7": 1268218.996437419,
    "1.1.8": 1351856.0503922948,
    "1.1.9": 1187042.7545806896,
    "1.1.10": 1233492.8704665017,
    "1.1.11": 956693.8555642522,
    "1.1.12": 1210859.478841676,
    "1.1.13": 1083661.0401538573,
    "1.1.14": 1220781.5553996484,
    "1.1.15": 287580.9154843744,
    "1.1.16": 1120394.8571808792,
    "1.1.17": 1293519.038788527,
    "1.1.18": 677046.5299767845,
    "1.1.19": 1236669.710700173,
    "1.1.20": 1254754.4693987677,
    "1.1.21": 1209743.7658037557,
    "1.1.22": 1234764.700981948,
    "1.1.23": 1325205.0662633628,
    "1.1.24": 475369.77464311663,
    "1.1.25": 242313.33283491372,
    "1.1.26": 1103245.6275050219,
    "1.1.27": 2055467.9451285899,
    "1.1.28": 411490.4170505747,
    "1.1.29": 428280.20720555884,
    "1.1.33": 752903.6770911769,
    "1.1.40": 901420.6185187193,
    "lastPublished": 901420.6185187193,
    "lastRan": 901420.6185187193
}