{
    "1.1.1": 1234277.6280917577,
    "lastPublished": 1234277.6280917577,
    "lastRan": 1234277.6280917577
}