{
    "2.0.5": 1330201.1898922066,
    "2.0.7": 1880063.7696854225,
    "lastPublished": 1880063.7696854225,
    "lastRan": 1880063.7696854225
}