{
    "1.1.1": 1266933.8825562862,
    "lastPublished": 1241456.9105435123,
    "lastRan": 1241456.9105435123,
    "1.1.2": 1241456.9105435123
}