{
    "1.1.1": 1266933.8825562862,
    "lastPublished": 1220781.5553996484,
    "lastRan": 1220781.5553996484,
    "1.1.2": 1241456.9105435123,
    "1.1.3": 1228100.4489195729,
    "1.1.4": 1337170.6941841703,
    "1.1.5": 1313407.4707789829,
    "1.1.6": 419878.11627326265,
    "1.1.7": 1268218.996437419,
    "1.1.8": 1351856.0503922948,
    "1.1.9": 1187042.7545806896,
    "1.1.10": 1233492.8704665017,
    "1.1.11": 956693.8555642522,
    "1.1.12": 1210859.478841676,
    "1.1.13": 1083661.0401538573,
    "1.1.14": 1220781.5553996484
}