{
    "2.0.5": 1330201.1898922066,
    "lastPublished": 1330201.1898922066,
    "lastRan": 1330201.1898922066
}