{
    "1.1.1": 1266933.8825562862,
    "lastPublished": 1313407.4707789829,
    "lastRan": 1313407.4707789829,
    "1.1.2": 1241456.9105435123,
    "1.1.3": 1228100.4489195729,
    "1.1.4": 1337170.6941841703,
    "1.1.5": 1313407.4707789829
}