{
    "1.1.1": 1266933.8825562862,
    "lastPublished": 1266933.8825562862,
    "lastRan": 1266933.8825562862
}