{
    "1.1.1": 1266933.8825562862,
    "lastPublished": 1228100.4489195729,
    "lastRan": 1228100.4489195729,
    "1.1.2": 1241456.9105435123,
    "1.1.3": 1228100.4489195729
}