{
    "2.0.5": 1330201.1898922066,
    "2.0.7": 1880063.7696854225,
    "2.0.8": 1519695.22423814,
    "lastVersion": 1519695.22423814
}