{
    "2.0.5": 1330201.1898922066,
    "2.0.7": 1880063.7696854225,
    "2.0.8": 1519695.22423814,
    "2.0.9": 1765334.8973294431,
    "2.0.10": 1547039.0080572346,
    "lastVersion": 1547039.0080572346
}