{
    "4.0.5": 3541966.663488956,
    "4.0.7": 8390458.401600162,
    "4.0.8": 4422429.744703979,
    "lastVersion": 4422429.744703979
}