{
    "2.9.26": 1829264.0716697893,
    "2.9.27": 1172632.6228028059,
    "2.9.28": 1831770.6641567275,
    "2.9.29": 1623845.9158043407,
    "2.9.30": 1918000.3860676119,
    "2.9.31": 2018712.6517469739,
    "2.9.32": 1890071.35626665,
    "2.9.33": 1949547.0820119851,
    "2.9.34": 1609971.7564294008,
    "2.9.35": 1818309.7928780657,
    "2.9.36": 1958471.1974095344,
    "2.9.37": 1787390.8223147874,
    "2.9.38": 1794042.4309169746,
    "2.9.39": 1936136.804740759,
    "2.9.40": 831384.4730091151,
    "2.9.41": 3033897.7186864116,
    "2.9.42": 1988728.7786247018,
    "2.9.43": 966908.069534871,
    "2.9.44": 1874073.9379566547,
    "2.9.45": 1880977.7516694497,
    "2.9.46": 1873966.8477922475,
    "2.9.47": 1983498.1702435915,
    "2.9.48": 1894468.4051515246,
    "2.9.49": 688036.2820998199,
    "2.9.50": 671234.0271501301,
    "2.9.51": 7015498.596043648,
    "2.9.52": 708161.4550171633,
    "2.9.53": 5323281.211757349,
    "2.10.0": 3233176.347624617,
    "2.10.1": 160441.00636367494,
    "2.10.2": 1036588.5377690779,
    "2.10.8": 5254351.139826949,
    "2.11.0": 5622458.302691944,
    "3.0.4": 775260.3455795435,
    "3.0.6": 4904606.492448269,
    "3.0.8": 5627632.092640691,
    "3.0.9": 6026317.812462428,
    "3.0.10": 6219344.756149721,
    "3.0.12": 5046734.236852717,
    "3.0.16": 5005399.646394178,
    "3.1.0": 6112829.875631748,
    "4.0.1": 9425226.465443911,
    "lastPublished": 9425226.465443911,
    "lastRan": 9425226.465443911
}