{
    "4.0.5": 3541966.663488956,
    "4.0.7": 8390458.401600162,
    "lastVersion": 8390458.401600162
}