{
    "4.0.5": 3541966.663488956,
    "4.0.7": 8390458.401600162,
    "4.0.8": 4422429.744703979,
    "4.0.9": 3484925.522981501,
    "4.0.10": 4037441.271007719,
    "4.0.11": 3401884.0662984424,
    "4.0.12": 3432412.60903961,
    "4.0.13": 3865387.4897271986,
    "lastVersion": 3865387.4897271986
}