{
    "2.9.26": 1829264.0716697893,
    "lastPublished": 1623845.9158043407,
    "lastRan": 1623845.9158043407,
    "2.9.27": 1172632.6228028059,
    "2.9.28": 1831770.6641567275,
    "2.9.29": 1623845.9158043407
}