{
    "2.9.26": 1383989.762386304,
    "lastPublished": 1383989.762386304,
    "lastRan": 1383989.762386304
}