{
    "2.9.26": 1829264.0716697893,
    "lastPublished": 1172632.6228028059,
    "lastRan": 1172632.6228028059,
    "2.9.27": 1172632.6228028059
}