{
    "2.9.26": 1829264.0716697893,
    "lastPublished": 2018712.6517469739,
    "lastRan": 2018712.6517469739,
    "2.9.27": 1172632.6228028059,
    "2.9.28": 1831770.6641567275,
    "2.9.29": 1623845.9158043407,
    "2.9.30": 1918000.3860676119,
    "2.9.31": 2018712.6517469739
}