{
    "2.9.26": 1829264.0716697893,
    "lastPublished": 1829264.0716697893,
    "lastRan": 1829264.0716697893
}