{
    "2.9.26": 1829264.0716697893,
    "lastPublished": 1958471.1974095344,
    "lastRan": 1958471.1974095344,
    "2.9.27": 1172632.6228028059,
    "2.9.28": 1831770.6641567275,
    "2.9.29": 1623845.9158043407,
    "2.9.30": 1918000.3860676119,
    "2.9.31": 2018712.6517469739,
    "2.9.32": 1890071.35626665,
    "2.9.33": 1949547.0820119851,
    "2.9.34": 1609971.7564294008,
    "2.9.35": 1818309.7928780657,
    "2.9.36": 1958471.1974095344
}