{
    "4.0.5": 3541966.663488956,
    "4.0.7": 8390458.401600162,
    "lastPublished": 8390458.401600162,
    "lastRan": 8390458.401600162
}