{
    "4.0.5": 3541966.663488956,
    "lastPublished": 3541966.663488956,
    "lastRan": 3541966.663488956
}