{
    "2.6.26": 89471.17889669022,
    "lastPublished": 98287.99668524138,
    "lastRan": 98287.99668524138,
    "2.6.27": 87459.94985692373,
    "2.6.28": 94895.44414098847,
    "2.6.29": 102460.57062113052,
    "2.6.30": 100376.67857312327,
    "2.6.31": 93104.59166892282,
    "2.6.32": 96814.57383378841,
    "2.6.33": 98304.6443825035,
    "2.6.34": 79870.03665782958,
    "2.6.35": 88795.010832975,
    "2.6.36": 98287.99668524138
}