{
    "2.6.26": 89471.17889669022,
    "lastPublished": 89471.17889669022,
    "lastRan": 89471.17889669022
}