{
    "2.6.26": 89471.17889669022,
    "lastPublished": 93104.59166892282,
    "lastRan": 93104.59166892282,
    "2.6.27": 87459.94985692373,
    "2.6.28": 94895.44414098847,
    "2.6.29": 102460.57062113052,
    "2.6.30": 100376.67857312327,
    "2.6.31": 93104.59166892282
}