{
    "2.6.26": 89471.17889669022,
    "2.6.27": 87459.94985692373,
    "2.6.28": 94895.44414098847,
    "2.6.29": 102460.57062113052,
    "2.6.30": 100376.67857312327,
    "2.6.31": 93104.59166892282,
    "2.6.32": 96814.57383378841,
    "2.6.33": 98304.6443825035,
    "2.6.34": 79870.03665782958,
    "2.6.35": 88795.010832975,
    "2.6.36": 98287.99668524138,
    "2.6.37": 100210.23555267918,
    "2.6.38": 94095.42602994405,
    "2.6.39": 97638.70666431737,
    "2.6.40": 24700.824522826748,
    "2.6.41": 96602.08848746467,
    "2.6.42": 99406.46543059294,
    "2.6.43": 20504.339909201182,
    "2.6.44": 99857.52896504484,
    "2.6.45": 100299.85867575146,
    "2.6.46": 83204.23970922835,
    "2.6.47": 98961.43286947954,
    "2.6.48": 109379.87492086907,
    "2.6.49": 111611.45141588672,
    "2.6.50": 101330.87415859869,
    "2.6.51": 110027.81569497862,
    "2.6.52": 35012.82260169762,
    "2.6.53": 28567.951991260685,
    "2.6.54": 98089.42804892942,
    "2.6.55": 99304.21959652042,
    "2.6.56": 35708.57862056219,
    "2.6.57": 148184.28372761852,
    "2.6.58": 106469.91843648575,
    "2.6.59": 37822.18766980744,
    "2.6.60": 36508.36739344831,
    "2.6.71": 62351.442192716066,
    "2.7.2": 69025.66089330634,
    "lastPublished": 69025.66089330634,
    "lastRan": 69025.66089330634
}