{
    "4.0.5": 129116.15577126898,
    "4.0.7": 178245.30771723136,
    "lastPublished": 178245.30771723136,
    "lastRan": 178245.30771723136
}