{
    "2.6.26": 89471.17889669022,
    "lastPublished": 87459.94985692373,
    "lastRan": 87459.94985692373,
    "2.6.27": 87459.94985692373
}