{
    "2.6.26": 89471.17889669022,
    "lastPublished": 94895.44414098847,
    "lastRan": 94895.44414098847,
    "2.6.27": 87459.94985692373,
    "2.6.28": 94895.44414098847
}