{
    "4.0.5": 129116.15577126898,
    "4.0.7": 178245.30771723136,
    "4.0.8": 123490.61170705834,
    "4.0.9": 112116.28377484443,
    "lastVersion": 112116.28377484443
}