{
    "4.0.5": 129116.15577126898,
    "4.0.7": 178245.30771723136,
    "4.0.8": 123490.61170705834,
    "lastVersion": 123490.61170705834
}