{
    "4.0.5": 129116.15577126898,
    "lastPublished": 129116.15577126898,
    "lastRan": 129116.15577126898
}