{
    "2.6.26": 86302.51033485134,
    "lastPublished": 86302.51033485134,
    "lastRan": 86302.51033485134
}