{
    "4.0.5": 129116.15577126898,
    "4.0.7": 178245.30771723136,
    "4.0.8": 123490.61170705834,
    "4.0.9": 112116.28377484443,
    "4.0.10": 98459.14134713456,
    "4.0.11": 109428.56514520518,
    "4.0.12": 125691.79794547259,
    "4.0.13": 113213.01530431831,
    "lastVersion": 113213.01530431831
}