{
    "8.0.5": 26983.110124662664,
    "8.0.7": 27901.382182606594,
    "lastPublished": 27901.382182606594,
    "lastRan": 27901.382182606594
}