{
    "8.0.5": 26983.110124662664,
    "8.0.7": 27901.382182606594,
    "8.0.8": 18016.93825710796,
    "lastVersion": 18016.93825710796
}