{
    "8.0.5": 26983.110124662664,
    "lastPublished": 26983.110124662664,
    "lastRan": 26983.110124662664
}