{
    "7.10.26": 1409.7150189575043,
    "lastPublished": 1409.7150189575043,
    "lastRan": 1409.7150189575043
}