{
    "7.10.26": 1496.7399949571986,
    "lastPublished": 1496.7399949571986,
    "lastRan": 1496.7399949571986
}