{
    "7.10.26": 1409.7150189575043,
    "7.10.27": 1584.1395380956799,
    "7.10.28": 1432.6961911293529,
    "7.10.29": 1790.0965660169545,
    "7.10.30": 1649.5337458551573,
    "7.10.31": 425.75437363164895,
    "7.10.32": 1521.7800004562757,
    "7.10.33": 1739.7475320842539,
    "7.10.34": 1578.870507252432,
    "7.10.35": 1637.7076546351996,
    "7.10.36": 1283.3900542095564,
    "7.10.37": 1435.4249913522724,
    "7.10.38": 884.3061076770327,
    "7.10.39": 1460.787887498886,
    "7.10.40": 462.0404676087282,
    "7.10.41": 1534.1877127507448,
    "7.10.42": 1655.2780796144075,
    "7.10.43": 556.7949487126431,
    "7.10.44": 1614.5871491958874,
    "7.10.45": 5215.898284428445,
    "7.10.46": 5983.069481956784,
    "7.10.47": 6143.907834881832,
    "7.10.48": 5497.309882966985,
    "7.10.49": 5607.942833009375,
    "7.10.50": 5880.224297323697,
    "7.10.51": 5507.495629680525,
    "7.10.52": 5705.768013097919,
    "7.10.53": 1312.0583108197393,
    "7.10.54": 2160.6236739387077,
    "7.10.55": 9579.135876970166,
    "7.10.56": 5813.806079397875,
    "7.10.57": 9576.408334699363,
    "7.10.58": 5191.679182786,
    "7.10.59": 1438.649600102933,
    "7.11.0": 10255.033094978357,
    "lastPublished": 10255.033094978357,
    "lastRan": 10255.033094978357
}