{
    "7.10.26": 1409.7150189575043,
    "lastPublished": 1649.5337458551573,
    "lastRan": 1649.5337458551573,
    "7.10.27": 1584.1395380956799,
    "7.10.28": 1432.6961911293529,
    "7.10.29": 1790.0965660169545,
    "7.10.30": 1649.5337458551573
}