{
    "8.0.5": 26983.110124662664,
    "8.0.7": 27901.382182606594,
    "8.0.8": 18016.93825710796,
    "8.0.9": 26214.56463396453,
    "8.0.10": 23544.18266972608,
    "8.0.11": 20609.423128322604,
    "8.0.12": 21636.7351726657,
    "8.0.13": 27478.96663382151,
    "8.0.14": 20882.538946801324,
    "lastVersion": 20882.538946801324
}