{
    "7.10.26": 1409.7150189575043,
    "lastPublished": 1534.1877127507448,
    "lastRan": 1534.1877127507448,
    "7.10.27": 1584.1395380956799,
    "7.10.28": 1432.6961911293529,
    "7.10.29": 1790.0965660169545,
    "7.10.30": 1649.5337458551573,
    "7.10.31": 425.75437363164895,
    "7.10.32": 1521.7800004562757,
    "7.10.33": 1739.7475320842539,
    "7.10.34": 1578.870507252432,
    "7.10.35": 1637.7076546351996,
    "7.10.36": 1283.3900542095564,
    "7.10.37": 1435.4249913522724,
    "7.10.38": 884.3061076770327,
    "7.10.39": 1460.787887498886,
    "7.10.40": 462.0404676087282,
    "7.10.41": 1534.1877127507448
}