{
    "7.10.26": 1409.7150189575043,
    "lastPublished": 1584.1395380956799,
    "lastRan": 1584.1395380956799,
    "7.10.27": 1584.1395380956799
}