{
    "1.0.0": 194830654.13553876,
    "1.1.0": 25981492.287285708,
    "1.1.10": 153867211.84000328,
    "1.2.0": 140805064.91815048,
    "lastPublished": 140805064.91815048,
    "lastRan": 140805064.91815048
}