{
  "3.0.5": 123158320.76154874,
  "3.0.7": 111147838.74805179,
  "3.0.8": 115872886.0629292,
  "3.0.9": 131576541.03187726,
  "3.0.10": 97486749.07827324,
  "3.0.11": 79086670.15556467,
  "3.0.12": 83651780.62820616,
  "3.1.0": 75992753.00402234,
  "3.1.1": 80057869.07450457,
  "lastVersion": 80057869.07450457
}