{
    "3.0.5": 123158320.76154874,
    "3.0.7": 111147838.74805179,
    "lastPublished": 111147838.74805179,
    "lastRan": 111147838.74805179
}