{
    "1.0.0": 194830654.13553876,
    "1.1.0": 25981492.287285708,
    "1.1.10": 153867211.84000328,
    "1.2.0": 140805064.91815048,
    "2.0.4": 17997388.2800041,
    "2.0.6": 100393686.91039695,
    "2.0.8": 129920419.82780291,
    "2.0.9": 140161735.14044032,
    "lastPublished": 140161735.14044032,
    "lastRan": 140161735.14044032
}