{
    "1.0.0": 194830654.13553876,
    "lastPublished": 194830654.13553876,
    "lastRan": 194830654.13553876
}