{
    "1.0.0": 194830654.13553876,
    "1.1.0": 25981492.287285708,
    "1.1.10": 153867211.84000328,
    "1.2.0": 140805064.91815048,
    "2.0.4": 17997388.2800041,
    "2.0.6": 100393686.91039695,
    "2.0.8": 129920419.82780291,
    "2.0.9": 140161735.14044032,
    "2.0.10": 145907630.5300371,
    "2.0.12": 121039826.20669448,
    "2.0.16": 128169653.42959352,
    "2.1.0": 146098693.690506,
    "lastPublished": 146098693.690506,
    "lastRan": 146098693.690506
}