{
    "1.0.0": 194830654.13553876,
    "1.1.0": 25981492.287285708,
    "lastPublished": 25981492.287285708,
    "lastRan": 25981492.287285708
}