{
    "3.0.5": 123158320.76154874,
    "3.0.7": 111147838.74805179,
    "3.0.8": 115872886.0629292,
    "3.0.9": 131576541.03187726,
    "lastVersion": 131576541.03187726
}