{
    "3.0.5": 123158320.76154874,
    "lastPublished": 123158320.76154874,
    "lastRan": 123158320.76154874
}