{
    "1.0.0": 194830654.13553876,
    "1.1.0": 25981492.287285708,
    "1.1.10": 153867211.84000328,
    "lastPublished": 153867211.84000328,
    "lastRan": 153867211.84000328
}