{
    "9.0.5": 140510.28412812384,
    "lastPublished": 140510.28412812384,
    "lastRan": 140510.28412812384
}