{
    "9.0.5": 140510.28412812384,
    "9.0.7": 186920.69992633807,
    "9.0.8": 115517.38542583141,
    "9.0.9": 146759.4527686434,
    "9.0.10": 154434.9716262693,
    "9.0.11": 99580.59303598534,
    "lastVersion": 99580.59303598534
}