{
    "7.9.26": 1490.439727042491,
    "lastPublished": 1878.7717684349582,
    "lastRan": 1878.7717684349582,
    "7.9.27": 1829.9566859559038,
    "7.9.28": 1492.603622161223,
    "7.9.29": 1878.7717684349582
}