{
  "9.0.5": 140510.28412812384,
  "9.0.7": 186920.69992633807,
  "9.0.8": 115517.38542583141,
  "9.0.9": 146759.4527686434,
  "9.0.10": 154434.9716262693,
  "9.0.11": 99580.59303598534,
  "9.0.12": 107163.95661084031,
  "9.1.0": 92136.13376494034,
  "9.1.1": 119804.3095871259,
  "9.1.2": 150430.1373287245,
  "9.1.4": 151630.22948746654,
  "lastVersion": 151630.22948746654
}