{
    "7.9.26": 1490.439727042491,
    "lastPublished": 1507.967756448856,
    "lastRan": 1507.967756448856,
    "7.9.27": 1829.9566859559038,
    "7.9.28": 1492.603622161223,
    "7.9.29": 1878.7717684349582,
    "7.9.30": 1556.677866425451,
    "7.9.31": 1778.475826471378,
    "7.9.32": 1525.6660775606533,
    "7.9.33": 1507.967756448856
}