{
    "7.9.26": 1490.439727042491,
    "lastPublished": 1829.9566859559038,
    "lastRan": 1829.9566859559038,
    "7.9.27": 1829.9566859559038
}