{
    "7.9.26": 1490.439727042491,
    "7.9.27": 1829.9566859559038,
    "7.9.28": 1492.603622161223,
    "7.9.29": 1878.7717684349582,
    "7.9.30": 1556.677866425451,
    "7.9.31": 1778.475826471378,
    "7.9.32": 1525.6660775606533,
    "7.9.33": 1507.967756448856,
    "7.9.34": 1562.506996065349,
    "7.9.35": 1732.623725019142,
    "7.9.36": 1347.2388741857344,
    "7.9.37": 1452.692718148367,
    "7.9.38": 1780.9764941756596,
    "7.9.39": 1404.2809689754813,
    "7.9.40": 442.6634973965585,
    "7.9.41": 637.1426388534155,
    "7.9.42": 1541.0932474615909,
    "7.9.43": 432.41237119097667,
    "7.10.0": 55699.77929632819,
    "7.10.1": 57090.23009888205,
    "7.10.2": 58654.700200368825,
    "7.10.3": 62878.71420905038,
    "7.10.4": 55189.637803461985,
    "7.10.5": 62297.3677282809,
    "7.10.6": 15763.655692846323,
    "7.10.7": 22031.873181799165,
    "7.10.8": 57734.72485799502,
    "lastPublished": 57734.72485799502,
    "lastRan": 57734.72485799502
}