{
    "7.9.26": 1490.439727042491,
    "lastPublished": 1490.439727042491,
    "lastRan": 1490.439727042491
}