{
    "9.0.5": 140510.28412812384,
    "9.0.7": 186920.69992633807,
    "9.0.8": 115517.38542583141,
    "lastVersion": 115517.38542583141
}