{
    "9.0.5": 140510.28412812384,
    "9.0.7": 186920.69992633807,
    "lastPublished": 186920.69992633807,
    "lastRan": 186920.69992633807
}