{
    "7.9.26": 1490.439727042491,
    "lastPublished": 442.6634973965585,
    "lastRan": 442.6634973965585,
    "7.9.27": 1829.9566859559038,
    "7.9.28": 1492.603622161223,
    "7.9.29": 1878.7717684349582,
    "7.9.30": 1556.677866425451,
    "7.9.31": 1778.475826471378,
    "7.9.32": 1525.6660775606533,
    "7.9.33": 1507.967756448856,
    "7.9.34": 1562.506996065349,
    "7.9.35": 1732.623725019142,
    "7.9.36": 1347.2388741857344,
    "7.9.37": 1452.692718148367,
    "7.9.38": 1780.9764941756596,
    "7.9.39": 1404.2809689754813,
    "7.9.40": 442.6634973965585
}