{
    "1.1.4": 8721911.716804026,
    "lastPublished": 8721911.716804026,
    "lastRan": 8721911.716804026
}