{
    "1.1.4": 8721911.716804026,
    "lastPublished": 7712572.2355458895,
    "lastRan": 7712572.2355458895,
    "1.1.5": 6891840.243364871,
    "1.1.6": 9109977.247949133,
    "1.1.7": 8695648.397588318,
    "1.1.8": 9178623.698351346,
    "1.1.9": 3438032.8648379003,
    "1.1.10": 8603990.339645095,
    "1.1.11": 9331219.81364136,
    "1.1.12": 7712572.2355458895
}