{
    "1.1.4": 8721911.716804026,
    "lastPublished": 9109977.247949133,
    "lastRan": 9109977.247949133,
    "1.1.5": 6891840.243364871,
    "1.1.6": 9109977.247949133
}