{
    "1.1.4": 8721911.716804026,
    "lastPublished": 9178623.698351346,
    "lastRan": 9178623.698351346,
    "1.1.5": 6891840.243364871,
    "1.1.6": 9109977.247949133,
    "1.1.7": 8695648.397588318,
    "1.1.8": 9178623.698351346
}