{
    "3.0.5": 12714272.884916259,
    "lastPublished": 12714272.884916259,
    "lastRan": 12714272.884916259
}