{
    "3.0.5": 12714272.884916259,
    "3.0.7": 16459168.028287198,
    "3.0.8": 11750082.90165478,
    "lastVersion": 11750082.90165478
}