{
    "1.1.4": 8721911.716804026,
    "lastPublished": 6891840.243364871,
    "lastRan": 6891840.243364871,
    "1.1.5": 6891840.243364871
}