{
    "last": 8659932.078476291,
    "1.1.4": 8659932.078476291,
    "lastRan": 8659932.078476291
}