{
    "3.0.5": 12714272.884916259,
    "3.0.7": 16459168.028287198,
    "lastPublished": 16459168.028287198,
    "lastRan": 16459168.028287198
}