{
    "3.0.5": 12714272.884916259,
    "3.0.7": 16459168.028287198,
    "3.0.8": 11750082.90165478,
    "3.0.9": 12789430.247936374,
    "3.0.10": 9825155.772647932,
    "3.0.11": 9870735.123787057,
    "3.0.12": 10582671.344674667,
    "3.1.0": 8002523.165390009,
    "3.1.1": 14598654.396884348,
    "lastVersion": 14598654.396884348
}