{
    "1.1.4": 8721911.716804026,
    "1.1.5": 6891840.243364871,
    "1.1.6": 9109977.247949133,
    "1.1.7": 8695648.397588318,
    "1.1.8": 9178623.698351346,
    "1.1.9": 3438032.8648379003,
    "1.1.10": 8603990.339645095,
    "1.1.11": 9331219.81364136,
    "1.1.12": 7712572.2355458895,
    "1.1.13": 6938059.312686885,
    "1.1.14": 8274137.756689915,
    "1.1.15": 8279968.230910277,
    "1.1.16": 8087059.924102481,
    "1.1.17": 8627729.355680835,
    "1.1.18": 594408.468698129,
    "1.1.19": 1697390.1822516415,
    "1.1.20": 10480747.314905908,
    "1.1.21": 4409173.566030929,
    "1.1.22": 9934469.887636533,
    "1.1.23": 9098342.360835971,
    "1.1.24": 10491398.188244566,
    "1.1.25": 10928959.009722993,
    "1.1.26": 9617478.870667094,
    "1.1.27": 3612763.867833439,
    "1.1.28": 3357998.506887352,
    "1.1.29": 8283846.358450732,
    "1.1.30": 8395352.918630017,
    "1.1.31": 4449261.441086355,
    "1.1.32": 15094108.817991992,
    "1.1.33": 8426055.897103196,
    "1.1.34": 2859313.726264771,
    "1.1.35": 642730.5502984053,
    "1.1.36": 3517258.74074094,
    "1.1.41": 12418150.758494291,
    "1.1.44": 15219944.07197235,
    "1.1.45": 14698236.100347461,
    "1.2.2": 14400313.754238082,
    "2.0.4": 1831644.6117835557,
    "2.0.6": 12029024.51646013,
    "2.0.8": 12737567.279576221,
    "2.0.9": 13026194.08587235,
    "2.0.10": 13315893.599995177,
    "2.0.12": 12196941.457160484,
    "2.0.16": 12407588.221122364,
    "2.1.0": 13232767.311504098,
    "3.0.2": 23015159.37886117,
    "lastPublished": 23015159.37886117,
    "lastRan": 23015159.37886117
}