{
    "5.8.26": 954576.2147468844,
    "lastPublished": 954576.2147468844,
    "lastRan": 954576.2147468844
}