{
    "5.8.26": 954576.2147468844,
    "lastPublished": 776203.6790609783,
    "lastRan": 776203.6790609783,
    "5.8.27": 776203.6790609783
}