{
    "5.8.26": 954576.2147468844,
    "5.8.27": 776203.6790609783,
    "5.8.28": 969395.0511744365,
    "5.8.29": 866519.8558257043,
    "5.8.30": 973145.1049155678,
    "5.8.31": 917980.8862658786,
    "5.8.32": 975983.8225944306,
    "5.8.33": 981769.6272319353,
    "5.8.34": 746475.5283244933,
    "5.8.35": 886021.9224964264,
    "5.8.36": 928504.9397881901,
    "5.8.37": 975842.4816629081,
    "5.8.38": 947362.1941626051,
    "5.8.39": 1021413.4338851344,
    "5.8.40": 165187.56893995623,
    "5.9.0": 192754.27291590205,
    "5.9.1": 357340.8984107512,
    "5.9.2": 144004.31070729048,
    "5.9.3": 371706.532555276,
    "5.9.4": 361260.7431641932,
    "5.9.5": 367464.7154223172,
    "5.9.6": 365715.04723131214,
    "5.9.7": 375005.4362541105,
    "5.9.8": 370091.9006665024,
    "5.9.9": 371969.12731671706,
    "5.9.10": 208312.7717738797,
    "5.9.11": 139070.77652721177,
    "5.9.12": 291195.20488162444,
    "5.9.13": 297188.68202450196,
    "5.9.14": 145246.30172549447,
    "5.9.15": 481591.6266996867,
    "5.9.16": 295993.66251946386,
    "5.9.17": 301892.1573265751,
    "5.9.18": 71455.37466447166,
    "5.9.19": 476188.4190647197,
    "5.9.21": 465904.3669328778,
    "5.9.24": 466065.4331153395,
    "5.9.28": 465950.62921598245,
    "lastPublished": 465950.62921598245,
    "lastRan": 465950.62921598245
}