{
    "7.0.5": 305618.82813832886,
    "7.0.7": 301749.55708113016,
    "lastVersion": 301749.55708113016
}