{
  "7.0.5": 305618.82813832886,
  "7.0.7": 301749.55708113016,
  "7.0.8": 237279.5532692308,
  "7.0.9": 210369.1581983897,
  "7.0.10": 230510.61240686697,
  "7.0.11": 176683.82072039405,
  "7.0.12": 176151.58723728856,
  "7.0.13": 142141.56500647508,
  "7.0.14": 345979.15369356197,
  "7.0.15": 359768.06196111056,
  "8.0.32": 219928.38640038457,
  "lastVersion": 219928.38640038457
}