{
    "7.0.5": 305618.82813832886,
    "7.0.7": 301749.55708113016,
    "lastPublished": 301749.55708113016,
    "lastRan": 301749.55708113016
}