{
    "7.0.5": 305618.82813832886,
    "7.0.7": 301749.55708113016,
    "7.0.8": 237279.5532692308,
    "7.0.9": 210369.1581983897,
    "7.0.10": 230510.61240686697,
    "7.0.11": 176683.82072039405,
    "lastVersion": 176683.82072039405
}