{
    "5.8.26": 967418.9938255238,
    "lastPublished": 967418.9938255238,
    "lastRan": 967418.9938255238
}