{
    "5.8.26": 954576.2147468844,
    "lastPublished": 969395.0511744365,
    "lastRan": 969395.0511744365,
    "5.8.27": 776203.6790609783,
    "5.8.28": 969395.0511744365
}