{
    "7.0.5": 305618.82813832886,
    "lastPublished": 305618.82813832886,
    "lastRan": 305618.82813832886
}