{
    "5.8.26": 954576.2147468844,
    "lastPublished": 746475.5283244933,
    "lastRan": 746475.5283244933,
    "5.8.27": 776203.6790609783,
    "5.8.28": 969395.0511744365,
    "5.8.29": 866519.8558257043,
    "5.8.30": 973145.1049155678,
    "5.8.31": 917980.8862658786,
    "5.8.32": 975983.8225944306,
    "5.8.33": 981769.6272319353,
    "5.8.34": 746475.5283244933
}