{
    "1.0.0": 4745.665643212004,
    "lastPublished": 4745.665643212004,
    "lastRan": 4745.665643212004
}