{
    "1.0.0": 4745.665643212004,
    "1.1.0": 6854.406606268967,
    "1.1.1": 1837.3162456782175,
    "1.2.0": 27693.658346604876,
    "1.2.1": 27283.556581581586,
    "1.2.2": 29831.011558925537,
    "1.2.3": 24294.435378277616,
    "1.2.4": 32038.54287247457,
    "1.2.5": 31798.351240470176,
    "1.2.6": 9672.977974732266,
    "lastPublished": 9672.977974732266,
    "lastRan": 9672.977974732266
}