{
    "1.0.0": 4745.665643212004,
    "1.1.0": 6854.406606268967,
    "1.1.1": 1837.3162456782175,
    "1.2.0": 27693.658346604876,
    "lastPublished": 27693.658346604876,
    "lastRan": 27693.658346604876
}