{
    "2.0.5": 52284.18372574389,
    "2.0.7": 79966.35218905254,
    "lastVersion": 79966.35218905254
}