{
    "1.0.0": 4745.665643212004,
    "1.1.0": 6854.406606268967,
    "1.1.1": 1837.3162456782175,
    "1.2.0": 27693.658346604876,
    "1.2.1": 27283.556581581586,
    "1.2.2": 29831.011558925537,
    "1.2.3": 24294.435378277616,
    "1.2.4": 32038.54287247457,
    "1.2.5": 31798.351240470176,
    "1.2.6": 9672.977974732266,
    "1.2.7": 12919.36041548665,
    "1.2.8": 23857.684046979004,
    "1.2.9": 14321.813770113231,
    "1.2.10": 25108.64568554848,
    "1.2.11": 12340.2203334806,
    "1.2.12": 47755.74909582121,
    "1.2.13": 25822.00358644375,
    "1.2.14": 50414.62210693112,
    "1.2.15": 12899.835409002435,
    "1.2.16": 51865.61900315524,
    "1.2.17": 48227.827487611874,
    "1.2.19": 48270.84953549808,
    "1.2.23": 42779.34890576677,
    "1.2.26": 47571.19565836478,
    "1.2.27": 47210.91944482845,
    "1.3.2": 41855.63142178345,
    "1.4.4": 5007.545035003155,
    "1.4.6": 36899.98987268852,
    "1.4.8": 43977.56274481826,
    "1.4.9": 44876.23230919246,
    "1.4.10": 45866.07285892614,
    "1.4.11": 48156.80000409287,
    "1.4.12": 40394.92829930122,
    "1.4.16": 40415.56224344592,
    "lastPublished": 40415.56224344592,
    "lastRan": 40415.56224344592
}