{
    "1.0.0": 4745.665643212004,
    "lastPublished": 6854.406606268967,
    "lastRan": 6854.406606268967,
    "1.1.0": 6854.406606268967
}