{
    "2.0.5": 52284.18372574389,
    "2.0.7": 79966.35218905254,
    "lastPublished": 79966.35218905254,
    "lastRan": 79966.35218905254
}