{
    "1.0.0": 4745.665643212004,
    "1.1.0": 6854.406606268967,
    "1.1.1": 1837.3162456782175,
    "1.2.0": 27693.658346604876,
    "1.2.1": 27283.556581581586,
    "1.2.2": 29831.011558925537,
    "1.2.3": 24294.435378277616,
    "1.2.4": 32038.54287247457,
    "1.2.5": 31798.351240470176,
    "1.2.6": 9672.977974732266,
    "1.2.7": 12919.36041548665,
    "1.2.8": 23857.684046979004,
    "1.2.9": 14321.813770113231,
    "1.2.10": 25108.64568554848,
    "1.2.11": 12340.2203334806,
    "1.2.12": 47755.74909582121,
    "1.2.13": 25822.00358644375,
    "1.2.14": 50414.62210693112,
    "lastPublished": 50414.62210693112,
    "lastRan": 50414.62210693112
}