{
    "2.0.5": 52284.18372574389,
    "2.0.7": 79966.35218905254,
    "2.0.8": 43593.14415031285,
    "2.0.9": 39420.06897848667,
    "lastVersion": 39420.06897848667
}