{
  "2.0.5": 52284.18372574389,
  "2.0.7": 79966.35218905254,
  "2.0.8": 43593.14415031285,
  "2.0.9": 39420.06897848667,
  "2.0.10": 80318.36084968621,
  "2.0.11": 29647.551499472003,
  "2.0.12": 37898.370064733055,
  "2.1.0": 33805.02026771668,
  "2.1.1": 44467.73098820294,
  "2.1.2": 32708.39401398088,
  "3.0.1": 6053.683411743557,
  "3.0.2": 5108.330557874783,
  "3.0.3": 5413.772564944996,
  "lastVersion": 5413.772564944996
}