{
    "2.0.5": 52284.18372574389,
    "lastPublished": 52284.18372574389,
    "lastRan": 52284.18372574389
}