{
    "2.7.26": 7303.825604831052,
    "lastPublished": 7303.825604831052,
    "lastRan": 7303.825604831052
}