{
    "2.7.26": 9705.263600685092,
    "2.7.27": 10522.434088351583,
    "2.7.28": 8990.202024089847,
    "2.7.29": 11155.226392662516,
    "2.7.30": 9684.339666318478,
    "2.7.31": 10063.947925584673,
    "2.7.32": 9280.4127714907,
    "2.7.33": 9842.647430173343,
    "2.7.34": 7267.805121146564,
    "2.7.35": 9847.681367251025,
    "2.7.36": 11723.87109089734,
    "2.7.37": 9409.168110213262,
    "2.7.38": 11139.901244955681,
    "2.7.39": 7897.50254843807,
    "2.7.40": 2043.9471801661475,
    "2.7.41": 9056.794928350657,
    "2.7.42": 8967.183862602393,
    "2.7.43": 6304.175268493657,
    "2.7.44": 3441769.3268033294,
    "2.7.45": 3498754.0098654935,
    "2.7.46": 3367171.2083994523,
    "2.7.47": 3646858.421209999,
    "2.7.48": 3318412.2361481125,
    "2.7.49": 1026126.0207954206,
    "lastPublished": 1026126.0207954206,
    "lastRan": 1026126.0207954206
}