{
    "2.7.26": 9705.263600685092,
    "lastPublished": 10522.434088351583,
    "lastRan": 10522.434088351583,
    "2.7.27": 10522.434088351583
}