{
    "4.0.5": 5650614.495021549,
    "4.0.7": 8507411.543702446,
    "lastPublished": 8507411.543702446,
    "lastRan": 8507411.543702446
}