{
    "4.0.5": 5650614.495021549,
    "4.0.7": 8507411.543702446,
    "lastVersion": 8507411.543702446
}