{
    "4.0.5": 5650614.495021549,
    "lastPublished": 5650614.495021549,
    "lastRan": 5650614.495021549
}