{
    "2.7.26": 9705.263600685092,
    "lastPublished": 11139.901244955681,
    "lastRan": 11139.901244955681,
    "2.7.27": 10522.434088351583,
    "2.7.28": 8990.202024089847,
    "2.7.29": 11155.226392662516,
    "2.7.30": 9684.339666318478,
    "2.7.31": 10063.947925584673,
    "2.7.32": 9280.4127714907,
    "2.7.33": 9842.647430173343,
    "2.7.34": 7267.805121146564,
    "2.7.35": 9847.681367251025,
    "2.7.36": 11723.87109089734,
    "2.7.37": 9409.168110213262,
    "2.7.38": 11139.901244955681
}