{
    "2.7.26": 9705.263600685092,
    "lastPublished": 8990.202024089847,
    "lastRan": 8990.202024089847,
    "2.7.27": 10522.434088351583,
    "2.7.28": 8990.202024089847
}