{
    "2.7.26": 9705.263600685092,
    "lastPublished": 9705.263600685092,
    "lastRan": 9705.263600685092
}