{
    "4.0.5": 5650614.495021549,
    "4.0.7": 8507411.543702446,
    "4.0.8": 5503287.875496188,
    "lastVersion": 5503287.875496188
}