{
    "2.7.26": 9705.263600685092,
    "2.7.27": 10522.434088351583,
    "2.7.28": 8990.202024089847,
    "2.7.29": 11155.226392662516,
    "2.7.30": 9684.339666318478,
    "2.7.31": 10063.947925584673,
    "2.7.32": 9280.4127714907,
    "2.7.33": 9842.647430173343,
    "2.7.34": 7267.805121146564,
    "2.7.35": 9847.681367251025,
    "2.7.36": 11723.87109089734,
    "2.7.37": 9409.168110213262,
    "2.7.38": 11139.901244955681,
    "2.7.39": 7897.50254843807,
    "2.7.40": 2043.9471801661475,
    "2.7.41": 9056.794928350657,
    "2.7.42": 8967.183862602393,
    "2.7.43": 6304.175268493657,
    "2.7.44": 3441769.3268033294,
    "2.7.45": 3498754.0098654935,
    "2.7.46": 3367171.2083994523,
    "2.7.47": 3646858.421209999,
    "2.7.48": 3318412.2361481125,
    "2.7.49": 1026126.0207954206,
    "2.7.50": 1341333.6227871778,
    "2.7.51": 3296808.3065622444,
    "2.7.52": 3243935.5688007795,
    "2.7.53": 5562816.56780813,
    "2.7.54": 1204369.6064055741,
    "2.7.55": 3271143.65390175,
    "2.7.56": 1625046.0475525213,
    "2.7.57": 1371173.2308212933,
    "2.7.64": 1663367.0446112175,
    "2.7.68": 1379771.5933972085,
    "2.8.0": 1402116.5573395225,
    "3.0.4": 311543.9188027681,
    "3.0.6": 1096370.9776772433,
    "3.0.8": 1372514.0195818127,
    "3.0.9": 1540421.1105136557,
    "3.0.10": 1422747.768472298,
    "3.0.12": 1167051.0191441076,
    "3.0.16": 1294352.8410272293,
    "3.1.0": 1327424.6422725911,
    "4.0.2": 11788950.500475938,
    "lastPublished": 11788950.500475938,
    "lastRan": 11788950.500475938
}