{
    "2.7.26": 9705.263600685092,
    "lastPublished": 10063.947925584673,
    "lastRan": 10063.947925584673,
    "2.7.27": 10522.434088351583,
    "2.7.28": 8990.202024089847,
    "2.7.29": 11155.226392662516,
    "2.7.30": 9684.339666318478,
    "2.7.31": 10063.947925584673
}