{
    "4.0.5": 5650614.495021549,
    "4.0.7": 8507411.543702446,
    "4.0.8": 5503287.875496188,
    "4.0.9": 6595164.129249131,
    "4.0.10": 5509935.391317192,
    "lastVersion": 5509935.391317192
}