{
    "1.1.3": 58005.65621102518,
    "lastPublished": 65274.751064438475,
    "lastRan": 65274.751064438475,
    "1.1.4": 69872.86445803301,
    "1.1.5": 64021.240921655015,
    "1.1.6": 75566.16951405743,
    "1.1.7": 65274.751064438475
}