{
    "5.0.5": 535.7789071272083,
    "5.0.7": 607.1259978145941,
    "5.0.8": 403.1299008163785,
    "5.0.9": 417.5148656294131,
    "lastVersion": 417.5148656294131
}