{
    "5.0.5": 535.7789071272083,
    "lastPublished": 535.7789071272083,
    "lastRan": 535.7789071272083
}