{
    "1.1.3": 58005.65621102518,
    "lastPublished": 58005.65621102518,
    "lastRan": 58005.65621102518
}