{
    "1.1.3": 58005.65621102518,
    "lastPublished": 64021.240921655015,
    "lastRan": 64021.240921655015,
    "1.1.4": 69872.86445803301,
    "1.1.5": 64021.240921655015
}