{
  "5.0.5": 535.7789071272083,
  "5.0.7": 607.1259978145941,
  "5.0.8": 403.1299008163785,
  "5.0.9": 417.5148656294131,
  "5.0.10": 378.2723028363409,
  "5.0.11": 439.437207678987,
  "5.0.12": 429.4609630805012,
  "5.0.13": 443.2467946073115,
  "5.0.14": 376.9344686794742,
  "5.0.15": 318.6714433061288,
  "5.0.16": 381.8115079289588,
  "5.0.17": 314.3377625692694,
  "5.0.18": 315.65510919799823,
  "5.0.21": 924.44993360134,
  "lastVersion": 924.44993360134
}