{
    "5.0.5": 535.7789071272083,
    "5.0.7": 607.1259978145941,
    "lastPublished": 607.1259978145941,
    "lastRan": 607.1259978145941
}