{
    "1.1.3": 58005.65621102518,
    "lastPublished": 69872.86445803301,
    "lastRan": 69872.86445803301,
    "1.1.4": 69872.86445803301
}