{
    "last": 34146.64527644926,
    "1.1.3": 34146.64527644926
}