{
    "1.1.3": 58005.65621102518,
    "1.1.4": 69872.86445803301,
    "1.1.5": 64021.240921655015,
    "1.1.6": 75566.16951405743,
    "1.1.7": 65274.751064438475,
    "1.1.8": 76181.90484297929,
    "1.1.9": 62038.67002488544,
    "1.1.10": 65993.2180084605,
    "1.1.11": 67084.61359868928,
    "1.1.12": 63921.98915032334,
    "1.1.13": 72692.84020390821,
    "1.1.14": 57512.2643649393,
    "1.1.15": 76428.44168547555,
    "1.1.16": 57808.12924036953,
    "1.1.17": 30311.93816438587,
    "1.1.18": 57542.635389453324,
    "1.1.19": 64578.12036633631,
    "1.1.20": 62230.96041333667,
    "1.1.21": 27755.181911255746,
    "1.1.22": 49669.609282982965,
    "1.1.23": 80811.68516430887,
    "1.1.24": 87920.62627557568,
    "1.1.25": 31273.872703822923,
    "1.1.26": 75881.09868230377,
    "1.1.27": 98268.89994474863,
    "1.1.28": 84126.10151893306,
    "1.1.29": 77764.14039773724,
    "1.1.30": 72971.35494893575,
    "1.1.31": 79569.56225708015,
    "1.1.32": 94152.31051890919,
    "1.1.33": 78570.20613002198,
    "1.1.34": 93457.83902955463,
    "1.1.35": 26395.01580715271,
    "1.1.36": 115693.42219284331,
    "1.1.37": 75298.86266083717,
    "1.1.38": 48016.67462813447,
    "1.1.39": 149667.35145944805,
    "1.1.40": 76241.73939358698,
    "1.1.41": 123852.16169679498,
    "1.1.42": 144165.41347223948,
    "1.1.43": 75028.1377241726,
    "1.1.44": 79839.32346516389,
    "1.1.45": 98563.2713478612,
    "1.1.46": 36862.662785109686,
    "1.1.47": 116382.03931648096,
    "1.1.53": 135067.62462528583,
    "lastPublished": 135067.62462528583,
    "lastRan": 135067.62462528583
}