{
    "3.0.17": 592.7913391864797,
    "lastPublished": 592.7913391864797,
    "lastRan": 592.7913391864797
}