{
    "6.0.5": 184478.33901277452,
    "lastPublished": 184478.33901277452,
    "lastRan": 184478.33901277452
}