{
    "3.0.17": 574.4355490033739,
    "lastPublished": 574.4355490033739,
    "lastRan": 574.4355490033739
}