{
    "3.0.17": 592.7913391864797,
    "3.0.18": 650.629547690475,
    "3.0.19": 600.6489295359515,
    "3.0.20": 661.0785020807375,
    "3.0.21": 645.028523310087,
    "3.0.22": 628.5020074752891,
    "3.0.23": 625.0611092519198,
    "3.0.24": 641.6254768077519,
    "3.0.25": 550.1179843926218,
    "3.0.26": 594.7835884434617,
    "3.0.27": 636.2482083618536,
    "3.0.28": 591.3801075476222,
    "3.0.29": 603.4333738359716,
    "3.0.30": 574.2754344544613,
    "3.0.31": 166.58149407955221,
    "3.0.32": 676.7177984705414,
    "3.0.33": 638.593849541748,
    "3.0.34": 666.5375105984193,
    "3.0.35": 224.499961991601,
    "3.0.36": 601.5647752170239,
    "3.0.37": 611.0418580019007,
    "3.0.38": 676.8403260812756,
    "3.0.39": 50111.954260738275,
    "3.0.40": 47800.517685876475,
    "3.0.41": 49159.627060037164,
    "3.0.42": 18026.62678953527,
    "lastPublished": 18026.62678953527,
    "lastRan": 18026.62678953527
}