{
    "6.0.5": 184478.33901277452,
    "6.0.7": 215323.4827732947,
    "6.0.8": 104204.40357387005,
    "6.0.9": 153357.50111825438,
    "lastVersion": 153357.50111825438
}