{
    "3.0.17": 592.7913391864797,
    "lastPublished": 650.629547690475,
    "lastRan": 650.629547690475,
    "3.0.18": 650.629547690475
}