{
    "3.0.17": 592.7913391864797,
    "lastPublished": 600.6489295359515,
    "lastRan": 600.6489295359515,
    "3.0.18": 650.629547690475,
    "3.0.19": 600.6489295359515
}