{
    "6.0.5": 184478.33901277452,
    "6.0.7": 215323.4827732947,
    "lastPublished": 215323.4827732947,
    "lastRan": 215323.4827732947
}