{
    "6.0.5": 184478.33901277452,
    "6.0.7": 215323.4827732947,
    "6.0.8": 104204.40357387005,
    "6.0.9": 153357.50111825438,
    "6.0.10": 161453.67078221953,
    "6.0.11": 126676.10802416578,
    "6.0.12": 122854.11822517808,
    "6.0.13": 144451.8130674985,
    "6.0.14": 95669.17186375463,
    "6.0.15": 101680.40132033604,
    "6.0.16": 124742.522596234,
    "6.0.17": 108101.27135928864,
    "lastVersion": 108101.27135928864
}