{
    "3.0.17": 592.7913391864797,
    "lastPublished": 641.6254768077519,
    "lastRan": 641.6254768077519,
    "3.0.18": 650.629547690475,
    "3.0.19": 600.6489295359515,
    "3.0.20": 661.0785020807375,
    "3.0.21": 645.028523310087,
    "3.0.22": 628.5020074752891,
    "3.0.23": 625.0611092519198,
    "3.0.24": 641.6254768077519
}