{
    "2.0.18": 4156.602326401365,
    "lastPublished": 4911.417843720002,
    "lastRan": 4911.417843720002,
    "2.1.0": 4911.417843720002
}