{
    "5.0.5": 222467.76550412393,
    "5.0.7": 353903.5607159476,
    "lastVersion": 353903.5607159476
}