{
    "5.0.5": 222467.76550412393,
    "lastPublished": 222467.76550412393,
    "lastRan": 222467.76550412393
}