{
    "5.0.5": 222467.76550412393,
    "5.0.7": 353903.5607159476,
    "5.0.8": 201885.4864509989,
    "5.0.9": 204034.99554971964,
    "lastVersion": 204034.99554971964
}