{
    "last": 5210.19348236049,
    "2.0.18": 5210.19348236049
}