{
    "2.0.18": 4156.602326401365,
    "2.1.0": 4911.417843720002,
    "2.1.1": 4274.114186181305,
    "2.1.2": 5337.224316042518,
    "2.1.3": 4401.386117886152,
    "2.1.4": 1905.9037711237208,
    "2.1.5": 4358.089443851818,
    "2.1.6": 4367.490069670037,
    "2.1.7": 4526.718650439817,
    "2.1.8": 4430.222711824629,
    "2.1.9": 5137.372105769234,
    "2.1.10": 4130.89475031912,
    "2.1.11": 5537.184988426549,
    "2.1.12": 3715.9903032164843,
    "2.1.13": 641.0870690827743,
    "2.1.14": 4224.480699066299,
    "2.1.15": 4373.682915234491,
    "2.1.16": 1362.323964234324,
    "2.1.17": 100325.72070531144,
    "2.1.18": 96691.41122122045,
    "2.1.19": 95821.93400254138,
    "2.1.20": 126076.53228386045,
    "2.1.21": 104688.72553608216,
    "2.1.22": 114542.07917078865,
    "2.1.23": 115690.18175380945,
    "2.1.24": 113954.1616502113,
    "2.1.25": 30446.26547866191,
    "2.1.26": 29211.60505576332,
    "2.1.27": 99604.44848964307,
    "2.1.28": 33540.05843276073,
    "2.1.29": 107935.7400933738,
    "2.1.30": 43551.82406680827,
    "2.1.31": 176355.4550983771,
    "2.1.32": 109859.70358362209,
    "2.1.33": 153813.31907824727,
    "2.1.34": 25523.352522070014,
    "lastPublished": 25523.352522070014,
    "lastRan": 25523.352522070014
}