{
    "2.0.18": 3491.8965448532476,
    "lastPublished": 3491.8965448532476,
    "lastRan": 3491.8965448532476
}