{
    "2.0.18": 4156.602326401365,
    "lastPublished": 4358.089443851818,
    "lastRan": 4358.089443851818,
    "2.1.0": 4911.417843720002,
    "2.1.1": 4274.114186181305,
    "2.1.2": 5337.224316042518,
    "2.1.3": 4401.386117886152,
    "2.1.4": 1905.9037711237208,
    "2.1.5": 4358.089443851818
}