{
    "2.0.18": 4156.602326401365,
    "lastPublished": 4156.602326401365,
    "lastRan": 4156.602326401365
}