{
    "5.0.5": 222467.76550412393,
    "5.0.7": 353903.5607159476,
    "5.0.8": 201885.4864509989,
    "5.0.9": 204034.99554971964,
    "5.0.10": 207260.8352109852,
    "5.0.11": 191112.22957003856,
    "5.0.12": 195814.3503681915,
    "5.1.0": 156026.95971051167,
    "5.1.1": 260646.53938776944,
    "lastVersion": 260646.53938776944
}