{
    "3.0.17": 2098.6562034643657,
    "lastPublished": 2595.5410364408817,
    "lastRan": 2595.5410364408817,
    "3.0.18": 2595.5410364408817
}