{
    "3.0.17": 2098.6562034643657,
    "lastPublished": 2882.811234391441,
    "lastRan": 2882.811234391441,
    "3.0.18": 2595.5410364408817,
    "3.0.19": 2031.9989875755605,
    "3.0.20": 2882.811234391441
}