{
    "6.0.5": 136638.8429427807,
    "6.0.7": 164662.6866290627,
    "6.0.8": 121769.89166402459,
    "6.0.9": 97104.09043612485,
    "6.0.10": 81662.29134225518,
    "6.0.11": 93308.62423024616,
    "6.0.12": 68994.1029434008,
    "6.0.13": 95367.14695283373,
    "6.1.0": 94156.6155531949,
    "6.1.1": 87921.39885276472,
    "lastVersion": 87921.39885276472
}