{
    "6.0.5": 136638.8429427807,
    "lastPublished": 136638.8429427807,
    "lastRan": 136638.8429427807
}