{
    "3.0.17": 2098.6562034643657,
    "3.0.18": 2595.5410364408817,
    "3.0.19": 2031.9989875755605,
    "3.0.20": 2882.811234391441,
    "3.0.21": 2364.808886038092,
    "3.0.22": 2793.8890824747173,
    "3.0.23": 1986.7970614066066,
    "3.0.24": 2163.758568293197,
    "3.0.25": 2245.364308765324,
    "3.0.26": 2511.0679467049845,
    "3.0.27": 1692.0162175129065,
    "3.0.28": 1924.691513411971,
    "3.0.29": 2576.022994655692,
    "3.0.30": 2269.265449941643,
    "3.0.31": 522.7646198641702,
    "3.0.32": 2233.1083709998134,
    "3.0.33": 2171.0605544715427,
    "3.0.34": 2181.2353641566438,
    "3.0.35": 590.5800864940412,
    "3.0.36": 9385.434409643112,
    "3.0.37": 9228.099413637881,
    "3.0.38": 60403.80057172012,
    "3.0.39": 69021.77866671872,
    "3.0.40": 56975.98951992753,
    "3.0.41": 65025.78023327542,
    "3.0.42": 28750.648136784228,
    "3.0.43": 27840.588118345804,
    "3.0.44": 64557.03262333895,
    "3.0.45": 30188.997409773885,
    "3.0.46": 53294.13884519817,
    "3.0.47": 27977.59951318476,
    "3.0.48": 94392.27375286921,
    "3.0.49": 57737.449591194854,
    "3.0.50": 59008.659789425976,
    "3.0.51": 95674.52823568291,
    "3.0.52": 23975.87131392027,
    "3.0.53": 31997.000651276307,
    "3.0.63": 60710.38060319455,
    "3.0.68": 78835.58344071257,
    "4.0.3": 79848.77531921338,
    "5.0.4": 5078.218483802374,
    "5.0.6": 59731.61274080325,
    "5.0.8": 61170.33309051503,
    "5.0.9": 69227.93255037513,
    "lastPublished": 69227.93255037513,
    "lastRan": 69227.93255037513
}