{
    "3.0.17": 2098.6562034643657,
    "lastPublished": 2793.8890824747173,
    "lastRan": 2793.8890824747173,
    "3.0.18": 2595.5410364408817,
    "3.0.19": 2031.9989875755605,
    "3.0.20": 2882.811234391441,
    "3.0.21": 2364.808886038092,
    "3.0.22": 2793.8890824747173
}