{
    "last": 2334.685666954972,
    "3.0.17": 2334.685666954972
}