{
    "6.0.5": 136638.8429427807,
    "6.0.7": 164662.6866290627,
    "6.0.8": 121769.89166402459,
    "6.0.9": 97104.09043612485,
    "6.0.10": 81662.29134225518,
    "6.0.11": 93308.62423024616,
    "lastVersion": 93308.62423024616
}