{
    "3.0.17": 2098.6562034643657,
    "lastPublished": 2098.6562034643657,
    "lastRan": 2098.6562034643657
}