{
    "6.0.5": 136638.8429427807,
    "6.0.7": 164662.6866290627,
    "lastVersion": 164662.6866290627
}