{
    "5.0.5": 126126645.85434547,
    "lastPublished": 126126645.85434547,
    "lastRan": 126126645.85434547
}