{
    "5.0.5": 126126645.85434547,
    "5.0.7": 112897731.13528848,
    "5.0.8": 205659928.62899965,
    "5.0.9": 143953123.99769706,
    "lastVersion": 143953123.99769706
}