{
    "5.0.5": 126126645.85434547,
    "5.0.7": 112897731.13528848,
    "5.0.8": 205659928.62899965,
    "lastVersion": 205659928.62899965
}