{
    "5.0.5": 126126645.85434547,
    "5.0.7": 112897731.13528848,
    "lastPublished": 112897731.13528848,
    "lastRan": 112897731.13528848
}