{
    "1.0.0": 162695.75541792688,
    "lastPublished": 162695.75541792688,
    "lastRan": 162695.75541792688
}