{
    "1.0.0": 162695.75541792688,
    "1.1.0": 161498.62388779485,
    "1.2.0": 163745.8032068492,
    "1.3.0": 79915.45812933423,
    "lastPublished": 79915.45812933423,
    "lastRan": 79915.45812933423
}