{
    "5.0.5": 126126645.85434547,
    "5.0.7": 112897731.13528848,
    "5.0.8": 205659928.62899965,
    "5.0.9": 143953123.99769706,
    "5.0.10": 177419524.35310927,
    "5.0.11": 199124286.73396602,
    "5.0.12": 220041848.1534488,
    "5.0.13": 169574960.35743073,
    "lastVersion": 169574960.35743073
}