{
    "1.0.0": 162695.75541792688,
    "1.1.0": 161498.62388779485,
    "1.2.0": 163745.8032068492,
    "lastPublished": 163745.8032068492,
    "lastRan": 163745.8032068492
}