{
    "1.0.0": 162695.75541792688,
    "1.1.0": 161498.62388779485,
    "1.2.0": 163745.8032068492,
    "1.3.0": 79915.45812933423,
    "1.3.1": 150419.41793364595,
    "1.3.2": 26474.39376791416,
    "2.0.0": 381903839.1487963,
    "2.0.7": 911621425.0437175,
    "2.0.9": 852546625.3450468,
    "3.0.0": 961575756.8667417,
    "4.0.4": 204506318.50830436,
    "4.0.6": 678584818.15406,
    "4.0.8": 822861071.5642456,
    "4.0.9": 888489141.6350328,
    "4.0.10": 795580231.3131887,
    "lastPublished": 795580231.3131887,
    "lastRan": 795580231.3131887
}