{
    "1.0.0": 162695.75541792688,
    "1.1.0": 161498.62388779485,
    "1.2.0": 163745.8032068492,
    "1.3.0": 79915.45812933423,
    "1.3.1": 150419.41793364595,
    "1.3.2": 26474.39376791416,
    "2.0.0": 381903839.1487963,
    "2.0.7": 911621425.0437175,
    "2.0.9": 852546625.3450468,
    "3.0.0": 961575756.8667417,
    "lastPublished": 961575756.8667417,
    "lastRan": 961575756.8667417
}