{
    "1.0.0": 162695.75541792688,
    "1.1.0": 161498.62388779485,
    "lastPublished": 161498.62388779485,
    "lastRan": 161498.62388779485
}