{
    "1.8.26": 98.93044940645099,
    "lastPublished": 125.54802711644219,
    "lastRan": 125.54802711644219,
    "1.8.27": 115.84256687671609,
    "1.8.28": 96.88713901171863,
    "1.8.29": 125.54802711644219
}