{
  "3.0.5": 1347.3034492093693,
  "3.0.7": 1431.537126561401,
  "3.0.8": 1055.787884655409,
  "3.0.9": 912.51992599684,
  "3.0.10": 1131.1485522759529,
  "3.0.11": 871.0387212891424,
  "3.0.12": 747.8801660270959,
  "3.1.0": 1424.5029600177488,
  "3.1.1": 1389.17561511832,
  "3.1.2": 1096.6398411960445,
  "3.1.3": 729.491677748565,
  "3.1.4": 891.6113788136234,
  "3.1.5": 1633.1813215224008,
  "3.1.6": 2223.20107703845,
  "3.1.7": 1582.1933355957372,
  "3.1.8": 2534.440060475643,
  "lastVersion": 2534.440060475643
}