{
    "1.8.26": 98.93044940645099,
    "1.8.27": 115.84256687671609,
    "1.8.28": 96.88713901171863,
    "1.8.29": 125.54802711644219,
    "1.8.30": 96.9765086846839,
    "1.8.31": 81.02798926747236,
    "1.8.32": 93.4141157435516,
    "1.8.33": 108.16961344011325,
    "1.8.34": 102.34278208598256,
    "1.8.35": 111.2446981368348,
    "1.8.36": 118.26347661106324,
    "1.8.37": 100.13547664137745,
    "1.8.38": 109.45362050140193,
    "1.8.39": 101.26332021556695,
    "1.8.40": 37.03302172185975,
    "1.8.41": 89.58876117292976,
    "1.8.42": 96.82300827580119,
    "1.8.43": 36.730912334983266,
    "1.9.0": 126.66040839618283,
    "1.9.1": 321.7991504585075,
    "1.9.2": 405.3164747029328,
    "1.9.3": 327.38709055120023,
    "1.9.4": 366.5424925749715,
    "1.9.5": 353.79224475308945,
    "1.9.6": 363.415314470347,
    "1.9.7": 379.364973363198,
    "1.9.8": 345.8753195426001,
    "1.9.9": 55.23229303037612,
    "1.9.10": 177.59365096362475,
    "1.9.11": 299.86576851963605,
    "1.9.12": 294.0677901777231,
    "1.9.13": 622.4094368577901,
    "1.9.14": 332.87589749654165,
    "1.9.15": 104.04552223175415,
    "1.9.16": 781.9710006480877,
    "1.9.17": 402.2416818382043,
    "1.9.18": 466.37509716491445,
    "1.9.19": 604.9189073672701,
    "1.9.20": 156.4836942640744,
    "1.9.21": 206.7215266530915,
    "1.9.29": 311.2359715304931,
    "1.9.30": 347.81516335521985,
    "1.9.40": 320.23929854440235,
    "1.10.1": 254.88630258856307,
    "lastPublished": 254.88630258856307,
    "lastRan": 254.88630258856307
}