{
    "3.0.5": 1347.3034492093693,
    "3.0.7": 1431.537126561401,
    "lastPublished": 1431.537126561401,
    "lastRan": 1431.537126561401
}