{
    "1.8.26": 98.93044940645099,
    "lastPublished": 37.03302172185975,
    "lastRan": 37.03302172185975,
    "1.8.27": 115.84256687671609,
    "1.8.28": 96.88713901171863,
    "1.8.29": 125.54802711644219,
    "1.8.30": 96.9765086846839,
    "1.8.31": 81.02798926747236,
    "1.8.32": 93.4141157435516,
    "1.8.33": 108.16961344011325,
    "1.8.34": 102.34278208598256,
    "1.8.35": 111.2446981368348,
    "1.8.36": 118.26347661106324,
    "1.8.37": 100.13547664137745,
    "1.8.38": 109.45362050140193,
    "1.8.39": 101.26332021556695,
    "1.8.40": 37.03302172185975
}