{
    "3.0.5": 1347.3034492093693,
    "lastPublished": 1347.3034492093693,
    "lastRan": 1347.3034492093693
}