{
    "1.8.26": 98.93044940645099,
    "lastPublished": 98.93044940645099,
    "lastRan": 98.93044940645099
}