{
    "3.0.5": 1347.3034492093693,
    "3.0.7": 1431.537126561401,
    "3.0.8": 1055.787884655409,
    "3.0.9": 912.51992599684,
    "3.0.10": 1131.1485522759529,
    "3.0.11": 871.0387212891424,
    "3.0.12": 747.8801660270959,
    "lastVersion": 747.8801660270959
}