{
    "1.8.26": 98.93044940645099,
    "lastPublished": 96.9765086846839,
    "lastRan": 96.9765086846839,
    "1.8.27": 115.84256687671609,
    "1.8.28": 96.88713901171863,
    "1.8.29": 125.54802711644219,
    "1.8.30": 96.9765086846839
}