{
    "1.8.26": 98.93044940645099,
    "lastPublished": 96.88713901171863,
    "lastRan": 96.88713901171863,
    "1.8.27": 115.84256687671609,
    "1.8.28": 96.88713901171863
}