{
    "1.8.26": 98.93044940645099,
    "lastPublished": 81.02798926747236,
    "lastRan": 81.02798926747236,
    "1.8.27": 115.84256687671609,
    "1.8.28": 96.88713901171863,
    "1.8.29": 125.54802711644219,
    "1.8.30": 96.9765086846839,
    "1.8.31": 81.02798926747236
}