{
    "last": 95.82557590588122,
    "1.8.26": 95.82557590588122
}