{
    "1.8.26": 98.93044940645099,
    "lastPublished": 115.84256687671609,
    "lastRan": 115.84256687671609,
    "1.8.27": 115.84256687671609
}