{
    "3.0.5": 1347.3034492093693,
    "3.0.7": 1431.537126561401,
    "3.0.8": 1055.787884655409,
    "3.0.9": 912.51992599684,
    "lastVersion": 912.51992599684
}