{
    "3.10.38": 12729.312370247431,
    "lastPublished": 12729.312370247431,
    "lastRan": 12729.312370247431
}