{
  "5.0.5": 1710574.2153097582,
  "5.0.7": 3825321.1295023914,
  "5.0.8": 2283960.459932937,
  "5.0.9": 2691716.5797855714,
  "5.0.10": 2117821.425646989,
  "5.0.11": 3202484.907823018,
  "5.0.12": 2915827.886678259,
  "5.0.13": 2683961.9447086537,
  "5.0.14": 2753237.694352165,
  "lastVersion": 2753237.694352165
}