{
    "3.10.38": 12729.312370247431,
    "3.10.39": 1591329.23928759,
    "3.10.40": 1697742.097721777,
    "3.10.41": 1716068.329679528,
    "3.10.42": 2109832.6800018046,
    "3.10.43": 1856300.4586112064,
    "3.10.44": 422684.49705650384,
    "3.10.45": 816486.0306890326,
    "3.10.46": 1642544.4020360457,
    "3.10.47": 3782238.2481773132,
    "3.11.0": 1782598.246719129,
    "lastPublished": 1782598.246719129,
    "lastRan": 1782598.246719129
}