{
    "3.10.38": 12729.312370247431,
    "3.10.39": 1591329.23928759,
    "3.10.40": 1697742.097721777,
    "3.10.41": 1716068.329679528,
    "3.10.42": 2109832.6800018046,
    "3.10.43": 1856300.4586112064,
    "lastPublished": 1856300.4586112064,
    "lastRan": 1856300.4586112064
}