{
    "5.0.5": 1710574.2153097582,
    "lastPublished": 1710574.2153097582,
    "lastRan": 1710574.2153097582
}