{
    "5.0.5": 1710574.2153097582,
    "5.0.7": 3825321.1295023914,
    "5.0.8": 2283960.459932937,
    "lastVersion": 2283960.459932937
}