{
    "3.10.38": 12729.312370247431,
    "3.10.39": 1591329.23928759,
    "3.10.40": 1697742.097721777,
    "3.10.41": 1716068.329679528,
    "3.10.42": 2109832.6800018046,
    "3.10.43": 1856300.4586112064,
    "3.10.44": 422684.49705650384,
    "3.10.45": 816486.0306890326,
    "3.10.46": 1642544.4020360457,
    "3.10.47": 3782238.2481773132,
    "3.11.0": 1782598.246719129,
    "3.11.1": 455658.207071382,
    "3.11.2": 832333.582346876,
    "3.11.6": 1338399.296751783,
    "3.12.2": 1120174.2479436267,
    "3.13.0": 1225433.6965343168,
    "3.14.0": 1127346.2128834666,
    "4.0.4": 245828.80188592756,
    "4.0.6": 967996.8602674735,
    "4.0.8": 1148853.0285150225,
    "4.0.9": 1231834.4014531,
    "4.0.10": 1282555.7898473497,
    "4.0.12": 1031901.7942111144,
    "4.0.16": 1073063.2446388712,
    "4.1.0": 1164840.2917737805,
    "5.0.1": 5016268.938326591,
    "lastPublished": 5016268.938326591,
    "lastRan": 5016268.938326591
}