{
    "5.0.5": 1710574.2153097582,
    "5.0.7": 3825321.1295023914,
    "lastPublished": 3825321.1295023914,
    "lastRan": 3825321.1295023914
}