{
    "3.10.38": 12729.312370247431,
    "3.10.39": 1591329.23928759,
    "lastPublished": 1591329.23928759,
    "lastRan": 1591329.23928759
}