{
    "3.10.38": 12729.312370247431,
    "3.10.39": 1591329.23928759,
    "3.10.40": 1697742.097721777,
    "3.10.41": 1716068.329679528,
    "lastPublished": 1716068.329679528,
    "lastRan": 1716068.329679528
}