{
    "0.1.0": 1766552.4960653074,
    "1.0.0": 1759652.1063472014,
    "lastPublished": 1766552.4960653074,
    "lastRan": 1759652.1063472014
}