{
    "0.1.0": 1766552.4960653074,
    "1.0.0": 1759652.1063472014,
    "1.0.1": 457125.0720386233,
    "1.0.2": 1801680.4378159244,
    "1.0.3": 999608.020084969,
    "1.0.4": 1814318.6815450066,
    "1.0.5": 490636.1693646449,
    "1.0.6": 413336.7960156069,
    "lastPublished": 413336.7960156069,
    "lastRan": 413336.7960156069
}