{
    "4.0.5": 1882403.5296265325,
    "4.0.7": 1610973.0601978393,
    "lastPublished": 1610973.0601978393,
    "lastRan": 1610973.0601978393
}