{
    "0.1.0": 1766552.4960653074,
    "1.0.0": 1759652.1063472014,
    "1.0.1": 457125.0720386233,
    "1.0.2": 1801680.4378159244,
    "1.0.3": 999608.020084969,
    "1.0.4": 1814318.6815450066,
    "1.0.5": 490636.1693646449,
    "1.0.6": 413336.7960156069,
    "1.0.13": 1191877.8284635944,
    "2.0.2": 1446702.4252992219,
    "3.0.4": 91639.5091432219,
    "3.0.6": 754799.1565964392,
    "3.0.8": 842822.3523417823,
    "lastPublished": 842822.3523417823,
    "lastRan": 842822.3523417823
}