{
    "1.0.0": 1759652.1063472014,
    "lastPublished": 1759652.1063472014,
    "lastRan": 1759652.1063472014
}