{
    "4.0.5": 1882403.5296265325,
    "4.0.7": 1610973.0601978393,
    "4.0.8": 1364930.6225679463,
    "lastVersion": 1364930.6225679463
}