{
    "4.0.5": 1882403.5296265325,
    "lastPublished": 1882403.5296265325,
    "lastRan": 1882403.5296265325
}