{
    "4.0.5": 1882403.5296265325,
    "4.0.7": 1610973.0601978393,
    "4.0.8": 1364930.6225679463,
    "4.0.9": 1640171.423597428,
    "4.0.10": 1636467.679991334,
    "4.0.11": 1074734.5437457971,
    "4.0.12": 1072431.9047597311,
    "4.1.0": 1317430.6234308772,
    "4.1.1": 1035703.4701888275,
    "4.1.2": 910834.1383881731,
    "lastVersion": 910834.1383881731
}