{
    "0.1.0": 1766552.4960653074,
    "1.0.0": 1759652.1063472014,
    "1.0.1": 457125.0720386233,
    "1.0.2": 1801680.4378159244,
    "1.0.3": 999608.020084969,
    "1.0.4": 1814318.6815450066,
    "lastPublished": 1814318.6815450066,
    "lastRan": 1814318.6815450066
}