{
    "0.1.0": 1766552.4960653074,
    "1.0.0": 1759652.1063472014,
    "1.0.1": 457125.0720386233,
    "lastPublished": 457125.0720386233,
    "lastRan": 457125.0720386233
}