{
    "1.0.0": 59199.0060166207,
    "1.1.0": 57747.54734743374,
    "1.2.0": 49492.78887102114,
    "1.2.1": 26626.31932630823,
    "1.2.2": 47461.45950849157,
    "1.2.3": 23854.826968661902,
    "1.2.4": 76281.16878238904,
    "1.2.5": 46308.0339816991,
    "1.2.6": 48344.124596460344,
    "1.2.7": 16486.03830425723,
    "1.2.8": 15410.429184147892,
    "1.2.14": 60569.49677697515,
    "1.2.16": 68197.05025827438,
    "1.2.20": 80413.27891155257,
    "1.3.1": 71170.81909898315,
    "2.0.4": 15932.728320498933,
    "2.0.6": 59202.07414833878,
    "2.0.8": 72867.62400271314,
    "2.0.9": 75559.9900013036,
    "2.0.10": 81109.79420313817,
    "2.0.12": 62323.36042987207,
    "2.0.16": 64134.997019549664,
    "2.1.0": 79241.59505119629,
    "lastPublished": 79241.59505119629,
    "lastRan": 79241.59505119629
}