{
    "3.0.5": 102173.54520298743,
    "3.0.7": 95794.89554276981,
    "3.0.8": 68646.83905123986,
    "lastVersion": 68646.83905123986
}