{
    "3.0.5": 102173.54520298743,
    "lastPublished": 102173.54520298743,
    "lastRan": 102173.54520298743
}