{
    "3.0.5": 102173.54520298743,
    "3.0.7": 95794.89554276981,
    "3.0.8": 68646.83905123986,
    "3.0.9": 68145.95479913426,
    "3.0.10": 62397.22473584629,
    "lastVersion": 62397.22473584629
}