{
    "1.0.0": 59199.0060166207,
    "lastPublished": 59199.0060166207,
    "lastRan": 59199.0060166207
}