{
    "1.0.0": 59199.0060166207,
    "1.1.0": 57747.54734743374,
    "lastPublished": 57747.54734743374,
    "lastRan": 57747.54734743374
}