{
  "3.0.5": 102173.54520298743,
  "3.0.7": 95794.89554276981,
  "3.0.8": 68646.83905123986,
  "3.0.9": 68145.95479913426,
  "3.0.10": 62397.22473584629,
  "3.0.11": 56644.59819943321,
  "3.0.12": 43444.343804512064,
  "3.0.13": 55993.81424838119,
  "3.0.14": 105328.95621876934,
  "3.0.15": 121949.03943187006,
  "lastVersion": 121949.03943187006
}