{
    "1.0.0": 59199.0060166207,
    "1.1.0": 57747.54734743374,
    "1.2.0": 49492.78887102114,
    "1.2.1": 26626.31932630823,
    "1.2.2": 47461.45950849157,
    "lastPublished": 47461.45950849157,
    "lastRan": 47461.45950849157
}