{
    "3.0.5": 102173.54520298743,
    "3.0.7": 95794.89554276981,
    "lastPublished": 95794.89554276981,
    "lastRan": 95794.89554276981
}