{
    "1.0.0": 59199.0060166207,
    "1.1.0": 57747.54734743374,
    "1.2.0": 49492.78887102114,
    "1.2.1": 26626.31932630823,
    "1.2.2": 47461.45950849157,
    "1.2.3": 23854.826968661902,
    "1.2.4": 76281.16878238904,
    "1.2.5": 46308.0339816991,
    "1.2.6": 48344.124596460344,
    "1.2.7": 16486.03830425723,
    "lastPublished": 16486.03830425723,
    "lastRan": 16486.03830425723
}