{
    "1.0.0": 59199.0060166207,
    "1.1.0": 57747.54734743374,
    "1.2.0": 49492.78887102114,
    "lastPublished": 49492.78887102114,
    "lastRan": 49492.78887102114
}