{
    "1.8.3": 632.823798150517,
    "2.0.0": 580.4942445230253,
    "lastPublished": 580.4942445230253,
    "lastRan": 580.4942445230253
}