{
    "1.5.5": 12.53242758239331,
    "lastPublished": 12.53242758239331,
    "lastRan": 12.53242758239331
}