{
    "1.8.3": 632.823798150517,
    "lastPublished": 632.823798150517,
    "lastRan": 632.823798150517
}