{
    "1.5.5": 12.53242758239331,
    "lastPublished": 11.794162816080346,
    "lastRan": 11.794162816080346,
    "1.5.6": 18.885813012849592,
    "1.5.7": 11.991129885770112,
    "1.5.8": 13.271892505906449,
    "1.5.9": 12.86941323136183,
    "1.5.10": 19.744647571131804,
    "1.5.11": 12.252586710969778,
    "1.5.12": 13.708707727280503,
    "1.5.13": 15.38841390467051,
    "1.5.14": 17.788101628294985,
    "1.5.15": 17.992781129067556,
    "1.6.0": 11.794162816080346
}