{
  "5.0.5": 11353.10138797259,
  "5.0.7": 14350.43704316503,
  "5.0.8": 8102.025247472726,
  "5.0.9": 11337.146621055139,
  "5.0.10": 8802.719649402212,
  "5.0.11": 9537.845169774926,
  "5.0.12": 14005.203669864803,
  "5.0.13": 7695.870203865009,
  "5.0.14": 9550.904530934213,
  "5.0.15": 12576.942023465273,
  "5.0.16": 10805.096601131965,
  "5.0.17": 9987.168008077357,
  "5.0.18": 11119.186416369503,
  "5.0.23": 14727.966250076865,
  "5.0.24": 15696.75966922835,
  "5.0.25": 19989.159164208686,
  "lastVersion": 19989.159164208686
}