{
    "1.5.5": 12.53242758239331,
    "lastPublished": 11.991129885770112,
    "lastRan": 11.991129885770112,
    "1.5.6": 18.885813012849592,
    "1.5.7": 11.991129885770112
}