{
    "1.8.3": 632.823798150517,
    "2.0.0": 580.4942445230253,
    "2.1.0": 634.4380228076477,
    "2.2.0": 610.3958666207216,
    "2.3.0": 77220.6944567482,
    "2.4.0": 48442.35373417122,
    "2.5.0": 84814.67969068348,
    "2.5.1": 86326.91216907173,
    "2.6.0": 105418.82120420676,
    "2.7.0": 64093.47930996237,
    "lastPublished": 64093.47930996237,
    "lastRan": 64093.47930996237
}