{
    "5.0.5": 11353.10138797259,
    "5.0.7": 14350.43704316503,
    "lastPublished": 14350.43704316503,
    "lastRan": 14350.43704316503
}