{
    "1.5.5": 12.53242758239331,
    "1.5.6": 18.885813012849592,
    "1.5.7": 11.991129885770112,
    "1.5.8": 13.271892505906449,
    "1.5.9": 12.86941323136183,
    "1.5.10": 19.744647571131804,
    "1.5.11": 12.252586710969778,
    "1.5.12": 13.708707727280503,
    "1.5.13": 15.38841390467051,
    "1.5.14": 17.788101628294985,
    "1.5.15": 17.992781129067556,
    "1.6.0": 11.794162816080346,
    "1.6.1": 18.28090738788783,
    "1.7.0": 15.70357389907098,
    "1.7.1": 17.184521820802328,
    "1.7.2": 15.133001624113966,
    "1.7.3": 11.307739744557544,
    "1.7.4": 5.51979224616334,
    "1.7.5": 5.945150321616126,
    "1.7.6": 10.268911925780328,
    "1.7.7": 8.627193494970811,
    "1.8.0": 15.082478793840897,
    "1.8.1": 9.475453060674742,
    "lastPublished": 9.475453060674742,
    "lastRan": 9.475453060674742
}