{
    "5.0.5": 11353.10138797259,
    "5.0.7": 14350.43704316503,
    "5.0.8": 8102.025247472726,
    "5.0.9": 11337.146621055139,
    "lastVersion": 11337.146621055139
}