{
    "1.5.5": 19.06753612978899,
    "lastPublished": 19.06753612978899,
    "lastRan": 19.06753612978899
}