{
    "5.0.5": 11353.10138797259,
    "lastPublished": 11353.10138797259,
    "lastRan": 11353.10138797259
}