{
    "1.5.5": 12.53242758239331,
    "lastPublished": 18.885813012849592,
    "lastRan": 18.885813012849592,
    "1.5.6": 18.885813012849592
}