{
    "1.8.3": 632.823798150517,
    "2.0.0": 580.4942445230253,
    "2.1.0": 634.4380228076477,
    "lastPublished": 634.4380228076477,
    "lastRan": 634.4380228076477
}