{
    "1.8.3": 632.823798150517,
    "2.0.0": 580.4942445230253,
    "2.1.0": 634.4380228076477,
    "2.2.0": 610.3958666207216,
    "2.3.0": 77220.6944567482,
    "2.4.0": 48442.35373417122,
    "2.5.0": 84814.67969068348,
    "2.5.1": 86326.91216907173,
    "2.6.0": 105418.82120420676,
    "2.7.0": 64093.47930996237,
    "2.8.0": 76992.23748912242,
    "2.9.0": 82603.95967256796,
    "2.10.0": 38276.7904465193,
    "2.10.1": 68293.79069357172,
    "2.11.0": 74909.7091427194,
    "2.11.1": 59083.11761660139,
    "2.12.0": 46209.05261737466,
    "2.13.0": 58933.96621902286,
    "2.14.0": 11677.426820334853,
    "2.15.0": 10814.52911047546,
    "2.16.0": 10834.735550220246,
    "2.17.0": 13983.951864940318,
    "2.17.1": 12398.648815378847,
    "2.17.2": 13117.708887187164,
    "2.17.3": 15016.925223884506,
    "2.17.4": 6203.310401547028,
    "2.18.2": 6251.247496579691,
    "2.18.3": 6325.069068137091,
    "2.18.4": 6318.970931969655,
    "2.18.6": 4096.902504934699,
    "2.18.17": 6192.315108214911,
    "2.19.0": 6377.055863154976,
    "2.19.4": 5951.971367257873,
    "3.0.5": 5123.077881882885,
    "3.0.6": 6082.861703080981,
    "3.0.9": 5763.341294646935,
    "4.0.2": 5664.513723717245,
    "4.1.1": 6136.767298102715,
    "4.1.2": 5603.889572439078,
    "4.2.0": 4862.87281547461,
    "4.3.0": 5628.624187241687,
    "4.4.0": 5910.4862742938585,
    "4.5.0": 4634.553399981928,
    "4.5.1": 5267.9034392524645,
    "4.5.3": 3872.6618751296432,
    "lastPublished": 3872.6618751296432,
    "lastRan": 3872.6618751296432
}