{
    "1.5.5": 12.53242758239331,
    "lastPublished": 12.86941323136183,
    "lastRan": 12.86941323136183,
    "1.5.6": 18.885813012849592,
    "1.5.7": 11.991129885770112,
    "1.5.8": 13.271892505906449,
    "1.5.9": 12.86941323136183
}