{
    "5.0.5": 11353.10138797259,
    "5.0.7": 14350.43704316503,
    "5.0.8": 8102.025247472726,
    "lastVersion": 8102.025247472726
}