{
    "6.0.5": 79528.29644793093,
    "6.0.7": 119991.7836930484,
    "lastPublished": 119991.7836930484,
    "lastRan": 119991.7836930484
}