{
    "4.10.26": 1029.9318897146707,
    "lastPublished": 1029.9318897146707,
    "lastRan": 1029.9318897146707
}