{
    "4.10.26": 1029.9318897146707,
    "lastPublished": 1017.3092900437391,
    "lastRan": 1017.3092900437391,
    "4.10.27": 999.6926683062856,
    "4.10.28": 1006.9194495076975,
    "4.10.29": 1153.15082455238,
    "4.10.30": 1060.4485795058704,
    "4.10.31": 441.68097670036974,
    "4.10.32": 993.690251535834,
    "4.10.33": 1078.693863923426,
    "4.10.34": 1003.2998453870404,
    "4.10.35": 971.5474339461607,
    "4.10.36": 999.1896155995253,
    "4.10.37": 1017.3092900437391
}