{
    "6.0.5": 79528.29644793093,
    "lastPublished": 79528.29644793093,
    "lastRan": 79528.29644793093
}