{
    "4.10.26": 1029.9318897146707,
    "4.10.27": 999.6926683062856,
    "4.10.28": 1006.9194495076975,
    "4.10.29": 1153.15082455238,
    "4.10.30": 1060.4485795058704,
    "4.10.31": 441.68097670036974,
    "4.10.32": 993.690251535834,
    "4.10.33": 1078.693863923426,
    "4.10.34": 1003.2998453870404,
    "4.10.35": 971.5474339461607,
    "4.10.36": 999.1896155995253,
    "4.10.37": 1017.3092900437391,
    "4.10.38": 1020.6609285629107,
    "4.10.39": 962.8160030068433,
    "4.10.40": 310.8591953300688,
    "4.10.41": 1138.416039646438,
    "4.10.42": 994.3584492449095,
    "4.10.43": 286.35716601910786,
    "4.11.0": 45438.262938682135,
    "4.11.1": 46497.823255339776,
    "4.11.2": 47458.5255507274,
    "4.11.3": 47496.530854638804,
    "4.11.4": 48011.89940130208,
    "4.11.5": 50019.11554942121,
    "4.11.6": 19465.171788722662,
    "4.11.7": 15630.817511181831,
    "4.11.8": 78619.50254460772,
    "4.11.9": 25253.67877909919,
    "4.11.10": 47657.966094956864,
    "4.11.11": 20013.989281465227,
    "4.11.12": 73846.18448554704,
    "4.11.13": 44068.294154881914,
    "lastPublished": 44068.294154881914,
    "lastRan": 44068.294154881914
}