{
    "4.10.26": 1029.9318897146707,
    "lastPublished": 999.6926683062856,
    "lastRan": 999.6926683062856,
    "4.10.27": 999.6926683062856
}