{
    "last": 977.9710062005652,
    "4.10.26": 977.9710062005652,
    "lastRan": 977.9710062005652
}