{
    "4.10.26": 1029.9318897146707,
    "lastPublished": 1060.4485795058704,
    "lastRan": 1060.4485795058704,
    "4.10.27": 999.6926683062856,
    "4.10.28": 1006.9194495076975,
    "4.10.29": 1153.15082455238,
    "4.10.30": 1060.4485795058704
}