{
    "6.0.5": 79528.29644793093,
    "6.0.7": 119991.7836930484,
    "6.0.8": 65082.96513139297,
    "6.0.9": 65643.77504888906,
    "6.0.10": 93749.65502979935,
    "6.0.11": 63106.26431639961,
    "6.0.12": 66250.75353337225,
    "lastVersion": 66250.75353337225
}