{
    "6.0.5": 79528.29644793093,
    "6.0.7": 119991.7836930484,
    "6.0.8": 65082.96513139297,
    "6.0.9": 65643.77504888906,
    "lastVersion": 65643.77504888906
}