{
    "6.0.5": 79528.29644793093,
    "6.0.7": 119991.7836930484,
    "6.0.8": 65082.96513139297,
    "lastVersion": 65082.96513139297
}