{
  "6.0.5": 79528.29644793093,
  "6.0.7": 119991.7836930484,
  "6.0.8": 65082.96513139297,
  "6.0.9": 65643.77504888906,
  "6.0.10": 93749.65502979935,
  "6.0.11": 63106.26431639961,
  "6.0.12": 66250.75353337225,
  "6.1.0": 60231.053203645446,
  "6.1.1": 85013.29455930158,
  "6.1.2": 67394.69209765244,
  "6.1.3": 76943.61819975881,
  "lastVersion": 76943.61819975881
}