{
    "1.8.26": 71188709.80751282,
    "1.8.27": 685959919.8388972,
    "1.8.28": 72565419.53920697,
    "1.8.29": 63958751.936211966,
    "1.8.30": 82109506.07932799,
    "1.8.31": 76957491.10967842,
    "1.8.32": 81743177.48733132,
    "1.8.33": 79944832.76385912,
    "1.8.34": 68510551.11017351,
    "1.8.35": 66693861.17177451,
    "1.8.36": 76859599.81545757,
    "1.8.37": 74864803.82298501,
    "1.8.38": 71952367.50775082,
    "1.8.39": 605566024.5935786,
    "1.8.40": 449615890.2119017,
    "1.8.41": 676059527.7921184,
    "1.8.42": 603193593.1773816,
    "1.8.43": 297718334.78621036,
    "1.8.44": 604138338.2179621,
    "1.8.45": 610552083.9431996,
    "1.8.46": 609784486.4275458,
    "1.8.47": 613392068.4729264,
    "1.8.48": 696020677.0962391,
    "1.8.49": 239557393.35238385,
    "1.8.50": 452968778.66686666,
    "1.8.51": 600409459.0908475,
    "1.8.52": 871182027.7894586,
    "1.8.53": 337143783.48611397,
    "1.8.54": 431298065.2659997,
    "1.8.60": 854944820.0213381,
    "1.9.0": 974419219.3978449,
    "1.9.1": 839870381.5129391,
    "1.10.4": 314364791.74645203,
    "1.10.6": 717152441.642357,
    "1.10.8": 834354962.8775631,
    "1.10.9": 845108707.6725895,
    "1.10.10": 843305597.5487188,
    "1.10.12": 707141719.6865624,
    "1.10.16": 738438958.6982303,
    "1.11.0": 778179694.5981126,
    "2.0.1": 145566125.58819643,
    "2.0.2": 155165347.34305897,
    "lastPublished": 155165347.34305897,
    "lastRan": 155165347.34305897
}