{
    "1.8.26": 71188709.80751282,
    "lastPublished": 685959919.8388972,
    "lastRan": 685959919.8388972,
    "1.8.27": 685959919.8388972
}