{
    "1.8.26": 71188709.80751282,
    "lastPublished": 71188709.80751282,
    "lastRan": 71188709.80751282
}