{
  "2.0.5": 138371721.46825156,
  "2.0.7": 113210413.64509635,
  "2.0.8": 171238867.46005994,
  "2.0.9": 205181541.24747205,
  "2.0.10": 160681439.11063832,
  "2.0.11": 179623537.2164712,
  "2.0.12": 196618117.67169273,
  "2.0.13": 187465157.0515655,
  "2.0.14": 150264641.9334977,
  "3.0.19": 29308228.606390767,
  "lastVersion": 29308228.606390767
}