{
    "1.8.26": 707853743.8308984,
    "lastPublished": 707853743.8308984,
    "lastRan": 707853743.8308984
}