{
    "2.0.5": 138371721.46825156,
    "2.0.7": 113210413.64509635,
    "lastPublished": 113210413.64509635,
    "lastRan": 113210413.64509635
}