{
    "1.8.26": 71188709.80751282,
    "lastPublished": 76957491.10967842,
    "lastRan": 76957491.10967842,
    "1.8.27": 685959919.8388972,
    "1.8.28": 72565419.53920697,
    "1.8.29": 63958751.936211966,
    "1.8.30": 82109506.07932799,
    "1.8.31": 76957491.10967842
}