{
    "2.0.5": 138371721.46825156,
    "lastPublished": 138371721.46825156,
    "lastRan": 138371721.46825156
}