{
    "1.8.26": 71188709.80751282,
    "lastPublished": 76859599.81545757,
    "lastRan": 76859599.81545757,
    "1.8.27": 685959919.8388972,
    "1.8.28": 72565419.53920697,
    "1.8.29": 63958751.936211966,
    "1.8.30": 82109506.07932799,
    "1.8.31": 76957491.10967842,
    "1.8.32": 81743177.48733132,
    "1.8.33": 79944832.76385912,
    "1.8.34": 68510551.11017351,
    "1.8.35": 66693861.17177451,
    "1.8.36": 76859599.81545757
}