{
  "5.0.5": 93964.77575913226,
  "5.0.7": 136322.36426495836,
  "5.0.8": 107747.88126321652,
  "5.0.9": 101434.67434664717,
  "5.0.10": 111810.30967867956,
  "5.0.11": 70999.15105335462,
  "5.0.12": 87962.3991057497,
  "5.0.13": 87610.56615110612,
  "5.0.14": 116011.53741875249,
  "5.0.15": 118935.38880657748,
  "6.0.30": 260565.8965475388,
  "lastVersion": 260565.8965475388
}