{
    "3.9.26": 89171.88829669937,
    "lastPublished": 88284.15148217996,
    "lastRan": 88284.15148217996,
    "3.9.27": 85665.58735943919,
    "3.9.28": 88284.15148217996
}