{
    "3.9.26": 86301.2528377542,
    "lastPublished": 86301.2528377542,
    "lastRan": 86301.2528377542
}