{
    "5.0.5": 93964.77575913226,
    "5.0.7": 136322.36426495836,
    "lastPublished": 136322.36426495836,
    "lastRan": 136322.36426495836
}