{
    "3.9.26": 89171.88829669937,
    "lastPublished": 89171.88829669937,
    "lastRan": 89171.88829669937
}