{
    "3.9.26": 89171.88829669937,
    "lastPublished": 92423.83054125389,
    "lastRan": 92423.83054125389,
    "3.9.27": 85665.58735943919,
    "3.9.28": 88284.15148217996,
    "3.9.29": 53197.54207537912,
    "3.9.30": 90970.35009804022,
    "3.9.31": 87450.20505110291,
    "3.9.32": 90478.3224321637,
    "3.9.33": 94049.29208729598,
    "3.9.34": 77820.45407194117,
    "3.9.35": 78968.93885285282,
    "3.9.36": 92423.83054125389
}