{
    "3.9.26": 89171.88829669937,
    "lastPublished": 90970.35009804022,
    "lastRan": 90970.35009804022,
    "3.9.27": 85665.58735943919,
    "3.9.28": 88284.15148217996,
    "3.9.29": 53197.54207537912,
    "3.9.30": 90970.35009804022
}