{
    "3.9.26": 89171.88829669937,
    "lastPublished": 85665.58735943919,
    "lastRan": 85665.58735943919,
    "3.9.27": 85665.58735943919
}