{
    "5.0.5": 93964.77575913226,
    "5.0.7": 136322.36426495836,
    "5.0.8": 107747.88126321652,
    "lastVersion": 107747.88126321652
}