{
    "3.9.26": 89171.88829669937,
    "3.9.27": 85665.58735943919,
    "3.9.28": 88284.15148217996,
    "3.9.29": 53197.54207537912,
    "3.9.30": 90970.35009804022,
    "3.9.31": 87450.20505110291,
    "3.9.32": 90478.3224321637,
    "3.9.33": 94049.29208729598,
    "3.9.34": 77820.45407194117,
    "3.9.35": 78968.93885285282,
    "3.9.36": 92423.83054125389,
    "3.9.37": 88323.85121007926,
    "3.9.38": 91947.7225437051,
    "3.9.39": 85474.15013250828,
    "3.9.40": 26364.457694974957,
    "3.9.41": 90207.15112647529,
    "3.9.42": 90296.16454162067,
    "3.9.43": 45001.83479012592,
    "3.9.44": 65287.285122374255,
    "3.9.45": 66121.66009078037,
    "3.9.46": 72673.67607360262,
    "3.9.47": 74037.356225277,
    "3.9.48": 70560.19147600346,
    "3.9.49": 26839.817493842573,
    "lastPublished": 26839.817493842573,
    "lastRan": 26839.817493842573
}