{
    "5.0.5": 93964.77575913226,
    "lastPublished": 93964.77575913226,
    "lastRan": 93964.77575913226
}