{
    "5.0.5": 93964.77575913226,
    "5.0.7": 136322.36426495836,
    "5.0.8": 107747.88126321652,
    "5.0.9": 101434.67434664717,
    "5.0.10": 111810.30967867956,
    "5.0.11": 70999.15105335462,
    "lastVersion": 70999.15105335462
}