{
    "3.0.17": 9264.870036774526,
    "lastPublished": 9264.870036774526,
    "lastRan": 9264.870036774526
}