{
    "3.0.17": 9264.870036774526,
    "lastPublished": 11022.86927344789,
    "lastRan": 11022.86927344789,
    "3.0.18": 11022.86927344789
}