{
    "3.0.17": 9264.870036774526,
    "lastPublished": 9785.285897539065,
    "lastRan": 9785.285897539065,
    "3.0.18": 11022.86927344789,
    "3.0.19": 9175.000780233062,
    "3.0.20": 10849.614844348194,
    "3.0.21": 9362.295262699994,
    "3.0.22": 11304.53066995744,
    "3.0.23": 9139.804938034185,
    "3.0.24": 9785.285897539065
}