{
    "3.0.17": 9264.870036774526,
    "3.0.18": 11022.86927344789,
    "3.0.19": 9175.000780233062,
    "3.0.20": 10849.614844348194,
    "3.0.21": 9362.295262699994,
    "3.0.22": 11304.53066995744,
    "3.0.23": 9139.804938034185,
    "3.0.24": 9785.285897539065,
    "3.0.25": 9299.390075486655,
    "3.0.26": 9743.68932118362,
    "3.0.27": 10865.299423033128,
    "3.0.28": 9467.45884024528,
    "3.0.29": 10646.993320595526,
    "3.0.30": 9301.117135705252,
    "3.0.31": 2361.2825870169263,
    "3.0.32": 6355.092098836464,
    "3.0.33": 9243.772523848551,
    "3.0.34": 2672.0387271744125,
    "3.0.35": 412611.1839324904,
    "3.0.36": 414728.52467659494,
    "3.0.37": 410459.4775473327,
    "3.0.38": 388906.5229458952,
    "3.0.39": 460777.2297202646,
    "3.0.40": 476386.34304895235,
    "3.0.41": 444999.0438130611,
    "3.0.42": 428737.90943737235,
    "3.0.43": 156907.28859099653,
    "3.0.44": 219980.03916895966,
    "3.0.45": 752665.3803568116,
    "3.0.46": 252303.76234682757,
    "3.0.47": 437501.52393462165,
    "3.0.48": 256501.41337380355,
    "3.1.0": 198793.91504880806,
    "3.1.1": 527871.9873897076,
    "3.1.2": 657587.718235238,
    "3.1.3": 197626.98875967367,
    "lastPublished": 197626.98875967367,
    "lastRan": 197626.98875967367
}