{
    "6.0.5": 940385.9674603806,
    "6.0.7": 1887474.726018836,
    "6.0.8": 1073428.9213629444,
    "lastVersion": 1073428.9213629444
}