{
    "6.0.5": 940385.9674603806,
    "6.0.7": 1887474.726018836,
    "lastPublished": 1887474.726018836,
    "lastRan": 1887474.726018836
}