{
  "6.0.5": 940385.9674603806,
  "6.0.7": 1887474.726018836,
  "6.0.8": 1073428.9213629444,
  "6.0.9": 1146289.0062251196,
  "6.0.10": 1021156.9695029953,
  "6.0.11": 951576.7774511133,
  "6.0.12": 909554.2548851836,
  "6.1.0": 1082491.3409000742,
  "6.1.1": 915889.4358152107,
  "6.1.2": 846621.6629442587,
  "6.1.3": 1058354.3814855837,
  "6.1.4": 1003839.1058628049,
  "6.1.5": 1136077.6188211436,
  "7.0.30": 601099.7182737619,
  "lastVersion": 601099.7182737619
}