{
    "3.0.17": 9264.870036774526,
    "lastPublished": 9175.000780233062,
    "lastRan": 9175.000780233062,
    "3.0.18": 11022.86927344789,
    "3.0.19": 9175.000780233062
}