{
    "6.0.5": 940385.9674603806,
    "lastPublished": 940385.9674603806,
    "lastRan": 940385.9674603806
}