{
    "3.0.17": 10592.894951871562,
    "lastPublished": 10592.894951871562,
    "lastRan": 10592.894951871562
}