{
    "6.0.5": 940385.9674603806,
    "6.0.7": 1887474.726018836,
    "6.0.8": 1073428.9213629444,
    "6.0.9": 1146289.0062251196,
    "6.0.10": 1021156.9695029953,
    "lastVersion": 1021156.9695029953
}