{
    "3.0.17": 9264.870036774526,
    "lastPublished": 9362.295262699994,
    "lastRan": 9362.295262699994,
    "3.0.18": 11022.86927344789,
    "3.0.19": 9175.000780233062,
    "3.0.20": 10849.614844348194,
    "3.0.21": 9362.295262699994
}