{
    "6.0.5": 38455.33464842396,
    "6.0.7": 48403.76078625293,
    "lastPublished": 48403.76078625293,
    "lastRan": 48403.76078625293
}