{
    "6.0.5": 38455.33464842396,
    "lastPublished": 38455.33464842396,
    "lastRan": 38455.33464842396
}