{
    "3.0.18": 165.35848979348108,
    "3.0.19": 187.54838030374285,
    "3.0.20": 152.90766138157574,
    "3.0.21": 199.32987130121802,
    "3.0.22": 175.37199681465466,
    "3.0.23": 202.28707707347445,
    "3.0.24": 175.362297298211,
    "3.0.25": 166.01629711792978,
    "3.0.26": 167.04379541084728,
    "3.0.27": 995.3661079586462,
    "3.0.28": 890.9952139311225,
    "3.0.29": 859.145035504122,
    "3.0.30": 834.6273602003903,
    "3.0.31": 835.503609217708,
    "3.0.32": 204.84501801587052,
    "3.0.33": 1011.6738502468099,
    "3.0.34": 973.3199966349961,
    "3.0.35": 964.7541822932131,
    "3.0.36": 288.9694302821511,
    "3.0.37": 11355.760502094368,
    "3.0.38": 10891.998592662912,
    "3.0.39": 11509.232684883922,
    "3.0.40": 12435.256809454851,
    "3.0.41": 11815.897733229878,
    "3.0.42": 16200.222071913422,
    "3.0.43": 2720.371917048008,
    "3.0.44": 5407.13811355731,
    "lastPublished": 5407.13811355731,
    "lastRan": 5407.13811355731
}