{
    "last": 122.38376435812603,
    "3.0.18": 122.38376435812603
}