{
    "3.0.18": 165.35848979348108,
    "lastPublished": 187.54838030374285,
    "lastRan": 187.54838030374285,
    "3.0.19": 187.54838030374285
}