{
    "3.0.18": 165.35848979348108,
    "lastPublished": 204.84501801587052,
    "lastRan": 204.84501801587052,
    "3.0.19": 187.54838030374285,
    "3.0.20": 152.90766138157574,
    "3.0.21": 199.32987130121802,
    "3.0.22": 175.37199681465466,
    "3.0.23": 202.28707707347445,
    "3.0.24": 175.362297298211,
    "3.0.25": 166.01629711792978,
    "3.0.26": 167.04379541084728,
    "3.0.27": 995.3661079586462,
    "3.0.28": 890.9952139311225,
    "3.0.29": 859.145035504122,
    "3.0.30": 834.6273602003903,
    "3.0.31": 835.503609217708,
    "3.0.32": 204.84501801587052
}