{
    "6.0.5": 38455.33464842396,
    "6.0.7": 48403.76078625293,
    "6.0.8": 25834.20270882961,
    "6.0.9": 32375.618420870585,
    "6.0.10": 24136.317120903666,
    "6.0.11": 23150.85537411086,
    "6.0.12": 20055.798295056255,
    "6.0.13": 19747.5952383217,
    "6.0.14": 24478.592109514237,
    "6.0.15": 23835.11818053298,
    "6.0.16": 20401.320579878866,
    "lastVersion": 20401.320579878866
}