{
    "3.0.18": 165.35848979348108,
    "3.0.19": 187.54838030374285,
    "3.0.20": 152.90766138157574,
    "3.0.21": 199.32987130121802,
    "3.0.22": 175.37199681465466,
    "3.0.23": 202.28707707347445,
    "3.0.24": 175.362297298211,
    "3.0.25": 166.01629711792978,
    "3.0.26": 167.04379541084728,
    "3.0.27": 995.3661079586462,
    "3.0.28": 890.9952139311225,
    "3.0.29": 859.145035504122,
    "3.0.30": 834.6273602003903,
    "3.0.31": 835.503609217708,
    "3.0.32": 204.84501801587052,
    "3.0.33": 1011.6738502468099,
    "3.0.34": 973.3199966349961,
    "3.0.35": 964.7541822932131,
    "3.0.36": 288.9694302821511,
    "3.0.37": 11355.760502094368,
    "3.0.38": 10891.998592662912,
    "3.0.39": 11509.232684883922,
    "3.0.40": 12435.256809454851,
    "3.0.41": 11815.897733229878,
    "3.0.42": 16200.222071913422,
    "3.0.43": 2720.371917048008,
    "3.0.44": 5407.13811355731,
    "3.0.45": 14866.464367380415,
    "3.0.46": 9079.58534862118,
    "3.0.47": 13516.97857901506,
    "3.0.48": 35092.937573670126,
    "3.0.49": 37935.97425186592,
    "3.0.50": 18676.02772436089,
    "3.0.51": 17344.769451791428,
    "3.0.52": 35782.468583861715,
    "3.0.53": 9836.003064650138,
    "3.0.54": 11507.714380597314,
    "3.0.64": 9321.763831771257,
    "lastPublished": 9321.763831771257,
    "lastRan": 9321.763831771257
}