{
    "6.0.5": 38455.33464842396,
    "6.0.7": 48403.76078625293,
    "6.0.8": 25834.20270882961,
    "6.0.9": 32375.618420870585,
    "6.0.10": 24136.317120903666,
    "lastVersion": 24136.317120903666
}