{
    "3.0.18": 165.35848979348108,
    "lastPublished": 199.32987130121802,
    "lastRan": 199.32987130121802,
    "3.0.19": 187.54838030374285,
    "3.0.20": 152.90766138157574,
    "3.0.21": 199.32987130121802
}