{
    "3.0.18": 165.35848979348108,
    "lastPublished": 165.35848979348108,
    "lastRan": 165.35848979348108
}