{
    "3.0.18": 165.35848979348108,
    "lastPublished": 175.362297298211,
    "lastRan": 175.362297298211,
    "3.0.19": 187.54838030374285,
    "3.0.20": 152.90766138157574,
    "3.0.21": 199.32987130121802,
    "3.0.22": 175.37199681465466,
    "3.0.23": 202.28707707347445,
    "3.0.24": 175.362297298211
}