{
    "6.0.5": 1154.7038747280521,
    "6.0.7": 976.6661241911421,
    "6.0.8": 795.2466982926204,
    "6.0.9": 791.0911785419835,
    "6.0.10": 784.8114044288025,
    "6.0.11": 680.1795112134924,
    "6.0.12": 751.6938182735478,
    "6.0.13": 794.2693642766184,
    "6.0.14": 654.8219039311482,
    "6.0.15": 761.0590162671352,
    "lastVersion": 761.0590162671352
}