{
    "3.0.17": 252.5863334924965,
    "lastPublished": 235.13623991366603,
    "lastRan": 235.13623991366603,
    "3.0.18": 235.13623991366603
}