{
    "6.0.5": 1154.7038747280521,
    "6.0.7": 976.6661241911421,
    "lastPublished": 976.6661241911421,
    "lastRan": 976.6661241911421
}