{
    "3.0.17": 252.5863334924965,
    "lastPublished": 252.5863334924965,
    "lastRan": 252.5863334924965
}