{
    "3.0.17": 252.5863334924965,
    "lastPublished": 238.50461395366844,
    "lastRan": 238.50461395366844,
    "3.0.18": 235.13623991366603,
    "3.0.19": 255.76136816893853,
    "3.0.20": 285.8326755851422,
    "3.0.21": 263.0783003469024,
    "3.0.22": 71.20075012215764,
    "3.0.23": 257.29935878318696,
    "3.0.24": 269.6126038465863,
    "3.0.25": 238.50461395366844
}