{
    "last": 229.94044992676638,
    "3.0.17": 229.94044992676638
}