{
    "3.0.17": 252.5863334924965,
    "lastPublished": 261.1656714846407,
    "lastRan": 261.1656714846407,
    "3.0.18": 235.13623991366603,
    "3.0.19": 255.76136816893853,
    "3.0.20": 285.8326755851422,
    "3.0.21": 263.0783003469024,
    "3.0.22": 71.20075012215764,
    "3.0.23": 257.29935878318696,
    "3.0.24": 269.6126038465863,
    "3.0.25": 238.50461395366844,
    "3.0.26": 252.43673753871562,
    "3.0.27": 250.155286341433,
    "3.0.28": 254.71539582680597,
    "3.0.29": 283.7669328808794,
    "3.0.30": 248.98848727715688,
    "3.0.31": 102.91750554731392,
    "3.0.32": 326.8686987813552,
    "3.0.33": 261.1656714846407
}