{
    "3.0.17": 252.5863334924965,
    "3.0.18": 235.13623991366603,
    "3.0.19": 255.76136816893853,
    "3.0.20": 285.8326755851422,
    "3.0.21": 263.0783003469024,
    "3.0.22": 71.20075012215764,
    "3.0.23": 257.29935878318696,
    "3.0.24": 269.6126038465863,
    "3.0.25": 238.50461395366844,
    "3.0.26": 252.43673753871562,
    "3.0.27": 250.155286341433,
    "3.0.28": 254.71539582680597,
    "3.0.29": 283.7669328808794,
    "3.0.30": 248.98848727715688,
    "3.0.31": 102.91750554731392,
    "3.0.32": 326.8686987813552,
    "3.0.33": 261.1656714846407,
    "3.0.34": 278.2066009236826,
    "3.0.35": 224.17828993202636,
    "3.0.36": 248.14242754106547,
    "3.0.37": 252.41276742353966,
    "3.0.38": 270.46908635123555,
    "3.0.39": 650.874283667883,
    "3.0.40": 651.453543817574,
    "lastPublished": 651.453543817574,
    "lastRan": 651.453543817574
}