{
    "6.0.5": 1154.7038747280521,
    "6.0.7": 976.6661241911421,
    "6.0.8": 795.2466982926204,
    "6.0.9": 791.0911785419835,
    "6.0.10": 784.8114044288025,
    "6.0.11": 680.1795112134924,
    "6.0.12": 751.6938182735478,
    "lastVersion": 751.6938182735478
}