{
    "6.0.5": 1154.7038747280521,
    "lastPublished": 1154.7038747280521,
    "lastRan": 1154.7038747280521
}