{
    "3.0.17": 252.5863334924965,
    "lastPublished": 285.8326755851422,
    "lastRan": 285.8326755851422,
    "3.0.18": 235.13623991366603,
    "3.0.19": 255.76136816893853,
    "3.0.20": 285.8326755851422
}