{
    "4.7.26": 5398.8446316646405,
    "lastPublished": 5398.8446316646405,
    "lastRan": 5398.8446316646405
}