{
    "4.7.26": 4393.451911572566,
    "lastPublished": 4393.451911572566,
    "lastRan": 4393.451911572566
}