{
    "4.7.26": 4393.451911572566,
    "lastPublished": 4991.639126120808,
    "lastRan": 4991.639126120808,
    "4.7.27": 5295.898444553284,
    "4.7.28": 4927.831889427805,
    "4.7.29": 5752.492439803302,
    "4.7.30": 5390.314488647951,
    "4.7.31": 4837.854319160583,
    "4.7.32": 5256.171997726056,
    "4.7.33": 4880.153794445279,
    "4.7.34": 4991.639126120808
}