{
  "6.0.5": 124950.05771528606,
  "6.0.7": 175156.40198679152,
  "6.0.8": 128377.95881740036,
  "6.0.9": 127827.19235275625,
  "6.0.10": 136511.7680221731,
  "6.0.11": 111510.22360474375,
  "6.0.12": 111428.58227067189,
  "6.1.0": 96371.15536341965,
  "6.1.1": 105772.8429095554,
  "6.1.2": 155028.64974639477,
  "6.1.3": 145047.62778761706,
  "7.0.33": 278126.0692810366,
  "lastVersion": 278126.0692810366
}