{
    "4.7.26": 4393.451911572566,
    "4.7.27": 5295.898444553284,
    "4.7.28": 4927.831889427805,
    "4.7.29": 5752.492439803302,
    "4.7.30": 5390.314488647951,
    "4.7.31": 4837.854319160583,
    "4.7.32": 5256.171997726056,
    "4.7.33": 4880.153794445279,
    "4.7.34": 4991.639126120808,
    "4.7.35": 5303.003642118188,
    "4.7.36": 5647.070438070589,
    "4.7.37": 5165.52916574621,
    "4.7.38": 6100.20100223392,
    "4.7.39": 4760.859008344223,
    "4.7.40": 2062.7133444917454,
    "4.7.41": 5926.697707605148,
    "4.7.42": 5140.457039471239,
    "4.7.43": 1182.9052033789856,
    "lastPublished": 1182.9052033789856,
    "lastRan": 1182.9052033789856
}