{
    "4.7.26": 4393.451911572566,
    "lastPublished": 5295.898444553284,
    "lastRan": 5295.898444553284,
    "4.7.27": 5295.898444553284
}