{
    "6.0.5": 124950.05771528606,
    "6.0.7": 175156.40198679152,
    "6.0.8": 128377.95881740036,
    "6.0.9": 127827.19235275625,
    "lastVersion": 127827.19235275625
}