{
    "4.7.26": 4393.451911572566,
    "lastPublished": 5390.314488647951,
    "lastRan": 5390.314488647951,
    "4.7.27": 5295.898444553284,
    "4.7.28": 4927.831889427805,
    "4.7.29": 5752.492439803302,
    "4.7.30": 5390.314488647951
}