{
    "6.0.5": 124950.05771528606,
    "lastPublished": 124950.05771528606,
    "lastRan": 124950.05771528606
}