{
    "4.7.26": 4393.451911572566,
    "4.7.27": 5295.898444553284,
    "4.7.28": 4927.831889427805,
    "4.7.29": 5752.492439803302,
    "4.7.30": 5390.314488647951,
    "4.7.31": 4837.854319160583,
    "4.7.32": 5256.171997726056,
    "4.7.33": 4880.153794445279,
    "4.7.34": 4991.639126120808,
    "4.7.35": 5303.003642118188,
    "4.7.36": 5647.070438070589,
    "4.7.37": 5165.52916574621,
    "4.7.38": 6100.20100223392,
    "4.7.39": 4760.859008344223,
    "4.7.40": 2062.7133444917454,
    "4.7.41": 5926.697707605148,
    "4.7.42": 5140.457039471239,
    "4.7.43": 1182.9052033789856,
    "4.8.0": 83632.53381987165,
    "4.8.1": 80286.0931191546,
    "4.8.2": 92085.7701652718,
    "4.8.3": 95057.14692458806,
    "4.8.4": 89805.12872261183,
    "4.8.5": 37416.41634047362,
    "4.8.6": 36183.531634800354,
    "4.8.7": 89691.23843090323,
    "4.8.8": 86804.71366166262,
    "4.8.9": 38780.816732902334,
    "4.8.10": 140348.50830961805,
    "4.8.11": 36831.09249015702,
    "4.8.12": 35903.39757606257,
    "4.9.1": 110607.23990511523,
    "5.0.4": 20104.031936783234,
    "5.0.6": 88450.04763889189,
    "5.0.8": 106505.53529831304,
    "5.0.9": 108826.94637328981,
    "5.0.10": 114383.46752680828,
    "5.0.12": 94628.18425118669,
    "5.0.16": 98751.20705984837,
    "lastPublished": 98751.20705984837,
    "lastRan": 98751.20705984837
}