{
    "6.0.5": 124950.05771528606,
    "6.0.7": 175156.40198679152,
    "lastPublished": 175156.40198679152,
    "lastRan": 175156.40198679152
}