{
    "4.2.4": 10031.977072844682,
    "4.2.5": 9815.351136032683,
    "4.2.6": 9571.142937988014,
    "4.2.7": 11847.5698548117,
    "4.2.8": 10031.207588466998,
    "4.2.9": 2572.2367858490893,
    "4.2.10": 9580.628783538055,
    "4.2.11": 10356.768145438205,
    "4.2.12": 10390.588559029868,
    "4.2.13": 10686.036269462616,
    "4.2.14": 9511.577851231756,
    "4.2.15": 10009.109273590338,
    "4.2.16": 5523.752553997225,
    "4.2.17": 9397.897346430245,
    "4.2.18": 2413.7402778045657,
    "4.2.19": 9523.274144019777,
    "4.2.20": 9937.34845065947,
    "4.2.21": 2209.9374113946196,
    "4.2.22": 384547.52177134884,
    "4.2.23": 373921.74531808874,
    "4.2.24": 398311.73492716666,
    "4.2.25": 418907.0158984178,
    "4.2.26": 404943.80537641613,
    "4.2.27": 123393.3145660299,
    "4.2.28": 355885.8748978325,
    "lastPublished": 355885.8748978325,
    "lastRan": 355885.8748978325
}