{
    "4.2.4": 10031.977072844682,
    "lastPublished": 9571.142937988014,
    "lastRan": 9571.142937988014,
    "4.2.5": 9815.351136032683,
    "4.2.6": 9571.142937988014
}