{
    "8.0.5": 836029.7483766598,
    "8.0.7": 1582482.0599504688,
    "8.0.8": 1049667.0394404575,
    "lastVersion": 1049667.0394404575
}