{
    "4.2.4": 9987.300151239926,
    "lastPublished": 9987.300151239926,
    "lastRan": 9987.300151239926
}