{
    "4.2.4": 10031.977072844682,
    "lastPublished": 9815.351136032683,
    "lastRan": 9815.351136032683,
    "4.2.5": 9815.351136032683
}