{
    "8.0.5": 836029.7483766598,
    "8.0.7": 1582482.0599504688,
    "lastVersion": 1582482.0599504688
}