{
    "4.2.4": 10031.977072844682,
    "lastPublished": 10031.207588466998,
    "lastRan": 10031.207588466998,
    "4.2.5": 9815.351136032683,
    "4.2.6": 9571.142937988014,
    "4.2.7": 11847.5698548117,
    "4.2.8": 10031.207588466998
}