{
    "8.0.5": 836029.7483766598,
    "8.0.7": 1582482.0599504688,
    "8.0.8": 1049667.0394404575,
    "8.0.9": 1001413.4394909414,
    "8.0.10": 1065742.1916829217,
    "lastVersion": 1065742.1916829217
}