{
    "4.2.4": 10031.977072844682,
    "lastPublished": 5523.752553997225,
    "lastRan": 5523.752553997225,
    "4.2.5": 9815.351136032683,
    "4.2.6": 9571.142937988014,
    "4.2.7": 11847.5698548117,
    "4.2.8": 10031.207588466998,
    "4.2.9": 2572.2367858490893,
    "4.2.10": 9580.628783538055,
    "4.2.11": 10356.768145438205,
    "4.2.12": 10390.588559029868,
    "4.2.13": 10686.036269462616,
    "4.2.14": 9511.577851231756,
    "4.2.15": 10009.109273590338,
    "4.2.16": 5523.752553997225
}