{
    "8.0.5": 836029.7483766598,
    "8.0.7": 1582482.0599504688,
    "lastPublished": 1582482.0599504688,
    "lastRan": 1582482.0599504688
}