{
    "4.2.4": 10031.977072844682,
    "lastPublished": 10031.977072844682,
    "lastRan": 10031.977072844682
}