{
    "8.0.5": 836029.7483766598,
    "lastPublished": 836029.7483766598,
    "lastRan": 836029.7483766598
}