{
    "4.2.4": 10031.977072844682,
    "4.2.5": 9815.351136032683,
    "4.2.6": 9571.142937988014,
    "4.2.7": 11847.5698548117,
    "4.2.8": 10031.207588466998,
    "4.2.9": 2572.2367858490893,
    "4.2.10": 9580.628783538055,
    "4.2.11": 10356.768145438205,
    "4.2.12": 10390.588559029868,
    "4.2.13": 10686.036269462616,
    "4.2.14": 9511.577851231756,
    "4.2.15": 10009.109273590338,
    "4.2.16": 5523.752553997225,
    "4.2.17": 9397.897346430245,
    "4.2.18": 2413.7402778045657,
    "4.2.19": 9523.274144019777,
    "4.2.20": 9937.34845065947,
    "4.2.21": 2209.9374113946196,
    "4.2.22": 384547.52177134884,
    "4.2.23": 373921.74531808874,
    "4.2.24": 398311.73492716666,
    "4.2.25": 418907.0158984178,
    "4.2.26": 404943.80537641613,
    "4.2.27": 123393.3145660299,
    "4.2.28": 355885.8748978325,
    "4.2.29": 392372.45738916355,
    "4.2.30": 395720.1014373886,
    "4.2.31": 225309.24957220524,
    "4.2.32": 204357.47030923935,
    "4.3.0": 721508.8587378751,
    "4.3.1": 723177.1627832472,
    "4.3.2": 239565.15408961303,
    "4.3.3": 350283.09384737513,
    "4.3.6": 493899.75172304915,
    "4.3.7": 454010.5156427826,
    "4.3.8": 505124.76714840083,
    "4.3.10": 509110.4715862966,
    "5.0.0": 429403.59259676666,
    "6.0.0": 411887.53833250963,
    "6.2.0": 424761.96211479214,
    "7.0.4": 46976.18928136914,
    "7.0.6": 282364.38461860904,
    "7.0.8": 329664.1979517007,
    "lastPublished": 329664.1979517007,
    "lastRan": 329664.1979517007
}