{
    "8.0.5": 836029.7483766598,
    "8.0.7": 1582482.0599504688,
    "8.0.8": 1049667.0394404575,
    "8.0.9": 1001413.4394909414,
    "8.0.10": 1065742.1916829217,
    "8.0.11": 1102421.7178209363,
    "8.0.12": 1193808.3585190761,
    "8.1.0": 1098791.2000318035,
    "8.1.1": 851483.0090851862,
    "8.1.2": 963304.3902941204,
    "lastVersion": 963304.3902941204
}