{
    "2.10.26": 705364.8951086835,
    "lastPublished": 717723.7936571245,
    "lastRan": 717723.7936571245,
    "2.10.27": 548306.122023864,
    "2.10.28": 717723.7936571245
}