{
    "4.0.5": 958188.1784491522,
    "4.0.7": 1351625.529891688,
    "4.0.8": 1036072.3975652255,
    "4.0.9": 1294319.0266254046,
    "lastVersion": 1294319.0266254046
}