{
    "2.10.26": 705364.8951086835,
    "2.10.27": 548306.122023864,
    "2.10.28": 717723.7936571245,
    "2.10.29": 752802.7363296143,
    "2.10.30": 728921.7707431208,
    "2.10.31": 237639.8983700163,
    "2.10.32": 726422.3868436638,
    "2.10.33": 747241.3702031118,
    "2.10.34": 660740.1179309995,
    "2.10.35": 670870.3472949369,
    "2.10.36": 584848.3008510096,
    "2.10.37": 683503.057349073,
    "2.10.38": 745420.2673130349,
    "2.10.39": 694825.2980421699,
    "2.10.40": 234145.31399223686,
    "2.10.41": 777261.8246903591,
    "2.10.42": 712309.8209766708,
    "2.10.43": 368208.04581236147,
    "2.10.44": 702754.6363695269,
    "2.10.45": 722691.8305472364,
    "2.10.46": 647401.1576788083,
    "2.10.47": 739814.5503807139,
    "2.10.48": 737806.1198195446,
    "2.10.49": 744578.8370890544,
    "2.10.50": 343373.4593929427,
    "2.10.51": 207745.8857472155,
    "2.10.52": 1146050.9370226944,
    "2.10.53": 211607.0138374265,
    "2.10.54": 664888.7210195203,
    "2.10.55": 239360.71636579643,
    "2.10.56": 1215180.1350883367,
    "2.10.57": 345240.46312871634,
    "2.10.58": 288430.06285650464,
    "2.10.67": 1031915.0374396761,
    "2.10.69": 1222854.99406074,
    "2.11.1": 1108256.069181375,
    "3.0.4": 189361.01411246098,
    "3.0.6": 704650.8200945011,
    "3.0.8": 926233.1905911792,
    "3.0.9": 932968.5074866886,
    "3.0.10": 959099.9866830157,
    "lastPublished": 959099.9866830157,
    "lastRan": 959099.9866830157
}