{
    "4.0.5": 958188.1784491522,
    "lastPublished": 958188.1784491522,
    "lastRan": 958188.1784491522
}