{
    "4.0.5": 958188.1784491522,
    "4.0.7": 1351625.529891688,
    "4.0.8": 1036072.3975652255,
    "4.0.9": 1294319.0266254046,
    "4.0.10": 958271.1621493677,
    "4.0.11": 709051.5428800395,
    "4.0.12": 803091.2892068122,
    "4.0.13": 947137.8372816395,
    "lastVersion": 947137.8372816395
}