{
    "2.10.26": 686853.4910361512,
    "lastPublished": 686853.4910361512,
    "lastRan": 686853.4910361512
}