{
    "2.10.26": 705364.8951086835,
    "lastPublished": 683503.057349073,
    "lastRan": 683503.057349073,
    "2.10.27": 548306.122023864,
    "2.10.28": 717723.7936571245,
    "2.10.29": 752802.7363296143,
    "2.10.30": 728921.7707431208,
    "2.10.31": 237639.8983700163,
    "2.10.32": 726422.3868436638,
    "2.10.33": 747241.3702031118,
    "2.10.34": 660740.1179309995,
    "2.10.35": 670870.3472949369,
    "2.10.36": 584848.3008510096,
    "2.10.37": 683503.057349073
}