{
    "4.0.5": 958188.1784491522,
    "4.0.7": 1351625.529891688,
    "lastPublished": 1351625.529891688,
    "lastRan": 1351625.529891688
}