{
    "2.10.26": 705364.8951086835,
    "lastPublished": 705364.8951086835,
    "lastRan": 705364.8951086835
}