{
    "2.10.26": 705364.8951086835,
    "lastPublished": 548306.122023864,
    "lastRan": 548306.122023864,
    "2.10.27": 548306.122023864
}