{
    "1.11.26": 1361.3025319218552,
    "lastPublished": 1361.3025319218552,
    "lastRan": 1361.3025319218552
}