{
    "1.11.26": 1433.982011107893,
    "lastPublished": 1433.982011107893,
    "lastRan": 1433.982011107893
}