{
    "1.11.26": 1361.3025319218552,
    "lastPublished": 1515.0217296677959,
    "lastRan": 1515.0217296677959,
    "1.12.0": 1515.0217296677959
}