{
    "1.11.26": 1361.3025319218552,
    "lastPublished": 1391.4477040084241,
    "lastRan": 1391.4477040084241,
    "1.12.0": 1515.0217296677959,
    "1.12.1": 1338.1906900062595,
    "1.12.2": 1512.7613581330515,
    "1.12.3": 1391.4477040084241
}