{
    "last": 1431.446259986562,
    "1.11.26": 1431.446259986562
}