{
    "1.11.26": 1361.3025319218552,
    "lastPublished": 1455.8247902874616,
    "lastRan": 1455.8247902874616,
    "1.12.0": 1515.0217296677959,
    "1.12.1": 1338.1906900062595,
    "1.12.2": 1512.7613581330515,
    "1.12.3": 1391.4477040084241,
    "1.12.4": 1606.8755495241535,
    "1.12.5": 1364.795683614996,
    "1.12.6": 1455.8247902874616
}