{
    "3.0.5": 107572.61880127243,
    "3.0.7": 141630.96170282603,
    "lastPublished": 141630.96170282603,
    "lastRan": 141630.96170282603
}