{
    "3.0.5": 107572.61880127243,
    "3.0.7": 141630.96170282603,
    "3.0.8": 92498.50808139559,
    "3.0.9": 94134.43473955126,
    "lastVersion": 94134.43473955126
}