{
    "1.11.26": 1361.3025319218552,
    "lastPublished": 1338.1906900062595,
    "lastRan": 1338.1906900062595,
    "1.12.0": 1515.0217296677959,
    "1.12.1": 1338.1906900062595
}