{
    "1.11.26": 1361.3025319218552,
    "1.12.0": 1515.0217296677959,
    "1.12.1": 1338.1906900062595,
    "1.12.2": 1512.7613581330515,
    "1.12.3": 1391.4477040084241,
    "1.12.4": 1606.8755495241535,
    "1.12.5": 1364.795683614996,
    "1.12.6": 1455.8247902874616,
    "1.12.7": 1300.2414834686017,
    "1.12.8": 1308.6044551034724,
    "1.12.9": 1421.0633897453624,
    "1.12.10": 1314.9962158908531,
    "1.12.11": 1519.7995680268796,
    "1.12.12": 1299.4578157946037,
    "1.12.13": 493.94125631194225,
    "1.12.14": 1242.1610565509438,
    "1.12.15": 1338.9720356622004,
    "1.12.16": 145.17612824108915,
    "1.12.17": 1280.6254395837677,
    "1.12.18": 38279.115262971165,
    "1.12.19": 41918.98191488799,
    "1.12.20": 41849.945792652106,
    "1.12.21": 35376.34062985736,
    "1.12.22": 43678.02191354148,
    "1.12.23": 44021.49012062249,
    "1.12.24": 42363.420020993144,
    "1.12.25": 40555.67953715726,
    "1.12.26": 12490.714350277975,
    "1.12.27": 18894.842360792023,
    "1.12.28": 40933.34949420049,
    "lastPublished": 40933.34949420049,
    "lastRan": 40933.34949420049
}