{
    "3.0.5": 107572.61880127243,
    "lastPublished": 107572.61880127243,
    "lastRan": 107572.61880127243
}