{
  "3.0.5": 107572.61880127243,
  "3.0.7": 141630.96170282603,
  "3.0.8": 92498.50808139559,
  "3.0.9": 94134.43473955126,
  "3.0.10": 109892.65274015874,
  "3.0.11": 71061.60931419286,
  "3.0.12": 70659.37148988899,
  "3.1.0": 74795.80819754297,
  "3.1.1": 94441.5968713721,
  "3.1.2": 56481.4281888291,
  "3.1.3": 75513.22440265531,
  "3.1.4": 68574.04133133794,
  "3.1.5": 125914.41233649186,
  "lastVersion": 125914.41233649186
}