{
  "1.0.0": 37881.15843831029,
  "lastVersion": 37881.15843831029
}