{
    "1.10.27": 6601.394389872153,
    "lastPublished": 6601.394389872153,
    "lastRan": 6601.394389872153
}