{
    "3.0.5": 3229570.518984112,
    "3.0.7": 4482599.728665784,
    "3.0.8": 2231775.7243104046,
    "3.0.9": 2784571.650994864,
    "lastVersion": 2784571.650994864
}