{
    "1.10.27": 5519.041253997574,
    "1.10.28": 6459.5096529119955,
    "1.10.29": 5599.125552240615,
    "1.10.30": 6810.4324516405395,
    "1.10.31": 5732.060366959397,
    "1.10.32": 4878.686646317378,
    "1.10.33": 5752.368966725236,
    "1.10.34": 5754.874153172521,
    "1.10.35": 4913.680780887358,
    "1.10.36": 6218.786316233276,
    "1.10.37": 7131.685528026636,
    "1.10.38": 5628.46858034033,
    "1.10.39": 6683.51608110971,
    "1.10.40": 5897.203692870871,
    "1.10.41": 1092.0505202727702,
    "1.10.42": 5509.49340317939,
    "1.10.43": 5310.559118861127,
    "1.10.44": 2943.312802628667,
    "1.10.45": 534836.2261145087,
    "1.10.46": 564796.429350374,
    "1.10.47": 549859.1646299718,
    "1.10.48": 603260.8535692403,
    "lastPublished": 603260.8535692403,
    "lastRan": 603260.8535692403
}