{
    "3.0.5": 3229570.518984112,
    "3.0.7": 4482599.728665784,
    "lastPublished": 4482599.728665784,
    "lastRan": 4482599.728665784
}