{
    "3.0.5": 3229570.518984112,
    "3.0.7": 4482599.728665784,
    "3.0.8": 2231775.7243104046,
    "3.0.9": 2784571.650994864,
    "3.0.10": 2283030.6113968114,
    "3.0.11": 2247096.1281368746,
    "lastVersion": 2247096.1281368746
}