{
    "1.10.27": 5519.041253997574,
    "lastPublished": 6810.4324516405395,
    "lastRan": 6810.4324516405395,
    "1.10.28": 6459.5096529119955,
    "1.10.29": 5599.125552240615,
    "1.10.30": 6810.4324516405395
}