{
    "1.10.27": 5519.041253997574,
    "lastPublished": 6459.5096529119955,
    "lastRan": 6459.5096529119955,
    "1.10.28": 6459.5096529119955
}