{
    "3.0.5": 3229570.518984112,
    "lastPublished": 3229570.518984112,
    "lastRan": 3229570.518984112
}