{
    "1.10.27": 5519.041253997574,
    "lastPublished": 1092.0505202727702,
    "lastRan": 1092.0505202727702,
    "1.10.28": 6459.5096529119955,
    "1.10.29": 5599.125552240615,
    "1.10.30": 6810.4324516405395,
    "1.10.31": 5732.060366959397,
    "1.10.32": 4878.686646317378,
    "1.10.33": 5752.368966725236,
    "1.10.34": 5754.874153172521,
    "1.10.35": 4913.680780887358,
    "1.10.36": 6218.786316233276,
    "1.10.37": 7131.685528026636,
    "1.10.38": 5628.46858034033,
    "1.10.39": 6683.51608110971,
    "1.10.40": 5897.203692870871,
    "1.10.41": 1092.0505202727702
}