{
    "1.10.27": 5519.041253997574,
    "lastPublished": 5599.125552240615,
    "lastRan": 5599.125552240615,
    "1.10.28": 6459.5096529119955,
    "1.10.29": 5599.125552240615
}