{
    "1.10.27": 5519.041253997574,
    "lastPublished": 5519.041253997574,
    "lastRan": 5519.041253997574
}