{
    "1.0.0": 22751.828595694282,
    "1.1.0": 4909.672136358628,
    "1.1.1": 6338.592896023006,
    "1.1.11": 9123.47390299332,
    "1.1.13": 9041.947413025195,
    "1.2.1": 8455.783205837584,
    "2.0.4": 1444.2789080255216,
    "2.0.6": 6125.965321327835,
    "2.0.8": 8022.129257538706,
    "2.0.9": 8169.667947241043,
    "lastPublished": 8169.667947241043,
    "lastRan": 8169.667947241043
}