{
    "1.0.0": 18905.047347934826,
    "lastPublished": 18905.047347934826,
    "lastRan": 18905.047347934826
}