{
    "1.0.0": 22751.828595694282,
    "1.1.0": 4909.672136358628,
    "1.1.1": 6338.592896023006,
    "lastPublished": 6338.592896023006,
    "lastRan": 6338.592896023006
}