{
    "1.0.0": 22751.828595694282,
    "1.1.0": 4909.672136358628,
    "1.1.1": 6338.592896023006,
    "1.1.11": 9123.47390299332,
    "lastPublished": 9123.47390299332,
    "lastRan": 9123.47390299332
}