{
  "3.0.5": 20490.861444317736,
  "3.0.7": 25830.87538177842,
  "3.0.8": 23721.268480373456,
  "3.0.9": 24581.94096795471,
  "3.0.10": 20249.941022575727,
  "3.0.11": 14414.922926963893,
  "3.0.12": 17930.083595769494,
  "3.0.13": 13458.129667634368,
  "3.0.14": 37474.86880468392,
  "4.0.29": 48425.433211773736,
  "lastVersion": 48425.433211773736
}