{
    "1.0.0": 22751.828595694282,
    "1.1.0": 4909.672136358628,
    "1.1.1": 6338.592896023006,
    "1.1.11": 9123.47390299332,
    "1.1.13": 9041.947413025195,
    "1.2.1": 8455.783205837584,
    "lastPublished": 8455.783205837584,
    "lastRan": 8455.783205837584
}