{
    "1.0.0": 22751.828595694282,
    "lastPublished": 22751.828595694282,
    "lastRan": 22751.828595694282
}