{
    "3.0.5": 20490.861444317736,
    "lastPublished": 20490.861444317736,
    "lastRan": 20490.861444317736
}