{
    "1.0.0": 22751.828595694282,
    "1.1.0": 4909.672136358628,
    "lastPublished": 4909.672136358628,
    "lastRan": 4909.672136358628
}