{
    "3.0.5": 20490.861444317736,
    "3.0.7": 25830.87538177842,
    "lastPublished": 25830.87538177842,
    "lastRan": 25830.87538177842
}