{
    "3.0.5": 20490.861444317736,
    "3.0.7": 25830.87538177842,
    "3.0.8": 23721.268480373456,
    "lastVersion": 23721.268480373456
}