{
    "3.0.5": 20490.861444317736,
    "3.0.7": 25830.87538177842,
    "3.0.8": 23721.268480373456,
    "3.0.9": 24581.94096795471,
    "3.0.10": 20249.941022575727,
    "lastVersion": 20249.941022575727
}