{
    "4.0.5": 884.2625987232591,
    "4.0.7": 1478.8303985059579,
    "4.0.8": 644.2750091503906,
    "4.0.9": 558.0838961957883,
    "4.0.10": 695.3634228938428,
    "lastVersion": 695.3634228938428
}