{
    "1.0.0": 1301.8108308218516,
    "1.1.0": 1284.5348105773608,
    "2.0.2": 1671.3610232278972,
    "lastPublished": 1671.3610232278972,
    "lastRan": 1671.3610232278972
}