{
    "4.0.5": 884.2625987232591,
    "4.0.7": 1478.8303985059579,
    "lastVersion": 1478.8303985059579
}