{
    "1.0.0": 1301.8108308218516,
    "1.1.0": 1284.5348105773608,
    "lastPublished": 1284.5348105773608,
    "lastRan": 1284.5348105773608
}