{
    "4.0.5": 884.2625987232591,
    "4.0.7": 1478.8303985059579,
    "lastPublished": 1478.8303985059579,
    "lastRan": 1478.8303985059579
}