{
    "1.0.0": 1301.8108308218516,
    "1.1.0": 1284.5348105773608,
    "2.0.2": 1671.3610232278972,
    "2.0.3": 1609.0022889137178,
    "3.0.2": 597.5739357360369,
    "3.0.4": 608.2956319921603,
    "3.0.6": 397.30225120326884,
    "3.0.7": 558.3521797259946,
    "lastPublished": 558.3521797259946,
    "lastRan": 558.3521797259946
}