{
    "4.0.5": 884.2625987232591,
    "4.0.7": 1478.8303985059579,
    "4.0.8": 644.2750091503906,
    "4.0.9": 558.0838961957883,
    "4.0.10": 695.3634228938428,
    "4.0.11": 893.6273664339386,
    "4.0.12": 993.9744710014742,
    "4.0.13": 531.4427795333164,
    "lastVersion": 531.4427795333164
}