{
    "4.0.5": 884.2625987232591,
    "lastPublished": 884.2625987232591,
    "lastRan": 884.2625987232591
}