{
    "1.0.0": 1301.8108308218516,
    "lastPublished": 1301.8108308218516,
    "lastRan": 1301.8108308218516
}