{
    "1.0.0": 1301.8108308218516,
    "1.1.0": 1284.5348105773608,
    "2.0.2": 1671.3610232278972,
    "2.0.3": 1609.0022889137178,
    "3.0.2": 597.5739357360369,
    "3.0.4": 608.2956319921603,
    "3.0.6": 397.30225120326884,
    "3.0.7": 558.3521797259946,
    "3.1.0": 418.05808589181186,
    "3.1.1": 483.93959380427384,
    "3.1.2": 494.1541931616206,
    "3.1.4": 530.7973141546661,
    "3.1.8": 372.6717692951354,
    "3.2.0": 446.4285335691473,
    "4.0.2": 2935.6792236281417,
    "lastPublished": 2935.6792236281417,
    "lastRan": 2935.6792236281417
}