{
  "4.0.5": 884.2625987232591,
  "4.0.7": 1478.8303985059579,
  "4.0.8": 644.2750091503906,
  "4.0.9": 558.0838961957883,
  "4.0.10": 695.3634228938428,
  "4.0.11": 893.6273664339386,
  "4.0.12": 993.9744710014742,
  "4.0.13": 531.4427795333164,
  "4.0.14": 962.9658189023885,
  "4.0.15": 646.6934813951891,
  "4.0.16": 829.8956001278583,
  "4.0.17": 611.6163452318033,
  "4.0.18": 655.0835246451064,
  "4.0.20": 1477.3529968953744,
  "4.0.21": 1686.311172923311,
  "4.0.22": 1570.1212690083303,
  "lastVersion": 1570.1212690083303
}