{
    "3.2.1": 1729315.1338347606,
    "lastPublished": 2005193.093577873,
    "lastRan": 2005193.093577873,
    "3.2.2": 2005193.093577873
}