{
    "3.2.1": 1729315.1338347606,
    "lastPublished": 1915417.1954238634,
    "lastRan": 1915417.1954238634,
    "3.2.2": 2005193.093577873,
    "3.2.3": 1672615.4897769035,
    "3.2.4": 1842174.3637768116,
    "3.2.5": 1723860.4334463985,
    "3.2.6": 1915417.1954238634
}