{
    "3.2.1": 1729315.1338347606,
    "3.2.2": 2005193.093577873,
    "3.2.3": 1672615.4897769035,
    "3.2.4": 1842174.3637768116,
    "3.2.5": 1723860.4334463985,
    "3.2.6": 1915417.1954238634,
    "3.2.7": 1774443.9761489113,
    "3.2.8": 1839028.4004984566,
    "3.2.9": 1643214.0305863756,
    "3.2.10": 2643451.998926899,
    "3.3.0": 2629387.873765831,
    "3.3.1": 2491037.5649942816,
    "3.3.2": 2704966.513632633,
    "3.3.3": 2512829.4409809937,
    "3.3.4": 2672681.9194401074,
    "3.4.0": 1211546.2306162014,
    "3.5.0": 1422245.198156256,
    "3.6.0": 3103676.1455685105,
    "3.6.1": 1760043.2997108735,
    "3.6.2": 2895048.9214487225,
    "3.6.3": 2817522.7275772514,
    "3.6.4": 2713195.0904261675,
    "3.6.5": 2814871.059992056,
    "3.6.6": 3058790.9533266216,
    "3.6.7": 2616078.1721659475,
    "3.6.8": 3060528.5154401283,
    "3.6.9": 2776101.6911359276,
    "3.6.10": 1096844.957783015,
    "3.6.11": 1097018.7818121207,
    "3.6.12": 4262694.591391277,
    "3.6.13": 1305841.0919981601,
    "3.6.14": 2511155.4771686126,
    "3.6.15": 1320429.8232730764,
    "3.6.16": 1435169.9893298557,
    "3.7.0": 902935.7913452502,
    "3.7.1": 898688.9323820422,
    "3.7.2": 1508106.7171808667,
    "3.7.3": 499516.9319128227,
    "3.7.4": 1615790.7623103429,
    "3.7.15": 898079.5041867872,
    "3.7.17": 923021.6184850711,
    "3.7.18": 953384.0678331727,
    "4.0.2": 786904.3023761683,
    "5.0.0": 1394710.2983741818,
    "5.0.4": 230224.90765564068,
    "5.0.6": 1006746.5868302084,
    "5.0.8": 1250767.8387028682,
    "5.0.9": 1325913.9093144322,
    "5.0.10": 1445293.4214764067,
    "lastPublished": 1445293.4214764067,
    "lastRan": 1445293.4214764067
}