{
    "3.2.1": 1729315.1338347606,
    "lastPublished": 2672681.9194401074,
    "lastRan": 2672681.9194401074,
    "3.2.2": 2005193.093577873,
    "3.2.3": 1672615.4897769035,
    "3.2.4": 1842174.3637768116,
    "3.2.5": 1723860.4334463985,
    "3.2.6": 1915417.1954238634,
    "3.2.7": 1774443.9761489113,
    "3.2.8": 1839028.4004984566,
    "3.2.9": 1643214.0305863756,
    "3.2.10": 2643451.998926899,
    "3.3.0": 2629387.873765831,
    "3.3.1": 2491037.5649942816,
    "3.3.2": 2704966.513632633,
    "3.3.3": 2512829.4409809937,
    "3.3.4": 2672681.9194401074
}