{
    "3.2.1": 1729315.1338347606,
    "lastPublished": 1672615.4897769035,
    "lastRan": 1672615.4897769035,
    "3.2.2": 2005193.093577873,
    "3.2.3": 1672615.4897769035
}