{
    "6.0.5": 2022622.5773618189,
    "6.0.7": 3387266.0659712576,
    "6.0.8": 1672995.2908736544,
    "6.0.9": 2310805.83028743,
    "6.0.10": 2057379.731211625,
    "6.0.11": 1561666.286785531,
    "6.0.12": 1322736.606866782,
    "6.1.0": 1114452.59064397,
    "6.1.1": 1563963.1233970101,
    "lastVersion": 1563963.1233970101
}