{
    "3.2.1": 1729315.1338347606,
    "lastPublished": 1729315.1338347606,
    "lastRan": 1729315.1338347606
}