{
    "6.0.5": 2022622.5773618189,
    "6.0.7": 3387266.0659712576,
    "lastVersion": 3387266.0659712576
}