{
    "6.0.5": 2022622.5773618189,
    "lastPublished": 2022622.5773618189,
    "lastRan": 2022622.5773618189
}