{
    "3.2.1": 1893131.0486424924,
    "lastPublished": 1893131.0486424924,
    "lastRan": 1893131.0486424924
}