{
    "6.0.5": 2022622.5773618189,
    "6.0.7": 3387266.0659712576,
    "6.0.8": 1672995.2908736544,
    "lastVersion": 1672995.2908736544
}