{
    "2.7.26": 18459.26661248549,
    "lastPublished": 18014.212385366587,
    "lastRan": 18014.212385366587,
    "2.7.27": 15244.068806760548,
    "2.7.28": 18014.212385366587
}