{
    "2.7.26": 18459.26661248549,
    "lastPublished": 18459.26661248549,
    "lastRan": 18459.26661248549
}