{
    "2.7.26": 18459.26661248549,
    "lastPublished": 15244.068806760548,
    "lastRan": 15244.068806760548,
    "2.7.27": 15244.068806760548
}