{
    "2.7.26": 18459.26661248549,
    "lastPublished": 7238.129293094907,
    "lastRan": 7238.129293094907,
    "2.7.27": 15244.068806760548,
    "2.7.28": 18014.212385366587,
    "2.7.29": 17441.46068993941,
    "2.7.30": 19210.598597094067,
    "2.7.31": 19859.176419518437,
    "2.7.32": 18968.250585618993,
    "2.7.33": 16946.846286607477,
    "2.7.34": 14733.457382412087,
    "2.7.35": 17366.371272963406,
    "2.7.36": 18500.363693278476,
    "2.7.37": 18211.801161016487,
    "2.7.38": 16668.540251479128,
    "2.7.39": 18699.44222919492,
    "2.7.40": 7238.129293094907
}