{
    "4.0.5": 4734852.025207514,
    "lastPublished": 4734852.025207514,
    "lastRan": 4734852.025207514
}