{
    "2.7.26": 18459.26661248549,
    "2.7.27": 15244.068806760548,
    "2.7.28": 18014.212385366587,
    "2.7.29": 17441.46068993941,
    "2.7.30": 19210.598597094067,
    "2.7.31": 19859.176419518437,
    "2.7.32": 18968.250585618993,
    "2.7.33": 16946.846286607477,
    "2.7.34": 14733.457382412087,
    "2.7.35": 17366.371272963406,
    "2.7.36": 18500.363693278476,
    "2.7.37": 18211.801161016487,
    "2.7.38": 16668.540251479128,
    "2.7.39": 18699.44222919492,
    "2.7.40": 7238.129293094907,
    "2.7.41": 5247830.480380622,
    "2.8.0": 2828839.3325939006,
    "2.8.1": 1074616.0627286856,
    "2.8.2": 3049881.649925168,
    "2.8.3": 2846624.1022432377,
    "2.8.4": 2985305.9789512567,
    "2.8.5": 3141925.7808515644,
    "2.8.6": 2955703.5686592474,
    "2.8.7": 788788.9060517402,
    "2.8.8": 1247994.1860762658,
    "2.8.9": 2691035.5559242214,
    "2.8.10": 1067255.671991256,
    "2.8.11": 2672569.154305665,
    "2.8.12": 1251351.5979890935,
    "2.8.13": 4685617.485182153,
    "2.8.20": 1317061.2365689846,
    "lastPublished": 1317061.2365689846,
    "lastRan": 1317061.2365689846
}