{
    "2.7.26": 19245.964111025467,
    "lastPublished": 19245.964111025467,
    "lastRan": 19245.964111025467
}