{
  "4.0.5": 4734852.025207514,
  "4.0.7": 7828221.945841545,
  "4.0.8": 4046196.32596586,
  "4.0.9": 7161337.8778067725,
  "4.0.10": 8794967.957369592,
  "4.0.11": 5134992.9166413825,
  "4.0.12": 4819369.88730958,
  "4.0.13": 4987287.3771179905,
  "4.0.14": 7074300.649893414,
  "5.0.23": 4565543.505414851,
  "lastVersion": 4565543.505414851
}