{
    "2.7.26": 18459.26661248549,
    "lastPublished": 17441.46068993941,
    "lastRan": 17441.46068993941,
    "2.7.27": 15244.068806760548,
    "2.7.28": 18014.212385366587,
    "2.7.29": 17441.46068993941
}