{
    "4.0.5": 4734852.025207514,
    "4.0.7": 7828221.945841545,
    "lastVersion": 7828221.945841545
}