{
    "4.0.5": 4734852.025207514,
    "4.0.7": 7828221.945841545,
    "lastPublished": 7828221.945841545,
    "lastRan": 7828221.945841545
}