{
    "4.0.5": 4734852.025207514,
    "4.0.7": 7828221.945841545,
    "4.0.8": 4046196.32596586,
    "4.0.9": 7161337.8778067725,
    "4.0.10": 8794967.957369592,
    "lastVersion": 8794967.957369592
}