{
  "1.0.0": 132544574.67149265,
  "lastVersion": 132544574.67149265
}