{
  "1.6.18": 19069206.524038665,
  "lastVersion": 19069206.524038665
}
