{
    "3.0.5": 343186.3619251249,
    "3.0.7": 428229.5203182616,
    "3.0.8": 306126.2618632454,
    "3.0.9": 399323.4356520149,
    "3.0.10": 305847.4889778608,
    "lastVersion": 305847.4889778608
}