{
    "3.0.5": 343186.3619251249,
    "3.0.7": 428229.5203182616,
    "lastPublished": 428229.5203182616,
    "lastRan": 428229.5203182616
}