{
    "1.3.17": 120176.58537412323,
    "1.3.18": 108283.22323975115,
    "1.3.19": 122120.33697925552,
    "1.3.20": 135889.2133867799,
    "1.3.21": 123802.37993546885,
    "1.3.22": 45508.65407191595,
    "1.3.23": 119551.93431985175,
    "1.3.24": 124516.28881007142,
    "1.3.25": 121662.0484349179,
    "1.3.26": 121459.68192289505,
    "1.3.27": 109968.67010132395,
    "1.3.28": 130188.07352412106,
    "1.3.29": 104772.01964026451,
    "1.3.30": 133609.85713702324,
    "1.3.31": 39284.07910786721,
    "1.3.32": 121057.03682820268,
    "1.3.33": 139865.4787563749,
    "1.3.34": 62821.17207511368,
    "1.3.35": 139823.75595036356,
    "1.3.36": 137877.00441358224,
    "1.3.37": 139197.9847030402,
    "1.3.38": 133215.46581009048,
    "1.3.39": 136039.1085970939,
    "1.3.40": 139334.63524730154,
    "1.3.41": 29297.59585400931,
    "1.3.42": 38892.797171685204,
    "lastPublished": 38892.797171685204,
    "lastRan": 38892.797171685204
}