{
    "1.3.17": 120176.58537412323,
    "lastPublished": 108283.22323975115,
    "lastRan": 108283.22323975115,
    "1.3.18": 108283.22323975115
}