{
    "1.3.17": 120176.58537412323,
    "lastPublished": 123802.37993546885,
    "lastRan": 123802.37993546885,
    "1.3.18": 108283.22323975115,
    "1.3.19": 122120.33697925552,
    "1.3.20": 135889.2133867799,
    "1.3.21": 123802.37993546885
}