{
    "1.3.17": 120176.58537412323,
    "lastPublished": 120176.58537412323,
    "lastRan": 120176.58537412323
}