{
    "3.0.5": 343186.3619251249,
    "lastPublished": 343186.3619251249,
    "lastRan": 343186.3619251249
}