{
    "1.3.17": 120176.58537412323,
    "lastPublished": 122120.33697925552,
    "lastRan": 122120.33697925552,
    "1.3.18": 108283.22323975115,
    "1.3.19": 122120.33697925552
}