{
    "1.3.17": 120176.58537412323,
    "lastPublished": 130188.07352412106,
    "lastRan": 130188.07352412106,
    "1.3.18": 108283.22323975115,
    "1.3.19": 122120.33697925552,
    "1.3.20": 135889.2133867799,
    "1.3.21": 123802.37993546885,
    "1.3.22": 45508.65407191595,
    "1.3.23": 119551.93431985175,
    "1.3.24": 124516.28881007142,
    "1.3.25": 121662.0484349179,
    "1.3.26": 121459.68192289505,
    "1.3.27": 109968.67010132395,
    "1.3.28": 130188.07352412106
}