{
    "last": 0,
    "1.3.17": 117985.21044410218,
    "lastPublished": 117985.21044410218,
    "lastRan": 117985.21044410218
}