{
  "3.0.5": 343186.3619251249,
  "3.0.7": 428229.5203182616,
  "3.0.8": 306126.2618632454,
  "3.0.9": 399323.4356520149,
  "3.0.10": 305847.4889778608,
  "3.0.11": 203771.2429617642,
  "4.0.0": 217957.88916271567,
  "4.1.0": 281990.28804706974,
  "4.1.1": 289381.7199362192,
  "4.1.2": 419311.6012779007,
  "4.1.3": 452472.0525745849,
  "5.0.28": 300836.801042737,
  "lastVersion": 300836.801042737
}