{
    "2.0.5": 6533227.692167278,
    "lastPublished": 6533227.692167278,
    "lastRan": 6533227.692167278
}