{
    "1.1.4": 5065045.400709022,
    "lastPublished": 3808573.4580593174,
    "lastRan": 3808573.4580593174,
    "1.1.5": 3611899.3818350444,
    "1.1.6": 5021493.447506467,
    "1.1.7": 3848129.200337021,
    "1.1.8": 5053150.142098014,
    "1.1.9": 4138047.0344894817,
    "1.1.10": 5049744.545899165,
    "1.1.11": 5067614.918322486,
    "1.1.12": 3442265.205340527,
    "1.1.13": 3678700.036586963,
    "1.1.14": 4649682.01301828,
    "1.1.15": 5023338.681367342,
    "1.1.16": 4472408.828795593,
    "1.2.0": 4219386.223591496,
    "1.2.1": 3808573.4580593174
}