{
    "1.1.4": 5065045.400709022,
    "1.1.5": 3611899.3818350444,
    "1.1.6": 5021493.447506467,
    "1.1.7": 3848129.200337021,
    "1.1.8": 5053150.142098014,
    "1.1.9": 4138047.0344894817,
    "1.1.10": 5049744.545899165,
    "1.1.11": 5067614.918322486,
    "1.1.12": 3442265.205340527,
    "1.1.13": 3678700.036586963,
    "1.1.14": 4649682.01301828,
    "1.1.15": 5023338.681367342,
    "1.1.16": 4472408.828795593,
    "1.2.0": 4219386.223591496,
    "1.2.1": 3808573.4580593174,
    "1.2.2": 4035736.173350656,
    "1.2.3": 8441399.505210107,
    "1.2.4": 3784027.350035595,
    "1.2.5": 7735153.479373028,
    "1.2.6": 7624670.933268992,
    "1.2.7": 5332296.286835902,
    "1.2.8": 7148452.918041615,
    "1.2.9": 7804071.018911158,
    "1.2.10": 7463805.558908545,
    "1.2.11": 7700240.7253963845,
    "1.2.12": 7400657.520638196,
    "1.2.13": 7493987.175999604,
    "1.2.14": 12917970.653916182,
    "1.2.15": 7266632.086453519,
    "1.2.16": 11448991.18675763,
    "1.2.17": 1624614.829977868,
    "lastPublished": 1624614.829977868,
    "lastRan": 1624614.829977868
}