{
    "1.1.4": 5065045.400709022,
    "lastPublished": 3611899.3818350444,
    "lastRan": 3611899.3818350444,
    "1.1.5": 3611899.3818350444
}