{
    "1.1.4": 4094230.437303483,
    "lastPublished": 4094230.437303483,
    "lastRan": 4094230.437303483
}