{
    "1.1.4": 5065045.400709022,
    "lastPublished": 5065045.400709022,
    "lastRan": 5065045.400709022
}