{
  "2.0.5": 6533227.692167278,
  "2.0.7": 14096349.261540955,
  "2.0.8": 10437144.99503849,
  "2.0.9": 12387608.086474556,
  "2.0.10": 11132069.807791172,
  "2.0.11": 7333346.115957452,
  "2.0.12": 8518818.467184456,
  "2.0.13": 10830503.201740839,
  "lastVersion": 10830503.201740839
}