{
    "2.0.5": 6533227.692167278,
    "2.0.7": 14096349.261540955,
    "2.0.8": 10437144.99503849,
    "lastVersion": 10437144.99503849
}