{
    "2.0.5": 6533227.692167278,
    "2.0.7": 14096349.261540955,
    "lastPublished": 14096349.261540955,
    "lastRan": 14096349.261540955
}