{
    "1.1.4": 5065045.400709022,
    "lastPublished": 3848129.200337021,
    "lastRan": 3848129.200337021,
    "1.1.5": 3611899.3818350444,
    "1.1.6": 5021493.447506467,
    "1.1.7": 3848129.200337021
}