{
    "2.0.5": 6533227.692167278,
    "2.0.7": 14096349.261540955,
    "2.0.8": 10437144.99503849,
    "2.0.9": 12387608.086474556,
    "2.0.10": 11132069.807791172,
    "lastVersion": 11132069.807791172
}