{
    "2.0.17": 9356.705793701354,
    "lastPublished": 9356.705793701354,
    "lastRan": 9356.705793701354
}