{
    "2.0.17": 9356.705793701354,
    "lastPublished": 9595.237008375627,
    "lastRan": 9595.237008375627,
    "2.0.18": 9619.654392442399,
    "2.0.19": 9595.237008375627
}