{
    "5.0.5": 1333180.2383637768,
    "5.0.7": 1999217.2795827037,
    "5.0.8": 1603729.6049433248,
    "5.0.9": 1390128.376419097,
    "5.0.10": 1209695.7523097638,
    "5.0.11": 1220645.4723023043,
    "5.0.12": 1071204.1125078618,
    "5.1.0": 880354.4599680561,
    "5.1.1": 961433.6236406491,
    "lastVersion": 961433.6236406491
}