{
    "2.0.34": 11818.933063885626,
    "2.0.35": 371154.52589607326,
    "2.0.36": 377165.6802238509,
    "2.0.37": 405796.89919350966,
    "2.0.38": 394108.9078632992,
    "2.0.39": 410990.61191751895,
    "2.0.40": 142025.3042223693,
    "2.0.41": 181232.21119115208,
    "2.0.42": 378781.7746093668,
    "2.0.43": 385051.03691227577,
    "2.0.44": 177061.50485484887,
    "2.0.45": 666608.2710593785,
    "2.0.46": 879826.3298234488,
    "2.0.47": 1123743.6247268887,
    "2.0.48": 260099.13957928735,
    "2.0.49": 423137.0539390478,
    "2.0.54": 617620.8247994351,
    "2.0.57": 701848.4671046111,
    "2.1.0": 707966.677563637,
    "2.1.3": 719036.3866805539,
    "3.0.3": 723006.0814119912,
    "4.0.4": 62337.28779026675,
    "4.0.6": 458868.149768528,
    "4.0.8": 463365.5829472957,
    "4.0.9": 522158.8805163621,
    "4.0.10": 521377.18660450744,
    "4.0.12": 456811.4958382956,
    "4.0.16": 556129.3674086436,
    "lastPublished": 556129.3674086436,
    "lastRan": 556129.3674086436
}