{
    "5.0.5": 1333180.2383637768,
    "5.0.7": 1999217.2795827037,
    "5.0.8": 1603729.6049433248,
    "lastVersion": 1603729.6049433248
}