{
    "5.0.5": 1333180.2383637768,
    "5.0.7": 1999217.2795827037,
    "lastPublished": 1999217.2795827037,
    "lastRan": 1999217.2795827037
}