{
    "2.0.17": 9356.705793701354,
    "lastPublished": 11650.291603704794,
    "lastRan": 11650.291603704794,
    "2.0.18": 9619.654392442399,
    "2.0.19": 9595.237008375627,
    "2.0.20": 11650.291603704794
}