{
    "2.0.17": 9356.705793701354,
    "lastPublished": 9619.654392442399,
    "lastRan": 9619.654392442399,
    "2.0.18": 9619.654392442399
}