{
    "2.0.34": 11818.933063885626,
    "2.0.35": 371154.52589607326,
    "2.0.36": 377165.6802238509,
    "2.0.37": 405796.89919350966,
    "2.0.38": 394108.9078632992,
    "lastPublished": 394108.9078632992,
    "lastRan": 394108.9078632992
}