{
    "2.0.34": 11818.933063885626,
    "lastPublished": 11818.933063885626,
    "lastRan": 11818.933063885626
}