{
    "2.0.34": 11818.933063885626,
    "2.0.35": 371154.52589607326,
    "2.0.36": 377165.6802238509,
    "lastPublished": 377165.6802238509,
    "lastRan": 377165.6802238509
}