{
    "2.0.34": 11818.933063885626,
    "2.0.35": 371154.52589607326,
    "lastPublished": 371154.52589607326,
    "lastRan": 371154.52589607326
}