{
    "5.0.5": 1333180.2383637768,
    "5.0.7": 1999217.2795827037,
    "5.0.8": 1603729.6049433248,
    "5.0.9": 1390128.376419097,
    "5.0.10": 1209695.7523097638,
    "lastVersion": 1209695.7523097638
}