{
    "last": 9216.342140723338,
    "2.0.17": 9216.342140723338,
    "lastRan": 9216.342140723338
}