{
    "2.0.17": 9356.705793701354,
    "lastPublished": 9690.668997228822,
    "lastRan": 9690.668997228822,
    "2.0.18": 9619.654392442399,
    "2.0.19": 9595.237008375627,
    "2.0.20": 11650.291603704794,
    "2.0.21": 10053.364871374513,
    "2.0.22": 2702.7074609770634,
    "2.0.23": 9546.069748502256,
    "2.0.24": 9690.668997228822
}