{
    "5.0.5": 1333180.2383637768,
    "lastPublished": 1333180.2383637768,
    "lastRan": 1333180.2383637768
}