{
    "3.0.5": 30655.320553250822,
    "lastPublished": 30655.320553250822,
    "lastRan": 30655.320553250822
}