{
    "1.8.27": 702.9578702945456,
    "lastPublished": 833.0334745026287,
    "lastRan": 833.0334745026287,
    "1.9.0": 833.0334745026287
}