{
    "1.8.27": 702.9578702945456,
    "lastPublished": 778.1220008764784,
    "lastRan": 778.1220008764784,
    "1.9.0": 833.0334745026287,
    "1.9.1": 667.0056473657249,
    "1.9.2": 818.4798570414787,
    "1.9.3": 732.4621800521851,
    "1.9.4": 876.4657581168975,
    "1.9.5": 674.2580312863362,
    "1.9.6": 725.2406711514841,
    "1.9.7": 681.0121588461418,
    "1.9.8": 778.1220008764784
}