{
    "1.8.27": 702.9578702945456,
    "lastPublished": 667.0056473657249,
    "lastRan": 667.0056473657249,
    "1.9.0": 833.0334745026287,
    "1.9.1": 667.0056473657249
}