{
    "1.8.27": 702.9578702945456,
    "lastPublished": 702.9578702945456,
    "lastRan": 702.9578702945456
}