{
    "3.0.5": 30655.320553250822,
    "3.0.7": 40395.37431990622,
    "3.0.8": 27412.56134253345,
    "3.0.9": 25175.401448418015,
    "3.0.10": 28658.15969424228,
    "3.0.11": 20120.168386582693,
    "3.0.12": 22242.908722214,
    "3.0.13": 17659.24177570657,
    "3.0.14": 26562.06927822331,
    "3.0.15": 22512.008244764573,
    "3.0.16": 19642.89418228459,
    "lastVersion": 19642.89418228459
}