{
    "1.8.27": 702.9578702945456,
    "lastPublished": 674.2580312863362,
    "lastRan": 674.2580312863362,
    "1.9.0": 833.0334745026287,
    "1.9.1": 667.0056473657249,
    "1.9.2": 818.4798570414787,
    "1.9.3": 732.4621800521851,
    "1.9.4": 876.4657581168975,
    "1.9.5": 674.2580312863362
}