{
    "1.8.27": 702.9578702945456,
    "1.9.0": 833.0334745026287,
    "1.9.1": 667.0056473657249,
    "1.9.2": 818.4798570414787,
    "1.9.3": 732.4621800521851,
    "1.9.4": 876.4657581168975,
    "1.9.5": 674.2580312863362,
    "1.9.6": 725.2406711514841,
    "1.9.7": 681.0121588461418,
    "1.9.8": 778.1220008764784,
    "1.9.9": 841.130643688649,
    "1.9.10": 649.7880743869026,
    "1.9.11": 767.5942429560231,
    "1.9.12": 667.0304320765364,
    "1.9.13": 212.69010447913948,
    "1.9.14": 305.0370168213736,
    "1.9.15": 663.8304952257783,
    "1.9.16": 227.64604283490925,
    "1.9.17": 6956.474735004185,
    "1.9.18": 6626.071344722004,
    "1.9.19": 8043.768719927225,
    "1.9.20": 7784.34606403553,
    "1.9.21": 7372.074757956336,
    "1.9.22": 6695.421635713228,
    "1.9.23": 7417.4070563298765,
    "1.9.24": 7738.358847950128,
    "1.9.25": 7251.483982753422,
    "1.9.26": 2361.250044753358,
    "1.9.27": 2124.34798372175,
    "1.9.28": 6941.565139815382,
    "1.9.29": 6867.090561353133,
    "1.9.30": 2867.6791388389165,
    "1.9.31": 11757.105849069778,
    "1.9.32": 8118.801005350679,
    "1.9.33": 8935.559025487291,
    "1.9.34": 2077.460659791474,
    "1.9.35": 2391.222112507933,
    "1.9.39": 8679.189440146123,
    "1.9.47": 9056.53839260411,
    "1.9.53": 7509.084095749775,
    "1.10.1": 6884.844076433795,
    "2.0.0": 20003.714672613347,
    "2.0.4": 1448.8101564467913,
    "lastPublished": 1448.8101564467913,
    "lastRan": 1448.8101564467913
}