{
    "3.0.5": 30655.320553250822,
    "3.0.7": 40395.37431990622,
    "3.0.8": 27412.56134253345,
    "3.0.9": 25175.401448418015,
    "3.0.10": 28658.15969424228,
    "lastVersion": 28658.15969424228
}