{
    "3.0.5": 30655.320553250822,
    "3.0.7": 40395.37431990622,
    "lastVersion": 40395.37431990622
}