{
    "last": 846.2798192312142,
    "1.8.27": 846.2798192312142
}