{
    "1.7.26": 17354.837612584866,
    "lastPublished": 17519.77759800635,
    "lastRan": 17519.77759800635,
    "1.7.27": 17477.012368927175,
    "1.7.28": 17519.77759800635
}