{
    "1.7.26": 17354.837612584866,
    "lastPublished": 18553.447927556197,
    "lastRan": 18553.447927556197,
    "1.7.27": 17477.012368927175,
    "1.7.28": 17519.77759800635,
    "1.7.29": 18007.969651630985,
    "1.7.30": 17951.987595071994,
    "1.7.31": 18409.599930518216,
    "1.7.32": 16097.857945337222,
    "1.7.33": 18553.447927556197
}