{
    "1.7.26": 17354.837612584866,
    "1.7.27": 17477.012368927175,
    "1.7.28": 17519.77759800635,
    "1.7.29": 18007.969651630985,
    "1.7.30": 17951.987595071994,
    "1.7.31": 18409.599930518216,
    "1.7.32": 16097.857945337222,
    "1.7.33": 18553.447927556197,
    "1.7.34": 16256.11012801545,
    "1.7.35": 16273.422058558286,
    "1.7.36": 18256.482145009308,
    "1.7.37": 17186.01250745124,
    "1.7.38": 16549.646013750582,
    "1.7.39": 16707.01170502239,
    "1.7.40": 5120.857384680724,
    "1.7.41": 19283.310753911097,
    "1.7.42": 17264.514810250515,
    "1.7.43": 4077.340717575104,
    "1.8.0": 667742.6064725629,
    "1.8.1": 652972.6092865864,
    "1.8.2": 673079.7860812191,
    "1.8.3": 687675.2273354462,
    "1.8.4": 653950.7638219728,
    "1.8.5": 238787.5482126491,
    "1.8.6": 219355.70897232566,
    "1.8.7": 641817.4029098116,
    "1.8.8": 633694.7786869094,
    "1.8.9": 307611.1742510469,
    "1.8.10": 1016412.563411554,
    "1.8.11": 645650.1405625438,
    "1.8.12": 255823.34690509626,
    "1.8.13": 296119.19273336284,
    "1.8.24": 841642.7641314693,
    "1.9.1": 723923.9406728729,
    "2.0.4": 140795.3112933425,
    "2.0.6": 591500.7019962873,
    "2.0.8": 712602.9354102727,
    "2.0.9": 734407.7028638301,
    "2.0.10": 804713.5943172264,
    "2.0.12": 611609.7388207217,
    "2.0.16": 618555.3426092522,
    "lastPublished": 618555.3426092522,
    "lastRan": 618555.3426092522
}