{
    "3.0.5": 868524.2106090693,
    "3.0.7": 1304911.4229156952,
    "lastPublished": 1304911.4229156952,
    "lastRan": 1304911.4229156952
}