{
    "3.0.5": 868524.2106090693,
    "3.0.7": 1304911.4229156952,
    "3.0.8": 966025.4597345097,
    "3.0.9": 1093197.0312283672,
    "3.0.10": 1045650.4678063287,
    "3.0.11": 713684.3538070028,
    "lastVersion": 713684.3538070028
}