{
    "1.7.26": 13886.843365612483,
    "lastPublished": 13886.843365612483,
    "lastRan": 13886.843365612483
}