{
    "3.0.5": 868524.2106090693,
    "lastPublished": 868524.2106090693,
    "lastRan": 868524.2106090693
}