{
    "1.7.26": 17354.837612584866,
    "lastPublished": 17477.012368927175,
    "lastRan": 17477.012368927175,
    "1.7.27": 17477.012368927175
}