{
    "3.0.5": 868524.2106090693,
    "3.0.7": 1304911.4229156952,
    "3.0.8": 966025.4597345097,
    "lastVersion": 966025.4597345097
}