{
    "1.7.26": 17354.837612584866,
    "lastPublished": 17354.837612584866,
    "lastRan": 17354.837612584866
}