{
    "2.9.26": 15348.425447983462,
    "lastPublished": 15348.425447983462,
    "lastRan": 15348.425447983462
}