{
    "4.0.5": 450744.7927035701,
    "4.0.7": 362042.10706735594,
    "lastPublished": 362042.10706735594,
    "lastRan": 362042.10706735594
}