{
    "2.9.26": 15348.425447983462,
    "lastPublished": 14016.860749169256,
    "lastRan": 14016.860749169256,
    "2.9.27": 14016.860749169256
}