{
    "2.9.26": 15348.425447983462,
    "2.9.27": 14016.860749169256,
    "2.9.28": 14870.073974582454,
    "2.9.29": 17184.192623074603,
    "2.9.30": 16546.191603769934,
    "2.9.31": 14364.776368805195,
    "2.9.32": 14914.611717312799,
    "2.9.33": 15847.21907195613,
    "2.9.34": 13742.67149130853,
    "2.9.35": 14947.553127539522,
    "2.9.36": 16855.041200161602,
    "2.9.37": 13892.503760522346,
    "2.9.38": 11775.307596970772,
    "2.9.39": 14364.241986485858,
    "2.9.40": 4449.860838471414,
    "2.9.41": 17862.300381821755,
    "2.9.42": 16088.622297091968,
    "2.9.43": 3431.2410639240306,
    "2.9.44": 249652.3449006431,
    "2.9.45": 307110.4273255399,
    "2.9.46": 313574.0150432892,
    "2.9.47": 310311.94910484203,
    "2.9.48": 274406.94862717524,
    "2.9.49": 98354.98828822508,
    "2.9.50": 99292.41631962302,
    "2.9.51": 311269.1293981344,
    "2.9.52": 318775.20185774117,
    "2.9.53": 137428.76794906668,
    "2.9.54": 398282.30300934834,
    "2.9.55": 316352.1369898904,
    "2.9.56": 319122.48208232265,
    "2.9.57": 125188.97973701869,
    "2.9.58": 89440.31853076642,
    "2.9.74": 360329.3375265589,
    "2.10.1": 328178.012996199,
    "3.0.4": 25919.533211257396,
    "3.0.6": 250249.37136381457,
    "3.0.8": 272748.40472358,
    "3.0.9": 327265.23884249164,
    "3.0.10": 309185.56583991786,
    "3.0.12": 192897.53135689464,
    "3.0.16": 250041.12242020282,
    "3.1.0": 286937.9420117756,
    "lastPublished": 286937.9420117756,
    "lastRan": 286937.9420117756
}