{
    "2.9.26": 15348.425447983462,
    "lastPublished": 13742.67149130853,
    "lastRan": 13742.67149130853,
    "2.9.27": 14016.860749169256,
    "2.9.28": 14870.073974582454,
    "2.9.29": 17184.192623074603,
    "2.9.30": 16546.191603769934,
    "2.9.31": 14364.776368805195,
    "2.9.32": 14914.611717312799,
    "2.9.33": 15847.21907195613,
    "2.9.34": 13742.67149130853
}