{
    "2.9.26": 15348.425447983462,
    "lastPublished": 17862.300381821755,
    "lastRan": 17862.300381821755,
    "2.9.27": 14016.860749169256,
    "2.9.28": 14870.073974582454,
    "2.9.29": 17184.192623074603,
    "2.9.30": 16546.191603769934,
    "2.9.31": 14364.776368805195,
    "2.9.32": 14914.611717312799,
    "2.9.33": 15847.21907195613,
    "2.9.34": 13742.67149130853,
    "2.9.35": 14947.553127539522,
    "2.9.36": 16855.041200161602,
    "2.9.37": 13892.503760522346,
    "2.9.38": 11775.307596970772,
    "2.9.39": 14364.241986485858,
    "2.9.40": 4449.860838471414,
    "2.9.41": 17862.300381821755
}