{
    "4.0.5": 450744.7927035701,
    "4.0.7": 362042.10706735594,
    "4.0.8": 256634.05322312983,
    "lastVersion": 256634.05322312983
}