{
    "2.9.26": 10290.945228763163,
    "lastPublished": 10290.945228763163,
    "lastRan": 10290.945228763163
}