{
    "4.0.5": 450744.7927035701,
    "4.0.7": 362042.10706735594,
    "4.0.8": 256634.05322312983,
    "4.0.9": 318253.2494319052,
    "4.0.10": 309984.08038042457,
    "lastVersion": 309984.08038042457
}