{
  "4.0.5": 450744.7927035701,
  "4.0.7": 362042.10706735594,
  "4.0.8": 256634.05322312983,
  "4.0.9": 318253.2494319052,
  "4.0.10": 309984.08038042457,
  "4.0.11": 179771.4906535243,
  "4.0.12": 201656.79406022324,
  "4.0.13": 199144.55159295094,
  "4.0.14": 221663.91784859757,
  "4.0.15": 229632.59333964266,
  "4.0.16": 234318.4675042022,
  "4.0.17": 545533.216637903,
  "lastVersion": 545533.216637903
}