{
    "2.9.26": 15348.425447983462,
    "lastPublished": 14870.073974582454,
    "lastRan": 14870.073974582454,
    "2.9.27": 14016.860749169256,
    "2.9.28": 14870.073974582454
}