{
    "4.0.5": 450744.7927035701,
    "lastPublished": 450744.7927035701,
    "lastRan": 450744.7927035701
}