{
    "2.9.26": 15348.425447983462,
    "lastPublished": 16546.191603769934,
    "lastRan": 16546.191603769934,
    "2.9.27": 14016.860749169256,
    "2.9.28": 14870.073974582454,
    "2.9.29": 17184.192623074603,
    "2.9.30": 16546.191603769934
}