{
    "6.5.26": 188.39600416516484,
    "lastPublished": 188.39600416516484,
    "lastRan": 188.39600416516484
}