{
    "6.5.26": 188.39600416516484,
    "lastPublished": 193.46730405700893,
    "lastRan": 193.46730405700893,
    "6.5.27": 86.29522064943549,
    "6.5.28": 178.8067502014976,
    "6.5.29": 231.83009298422917,
    "6.5.30": 193.46730405700893
}