{
    "7.0.5": 6956.669005073455,
    "7.0.7": 9273.674553485738,
    "7.0.8": 5563.710843897606,
    "lastVersion": 5563.710843897606
}