{
    "6.5.26": 175.98648714516753,
    "lastPublished": 175.98648714516753,
    "lastRan": 175.98648714516753
}