{
  "7.0.5": 6956.669005073455,
  "7.0.7": 9273.674553485738,
  "7.0.8": 5563.710843897606,
  "7.0.9": 7223.628480006706,
  "7.0.10": 7078.375514370543,
  "7.0.11": 6339.275248269622,
  "7.0.12": 5308.094315276624,
  "7.0.13": 5449.0889363755505,
  "7.0.14": 4796.696145227609,
  "7.0.15": 4666.807652440274,
  "7.0.18": 8644.230952687249,
  "lastVersion": 8644.230952687249
}