{
    "7.0.5": 6956.669005073455,
    "lastPublished": 6956.669005073455,
    "lastRan": 6956.669005073455
}