{
    "6.5.26": 188.39600416516484,
    "lastPublished": 86.29522064943549,
    "lastRan": 86.29522064943549,
    "6.5.27": 86.29522064943549
}