{
    "6.5.26": 188.39600416516484,
    "6.5.27": 86.29522064943549,
    "6.5.28": 178.8067502014976,
    "6.5.29": 231.83009298422917,
    "6.5.30": 193.46730405700893,
    "6.5.31": 47.220148108319066,
    "6.5.32": 192.5509792624196,
    "6.5.33": 204.90899248961938,
    "6.5.34": 202.3058713441396,
    "6.5.35": 205.909016929055,
    "6.5.36": 179.62292588821302,
    "6.5.37": 177.8553915325062,
    "6.5.38": 233.33574910285225,
    "6.5.39": 184.50848109774074,
    "6.5.40": 111.60212984708345,
    "6.5.41": 195.52683166796652,
    "6.5.42": 190.7554344679788,
    "6.5.43": 225.64841952348422,
    "6.6.0": 4028.0813873681436,
    "6.6.1": 3536.3368153084075,
    "6.6.2": 3238.6661577345285,
    "6.6.3": 3502.38785477255,
    "6.6.4": 3950.3710921387647,
    "6.6.5": 3429.8614975495784,
    "6.6.6": 3711.319670457378,
    "6.6.7": 3975.142655986836,
    "6.6.8": 4012.1132745623618,
    "6.6.9": 3616.0946724397772,
    "6.6.10": 1882.2144877731344,
    "6.6.11": 6376.684091509289,
    "6.6.12": 1246.0360078891981,
    "6.6.13": 3606.1970545381023,
    "6.6.14": 1470.1917685385404,
    "6.6.15": 6359.706024471556,
    "6.6.16": 3908.664957856659,
    "6.6.17": 1113.7011751266732,
    "6.6.18": 6460.836614985206,
    "6.6.19": 1782.8665274151897,
    "6.6.20": 2113.114873072694,
    "6.6.33": 5980.6080971741285,
    "6.7.1": 5607.398352982917,
    "6.8.4": 636.1795212618158,
    "6.8.6": 3501.8094296201407,
    "6.8.8": 4376.636821809655,
    "lastPublished": 4376.636821809655,
    "lastRan": 4376.636821809655
}