{
    "7.0.5": 6956.669005073455,
    "7.0.7": 9273.674553485738,
    "lastPublished": 9273.674553485738,
    "lastRan": 9273.674553485738
}