{
    "1.10.26": 56702906.14087256,
    "lastPublished": 57188677.323063195,
    "lastRan": 57188677.323063195,
    "1.10.27": 254757923.22380397,
    "1.10.28": 59338630.45059475,
    "1.10.29": 50057185.45776284,
    "1.10.30": 58707095.97886169,
    "1.10.31": 57188677.323063195
}