{
    "1.10.26": 56702906.14087256,
    "lastPublished": 254757923.22380397,
    "lastRan": 254757923.22380397,
    "1.10.27": 254757923.22380397
}