{
    "2.0.5": 124356360.2599997,
    "2.0.7": 108091634.21531314,
    "2.0.8": 158948804.8783659,
    "2.0.9": 162756455.77371714,
    "2.0.10": 109083499.14440638,
    "lastVersion": 109083499.14440638
}