{
    "2.0.5": 124356360.2599997,
    "2.0.7": 108091634.21531314,
    "lastPublished": 108091634.21531314,
    "lastRan": 108091634.21531314
}