{
    "1.10.26": 56702906.14087256,
    "lastPublished": 56702906.14087256,
    "lastRan": 56702906.14087256
}