{
  "2.0.5": 124356360.2599997,
  "2.0.7": 108091634.21531314,
  "2.0.8": 158948804.8783659,
  "2.0.9": 162756455.77371714,
  "2.0.10": 109083499.14440638,
  "2.0.11": 114510771.4984317,
  "2.0.12": 127876612.4014549,
  "2.0.13": 100048500.57361549,
  "2.0.14": 116746981.56618273,
  "3.0.21": 35734134.91846188,
  "lastVersion": 35734134.91846188
}