{
    "1.10.26": 56702906.14087256,
    "1.10.27": 254757923.22380397,
    "1.10.28": 59338630.45059475,
    "1.10.29": 50057185.45776284,
    "1.10.30": 58707095.97886169,
    "1.10.31": 57188677.323063195,
    "1.10.32": 57481379.77681979,
    "1.10.33": 59102769.4576223,
    "1.10.34": 48100393.331192285,
    "1.10.35": 56219013.990244776,
    "1.10.36": 56848579.69509148,
    "1.10.37": 58387543.1246053,
    "1.10.38": 53757386.29659106,
    "1.10.39": 264513256.16457143,
    "1.10.40": 69628563.3494616,
    "1.10.41": 328316821.60568595,
    "1.10.42": 266952331.8171377,
    "1.10.43": 113076263.06447189,
    "1.10.44": 266628792.08113104,
    "1.10.45": 264274426.21900144,
    "1.10.46": 260015584.37691,
    "1.10.47": 259527265.19567764,
    "1.10.48": 285701104.00054735,
    "1.10.49": 102555355.57766424,
    "1.10.50": 88812053.96840976,
    "1.10.51": 218197333.3823376,
    "1.10.52": 280124601.5301829,
    "1.10.53": 215182394.34350926,
    "1.10.54": 93895602.98270462,
    "1.10.55": 67773046.65227552,
    "1.10.60": 285097649.7948678,
    "1.10.61": 364790660.28970075,
    "1.11.0": 265416710.80627087,
    "1.12.4": 48580868.04999167,
    "1.12.6": 290862069.7543379,
    "1.12.8": 344055350.94465077,
    "lastPublished": 344055350.94465077,
    "lastRan": 344055350.94465077
}