{
    "1.10.26": 293839490.0095664,
    "lastPublished": 293839490.0095664,
    "lastRan": 293839490.0095664
}