{
    "1.10.26": 56702906.14087256,
    "lastPublished": 59338630.45059475,
    "lastRan": 59338630.45059475,
    "1.10.27": 254757923.22380397,
    "1.10.28": 59338630.45059475
}