{
    "1.10.26": 56702906.14087256,
    "lastPublished": 56848579.69509148,
    "lastRan": 56848579.69509148,
    "1.10.27": 254757923.22380397,
    "1.10.28": 59338630.45059475,
    "1.10.29": 50057185.45776284,
    "1.10.30": 58707095.97886169,
    "1.10.31": 57188677.323063195,
    "1.10.32": 57481379.77681979,
    "1.10.33": 59102769.4576223,
    "1.10.34": 48100393.331192285,
    "1.10.35": 56219013.990244776,
    "1.10.36": 56848579.69509148
}