{
    "2.0.5": 124356360.2599997,
    "lastPublished": 124356360.2599997,
    "lastRan": 124356360.2599997
}