{
    "1.9.26": 502076.17836395174,
    "lastPublished": 478632.78748157737,
    "lastRan": 478632.78748157737,
    "1.9.27": 485141.4559485513,
    "1.9.28": 519122.4852999365,
    "1.9.29": 532883.089950296,
    "1.9.30": 518186.0263517232,
    "1.9.31": 534394.2600490159,
    "1.9.32": 497844.4382016592,
    "1.9.33": 529848.4518220421,
    "1.9.34": 478632.78748157737
}