{
    "1.9.26": 502076.17836395174,
    "1.9.27": 485141.4559485513,
    "1.9.28": 519122.4852999365,
    "1.9.29": 532883.089950296,
    "1.9.30": 518186.0263517232,
    "1.9.31": 534394.2600490159,
    "1.9.32": 497844.4382016592,
    "1.9.33": 529848.4518220421,
    "1.9.34": 478632.78748157737,
    "1.9.35": 491520.6272874002,
    "1.9.36": 518652.168043269,
    "1.9.37": 501470.5036487794,
    "1.9.38": 498282.3816167736,
    "1.9.39": 486101.4368362785,
    "1.9.40": 200419.35797552066,
    "1.9.41": 511899.4952426784,
    "1.9.42": 496943.9693383566,
    "1.9.43": 246718.9119122839,
    "1.9.44": 549327.4710111861,
    "1.9.45": 542441.0024493022,
    "1.9.46": 557082.9373975082,
    "1.9.47": 581603.1550977769,
    "1.9.48": 557413.2084077507,
    "1.9.49": 536620.0286008525,
    "1.9.50": 135267.52669444826,
    "1.9.51": 206958.13355331123,
    "1.9.52": 529922.2840690839,
    "1.9.53": 526447.5046397806,
    "1.9.54": 250485.3192998904,
    "1.9.55": 205225.08183017277,
    "1.10.0": 1108732.329052637,
    "1.10.1": 496743.23991964234,
    "1.10.2": 434507.00005109876,
    "1.10.9": 1635479.158407293,
    "lastPublished": 1635479.158407293,
    "lastRan": 1635479.158407293
}