{
    "1.9.26": 470881.06863596715,
    "lastPublished": 470881.06863596715,
    "lastRan": 470881.06863596715
}