{
    "1.9.26": 502076.17836395174,
    "lastPublished": 518186.0263517232,
    "lastRan": 518186.0263517232,
    "1.9.27": 485141.4559485513,
    "1.9.28": 519122.4852999365,
    "1.9.29": 532883.089950296,
    "1.9.30": 518186.0263517232
}