{
    "3.0.5": 816357.4113775846,
    "3.0.7": 1027876.5329135709,
    "lastPublished": 1027876.5329135709,
    "lastRan": 1027876.5329135709
}