{
    "3.0.5": 816357.4113775846,
    "3.0.7": 1027876.5329135709,
    "3.0.8": 856182.7457358096,
    "lastVersion": 856182.7457358096
}