{
    "1.9.26": 502076.17836395174,
    "lastPublished": 532883.089950296,
    "lastRan": 532883.089950296,
    "1.9.27": 485141.4559485513,
    "1.9.28": 519122.4852999365,
    "1.9.29": 532883.089950296
}