{
    "1.9.26": 502076.17836395174,
    "lastPublished": 485141.4559485513,
    "lastRan": 485141.4559485513,
    "1.9.27": 485141.4559485513
}