{
    "3.0.5": 816357.4113775846,
    "lastPublished": 816357.4113775846,
    "lastRan": 816357.4113775846
}