{
    "1.9.26": 502076.17836395174,
    "lastPublished": 502076.17836395174,
    "lastRan": 502076.17836395174
}