{
    "3.0.5": 816357.4113775846,
    "3.0.7": 1027876.5329135709,
    "3.0.8": 856182.7457358096,
    "3.0.9": 720638.0112001213,
    "3.0.10": 825933.9371706913,
    "3.0.11": 554519.33780647,
    "lastVersion": 554519.33780647
}