{
    "4.0.5": 157818.66049426925,
    "4.0.7": 218346.7573924499,
    "lastPublished": 218346.7573924499,
    "lastRan": 218346.7573924499
}