{
    "4.0.5": 157818.66049426925,
    "lastPublished": 157818.66049426925,
    "lastRan": 157818.66049426925
}