{
    "0.0.1": 102744.297544092,
    "lastPublished": 102744.297544092,
    "lastRan": 102744.297544092
}