{
    "0.0.1": 102744.297544092,
    "1.0.0": 94273.77632361169,
    "1.0.1": 100113.41306579074,
    "lastPublished": 100113.41306579074,
    "lastRan": 100113.41306579074
}