{
    "0.0.1": 102744.297544092,
    "1.0.0": 94273.77632361169,
    "1.0.1": 100113.41306579074,
    "1.1.0": 29352.16928411033,
    "1.1.1": 25710.80360256724,
    "1.1.2": 85292.11167797133,
    "1.1.3": 84641.29088590633,
    "1.1.4": 34482.386826384,
    "1.1.5": 150389.32989296722,
    "1.1.6": 85985.44499906273,
    "1.1.7": 92174.72537855082,
    "1.1.8": 38697.066063540595,
    "1.1.9": 36437.43889846038,
    "1.1.15": 53516.983908015325,
    "1.1.23": 52663.36901330086,
    "2.0.1": 41191.95901388664,
    "lastPublished": 41191.95901388664,
    "lastRan": 41191.95901388664
}