{
    "0.0.1": 102744.297544092,
    "1.0.0": 94273.77632361169,
    "1.0.1": 100113.41306579074,
    "1.1.0": 29352.16928411033,
    "lastPublished": 29352.16928411033,
    "lastRan": 29352.16928411033
}