{
    "4.0.5": 157818.66049426925,
    "4.0.7": 218346.7573924499,
    "4.0.8": 133118.9452751072,
    "lastVersion": 133118.9452751072
}