{
    "0.0.1": 102744.297544092,
    "1.0.0": 94273.77632361169,
    "lastPublished": 94273.77632361169,
    "lastRan": 94273.77632361169
}