{
    "4.0.5": 157818.66049426925,
    "4.0.7": 218346.7573924499,
    "4.0.8": 133118.9452751072,
    "4.0.9": 132905.51380392828,
    "4.0.10": 155106.4128445344,
    "4.0.11": 149272.44273876454,
    "4.0.12": 117256.08705478627,
    "4.1.0": 112294.78720313296,
    "4.1.1": 141598.55677969076,
    "lastVersion": 141598.55677969076
}