{
    "4.0.5": 157818.66049426925,
    "4.0.7": 218346.7573924499,
    "4.0.8": 133118.9452751072,
    "4.0.9": 132905.51380392828,
    "4.0.10": 155106.4128445344,
    "lastVersion": 155106.4128445344
}