{
    "0.0.1": 102744.297544092,
    "1.0.0": 94273.77632361169,
    "1.0.1": 100113.41306579074,
    "1.1.0": 29352.16928411033,
    "1.1.1": 25710.80360256724,
    "1.1.2": 85292.11167797133,
    "1.1.3": 84641.29088590633,
    "1.1.4": 34482.386826384,
    "1.1.5": 150389.32989296722,
    "1.1.6": 85985.44499906273,
    "1.1.7": 92174.72537855082,
    "1.1.8": 38697.066063540595,
    "1.1.9": 36437.43889846038,
    "1.1.15": 53516.983908015325,
    "1.1.23": 52663.36901330086,
    "2.0.1": 41191.95901388664,
    "3.0.4": 5307.7607132800385,
    "3.0.6": 33229.15050385395,
    "3.0.8": 42941.68348016901,
    "3.0.9": 44669.24370546502,
    "3.0.10": 47960.06573515063,
    "3.0.12": 39135.977744093776,
    "3.0.16": 34600.73989589163,
    "lastPublished": 34600.73989589163,
    "lastRan": 34600.73989589163
}