{
    "1.0.0": 118919.28886680811,
    "lastPublished": 118919.28886680811,
    "lastRan": 118919.28886680811
}