{
    "0.0.1": 100174.94677799802,
    "1.0.0": 118919.28886680811,
    "lastPublished": 100174.94677799802,
    "lastRan": 100174.94677799802
}