{
    "0.0.1": 102744.297544092,
    "1.0.0": 94273.77632361169,
    "1.0.1": 100113.41306579074,
    "1.1.0": 29352.16928411033,
    "1.1.1": 25710.80360256724,
    "1.1.2": 85292.11167797133,
    "1.1.3": 84641.29088590633,
    "1.1.4": 34482.386826384,
    "1.1.5": 150389.32989296722,
    "lastPublished": 150389.32989296722,
    "lastRan": 150389.32989296722
}