{
  "7.0.5": 49374.67287954865,
  "7.0.7": 65037.7773330725,
  "7.0.8": 43496.07815388874,
  "7.0.9": 55080.61733454277,
  "7.0.10": 52056.7356439036,
  "7.0.11": 29322.90466280879,
  "7.0.12": 42982.62714324926,
  "7.1.0": 31352.548961390272,
  "7.1.1": 40973.400004701514,
  "7.1.2": 38711.92052009211,
  "7.1.3": 48869.48662227015,
  "7.1.4": 59996.66205607051,
  "7.1.5": 48029.62191074906,
  "8.0.33": 84263.23492335023,
  "lastVersion": 84263.23492335023
}