{
    "5.7.23": 10748.053771234412,
    "lastPublished": 10748.053771234412,
    "lastRan": 10748.053771234412
}