{
    "5.7.23": 11809.116147107881,
    "lastPublished": 11809.116147107881,
    "lastRan": 11809.116147107881
}