{
    "7.0.5": 49374.67287954865,
    "lastPublished": 49374.67287954865,
    "lastRan": 49374.67287954865
}