{
    "7.0.5": 49374.67287954865,
    "7.0.7": 65037.7773330725,
    "7.0.8": 43496.07815388874,
    "7.0.9": 55080.61733454277,
    "7.0.10": 52056.7356439036,
    "lastVersion": 52056.7356439036
}