{
    "5.7.23": 10748.053771234412,
    "lastPublished": 12206.323375012338,
    "lastRan": 12206.323375012338,
    "5.7.24": 11576.029776937216,
    "5.7.25": 11850.158370396262,
    "5.7.26": 12036.98882499867,
    "5.7.27": 11234.929383157694,
    "5.7.28": 12470.860240916762,
    "5.7.29": 11143.584348498567,
    "5.7.30": 11428.99335262138,
    "5.7.31": 10350.756946341175,
    "5.7.32": 11600.799608724607,
    "5.7.33": 12206.323375012338
}