{
    "5.7.23": 10748.053771234412,
    "lastPublished": 11850.158370396262,
    "lastRan": 11850.158370396262,
    "5.7.24": 11576.029776937216,
    "5.7.25": 11850.158370396262
}