{
    "5.7.23": 10748.053771234412,
    "lastPublished": 12470.860240916762,
    "lastRan": 12470.860240916762,
    "5.7.24": 11576.029776937216,
    "5.7.25": 11850.158370396262,
    "5.7.26": 12036.98882499867,
    "5.7.27": 11234.929383157694,
    "5.7.28": 12470.860240916762
}