{
    "7.0.5": 49374.67287954865,
    "7.0.7": 65037.7773330725,
    "7.0.8": 43496.07815388874,
    "lastVersion": 43496.07815388874
}