{
    "5.7.23": 10748.053771234412,
    "5.7.24": 11576.029776937216,
    "5.7.25": 11850.158370396262,
    "5.7.26": 12036.98882499867,
    "5.7.27": 11234.929383157694,
    "5.7.28": 12470.860240916762,
    "5.7.29": 11143.584348498567,
    "5.7.30": 11428.99335262138,
    "5.7.31": 10350.756946341175,
    "5.7.32": 11600.799608724607,
    "5.7.33": 12206.323375012338,
    "5.7.34": 10668.686751648162,
    "5.7.35": 12177.783261092285,
    "5.7.36": 10525.815002990586,
    "5.7.37": 3074.0211753431886,
    "5.7.38": 8100.325805927489,
    "5.7.39": 10750.36902330095,
    "5.7.40": 2549.9642442499944,
    "5.7.41": 10791.019539453233,
    "5.7.42": 11088.738184625583,
    "5.7.43": 11685.745268978488,
    "5.7.44": 11771.787691141064,
    "5.7.45": 11870.157267459228,
    "5.7.46": 11539.519924159362,
    "5.7.47": 12168.444059997872,
    "5.7.48": 11779.728552036855,
    "5.7.49": 12028.50787624632,
    "5.7.50": 3031.0398014612,
    "5.7.51": 7592.60693575681,
    "5.7.52": 11297.890571819597,
    "5.7.53": 11202.713587824159,
    "5.7.54": 3661.7239226414245,
    "5.7.55": 17776.630788308597,
    "5.7.56": 11768.734240411899,
    "5.7.57": 12269.39458990019,
    "5.7.58": 5422.8341069276985,
    "5.7.59": 9606.949310932318,
    "5.7.72": 8663.068261991746,
    "5.8.2": 7608.202270942633,
    "5.9.1": 6994.151793228174,
    "6.0.0": 24027.833473380804,
    "6.0.4": 1876.3209928006077,
    "6.0.6": 15496.89833488405,
    "6.0.8": 21904.02071764935,
    "lastPublished": 21904.02071764935,
    "lastRan": 21904.02071764935
}