{
    "5.7.23": 10748.053771234412,
    "lastPublished": 11576.029776937216,
    "lastRan": 11576.029776937216,
    "5.7.24": 11576.029776937216
}