{
    "5.7.23": 10748.053771234412,
    "lastPublished": 12036.98882499867,
    "lastRan": 12036.98882499867,
    "5.7.24": 11576.029776937216,
    "5.7.25": 11850.158370396262,
    "5.7.26": 12036.98882499867
}