{
    "7.0.5": 49374.67287954865,
    "7.0.7": 65037.7773330725,
    "lastPublished": 65037.7773330725,
    "lastRan": 65037.7773330725
}