{
    "3.0.5": 10657818.93703591,
    "lastPublished": 10657818.93703591,
    "lastRan": 10657818.93703591
}