{
    "last": 16668.497775448224,
    "1.5.26": 16668.497775448224,
    "lastRan": 16668.497775448224
}