{
    "3.0.5": 10657818.93703591,
    "3.0.7": 15688377.782673059,
    "3.0.8": 10013854.41889536,
    "3.0.9": 10621687.609434072,
    "3.0.10": 10611393.46931748,
    "3.0.11": 7451814.746979246,
    "3.0.12": 6881748.837763951,
    "3.1.0": 4994792.950103312,
    "lastVersion": 4994792.950103312
}