{
    "1.5.26": 15498.818665078874,
    "lastPublished": 16082.823130935096,
    "lastRan": 16082.823130935096,
    "1.5.27": 16352.364238790336,
    "1.5.28": 16082.823130935096
}