{
    "1.5.26": 15498.818665078874,
    "1.5.27": 16352.364238790336,
    "1.5.28": 16082.823130935096,
    "1.5.29": 18173.565031403374,
    "1.5.30": 16065.655080541886,
    "1.5.31": 6707.5628898301575,
    "1.5.32": 16513.07324228146,
    "1.5.33": 17332.402523624463,
    "1.5.34": 15650.590372483382,
    "1.5.35": 15306.311650218791,
    "1.5.36": 17208.38062320252,
    "1.5.37": 15069.478322738332,
    "1.5.38": 15430.498762220972,
    "1.5.39": 15265.955427389046,
    "1.5.40": 5199.409647364827,
    "1.5.41": 18695.300864114088,
    "1.5.42": 16020.432329281228,
    "1.5.43": 5033.478847993962,
    "1.5.44": 1338872.8732360788,
    "1.5.45": 1511923.2058997892,
    "1.5.46": 1442583.4467095237,
    "1.5.47": 1535064.4401266112,
    "1.5.48": 1484145.2601046753,
    "1.5.49": 386623.6589194968,
    "1.5.50": 651312.9124195513,
    "1.5.51": 7926540.024481867,
    "lastPublished": 7926540.024481867,
    "lastRan": 7926540.024481867
}