{
    "1.5.26": 15498.818665078874,
    "lastPublished": 16352.364238790336,
    "lastRan": 16352.364238790336,
    "1.5.27": 16352.364238790336
}