{
    "1.5.26": 15498.818665078874,
    "lastPublished": 6707.5628898301575,
    "lastRan": 6707.5628898301575,
    "1.5.27": 16352.364238790336,
    "1.5.28": 16082.823130935096,
    "1.5.29": 18173.565031403374,
    "1.5.30": 16065.655080541886,
    "1.5.31": 6707.5628898301575
}