{
    "1.5.26": 15498.818665078874,
    "lastPublished": 15498.818665078874,
    "lastRan": 15498.818665078874
}