{
    "3.0.5": 10657818.93703591,
    "3.0.7": 15688377.782673059,
    "lastPublished": 15688377.782673059,
    "lastRan": 15688377.782673059
}