{
    "3.0.5": 10657818.93703591,
    "3.0.7": 15688377.782673059,
    "3.0.8": 10013854.41889536,
    "lastVersion": 10013854.41889536
}