{
    "1.0.0": 838603014.0223383,
    "1.0.1": 869555740.9914198,
    "2.0.4": 124555490.64484566,
    "2.0.6": 727808283.7022496,
    "2.0.8": 845831443.0203177,
    "2.0.9": 883031699.2378589,
    "2.0.10": 839871542.2827933,
    "2.0.12": 782637620.5083554,
    "2.0.16": 747945145.6725488,
    "2.1.0": 833329503.64129,
    "3.0.1": 141201792.66279867,
    "3.0.2": 155082256.8311331,
    "lastPublished": 155082256.8311331,
    "lastRan": 155082256.8311331
}