{
    "1.0.0": 838603014.0223383,
    "1.0.1": 869555740.9914198,
    "2.0.4": 124555490.64484566,
    "2.0.6": 727808283.7022496,
    "lastPublished": 727808283.7022496,
    "lastRan": 727808283.7022496
}