{
    "3.0.5": 132266506.93525834,
    "3.0.7": 112118116.00886764,
    "3.0.8": 177941435.86493084,
    "lastVersion": 177941435.86493084
}