{
    "1.0.0": 838603014.0223383,
    "1.0.1": 869555740.9914198,
    "2.0.4": 124555490.64484566,
    "2.0.6": 727808283.7022496,
    "2.0.8": 845831443.0203177,
    "2.0.9": 883031699.2378589,
    "2.0.10": 839871542.2827933,
    "2.0.12": 782637620.5083554,
    "lastPublished": 782637620.5083554,
    "lastRan": 782637620.5083554
}