{
    "3.0.5": 132266506.93525834,
    "lastPublished": 132266506.93525834,
    "lastRan": 132266506.93525834
}