{
    "1.0.0": 838603014.0223383,
    "1.0.1": 869555740.9914198,
    "2.0.4": 124555490.64484566,
    "lastPublished": 124555490.64484566,
    "lastRan": 124555490.64484566
}