{
  "3.0.5": 132266506.93525834,
  "3.0.7": 112118116.00886764,
  "3.0.8": 177941435.86493084,
  "3.0.9": 206247662.65394923,
  "3.0.10": 209307446.55612275,
  "3.0.11": 233735386.74279073,
  "3.0.12": 234263386.68084022,
  "3.0.13": 235199998.5409579,
  "lastVersion": 235199998.5409579
}