{
    "3.0.5": 132266506.93525834,
    "3.0.7": 112118116.00886764,
    "3.0.8": 177941435.86493084,
    "3.0.9": 206247662.65394923,
    "lastVersion": 206247662.65394923
}