{
    "3.0.5": 132266506.93525834,
    "3.0.7": 112118116.00886764,
    "lastPublished": 112118116.00886764,
    "lastRan": 112118116.00886764
}