{
    "1.0.0": 838603014.0223383,
    "1.0.1": 869555740.9914198,
    "lastPublished": 869555740.9914198,
    "lastRan": 869555740.9914198
}