{
  "1.0.0": 32551248.605828077,
  "lastVersion": 32551248.605828077
}