{
  "1.0.0": 32551248.605828077,
  "1.1.0": 23208367.587838393,
  "1.1.1": 19960987.190953813,
  "lastVersion": 19960987.190953813
}