{
  "3.0.5": 205946.50026340425,
  "3.0.7": 244092.60577869465,
  "3.0.8": 234593.2369890828,
  "3.0.9": 178191.17829319875,
  "3.0.10": 251752.81074418858,
  "3.0.11": 150802.0695429115,
  "3.0.12": 186160.59190682863,
  "3.0.13": 171623.3736402468,
  "3.0.14": 185225.51767310413,
  "3.0.15": 162713.21275188646,
  "3.0.17": 229622.07236815128,
  "3.0.18": 270519.116382434,
  "lastVersion": 270519.116382434
}