{
    "3.0.5": 205946.50026340425,
    "3.0.7": 244092.60577869465,
    "lastPublished": 244092.60577869465,
    "lastRan": 244092.60577869465
}