{
    "3.0.5": 205946.50026340425,
    "lastPublished": 205946.50026340425,
    "lastRan": 205946.50026340425
}