{
    "3.0.5": 205946.50026340425,
    "3.0.7": 244092.60577869465,
    "3.0.8": 234593.2369890828,
    "lastVersion": 234593.2369890828
}