{
    "2.0.5": 672384.4256812952,
    "2.0.7": 805864.2303539426,
    "2.0.8": 521303.1060967386,
    "lastVersion": 521303.1060967386
}