{
    "2.0.5": 672384.4256812952,
    "lastPublished": 672384.4256812952,
    "lastRan": 672384.4256812952
}