{
    "1.10.26": 2363358.2139710216,
    "lastPublished": 2363358.2139710216,
    "lastRan": 2363358.2139710216
}