{
    "1.10.26": 1659639.9369154451,
    "lastPublished": 1659639.9369154451,
    "lastRan": 1659639.9369154451
}