{
    "1.10.26": 2363358.2139710216,
    "lastPublished": 2424546.1381835924,
    "lastRan": 2424546.1381835924,
    "1.10.27": 2424546.1381835924
}