{
    "1.10.26": 2363358.2139710216,
    "lastPublished": 2374022.020931116,
    "lastRan": 2374022.020931116,
    "1.10.27": 2424546.1381835924,
    "1.10.28": 2279908.3129420215,
    "1.10.29": 2443107.198377313,
    "1.10.30": 2347113.618596452,
    "1.10.31": 806135.8283483956,
    "1.10.32": 2374022.020931116
}