{
    "1.10.26": 2363358.2139710216,
    "lastPublished": 2279908.3129420215,
    "lastRan": 2279908.3129420215,
    "1.10.27": 2424546.1381835924,
    "1.10.28": 2279908.3129420215
}