{
  "2.0.5": 672384.4256812952,
  "2.0.7": 805864.2303539426,
  "2.0.8": 521303.1060967386,
  "2.0.9": 576413.9623562917,
  "2.0.10": 525463.7948778693,
  "2.0.11": 420819.39992499986,
  "2.0.12": 417346.8912646432,
  "2.1.0": 564638.5983993193,
  "2.1.1": 445938.4198689326,
  "2.1.2": 923907.5801527135,
  "3.0.23": 2013508.3916584821,
  "lastVersion": 2013508.3916584821
}