{
    "1.10.26": 2363358.2139710216,
    "1.10.27": 2424546.1381835924,
    "1.10.28": 2279908.3129420215,
    "1.10.29": 2443107.198377313,
    "1.10.30": 2347113.618596452,
    "1.10.31": 806135.8283483956,
    "1.10.32": 2374022.020931116,
    "1.10.33": 2358507.1129146693,
    "1.10.34": 2208931.351995564,
    "1.10.35": 2186111.6529111797,
    "1.10.36": 1961521.150997651,
    "1.10.37": 2312936.326465694,
    "1.10.38": 2447071.281504574,
    "1.10.39": 2279222.36385251,
    "1.10.40": 856302.2400279589,
    "1.10.41": 2227757.434188567,
    "1.10.42": 2230261.4806811023,
    "1.10.43": 440316.61918546126,
    "1.10.44": 2418232.594886656,
    "1.10.45": 2355719.657468966,
    "1.10.46": 2328438.787752312,
    "1.10.47": 2419868.0456908457,
    "1.10.48": 2404323.007980299,
    "1.10.49": 867806.0108541598,
    "1.10.50": 753029.627380247,
    "1.10.51": 2000921.9746368674,
    "1.10.52": 3454447.388487512,
    "1.10.53": 778027.500200641,
    "1.10.54": 615781.4685659,
    "1.10.63": 567273.395283451,
    "1.11.0": 525881.525074675,
    "1.12.4": 74626.70830957327,
    "1.12.6": 427332.47163924656,
    "1.12.8": 519587.2019241019,
    "1.12.9": 553055.8818234293,
    "1.12.10": 561931.1785693101,
    "1.12.12": 496111.92297722417,
    "1.12.16": 465005.90701683407,
    "1.13.0": 553581.6712443501,
    "lastPublished": 553581.6712443501,
    "lastRan": 553581.6712443501
}