{
    "1.10.26": 2363358.2139710216,
    "lastPublished": 2279222.36385251,
    "lastRan": 2279222.36385251,
    "1.10.27": 2424546.1381835924,
    "1.10.28": 2279908.3129420215,
    "1.10.29": 2443107.198377313,
    "1.10.30": 2347113.618596452,
    "1.10.31": 806135.8283483956,
    "1.10.32": 2374022.020931116,
    "1.10.33": 2358507.1129146693,
    "1.10.34": 2208931.351995564,
    "1.10.35": 2186111.6529111797,
    "1.10.36": 1961521.150997651,
    "1.10.37": 2312936.326465694,
    "1.10.38": 2447071.281504574,
    "1.10.39": 2279222.36385251
}