{
    "2.0.5": 672384.4256812952,
    "2.0.7": 805864.2303539426,
    "lastPublished": 805864.2303539426,
    "lastRan": 805864.2303539426
}