{
    "1.6.27": 10301.793624660095,
    "lastPublished": 10301.793624660095,
    "lastRan": 10301.793624660095
}