{
    "1.6.27": 7869.395339189495,
    "lastPublished": 7625.471916892414,
    "lastRan": 7625.471916892414,
    "1.6.28": 9950.09370021214,
    "1.6.29": 7988.9623786201755,
    "1.6.30": 8824.077238810105,
    "1.6.31": 8140.429069291287,
    "1.6.32": 7114.959729568446,
    "1.6.33": 8288.948961104583,
    "1.6.34": 8469.921009614685,
    "1.6.35": 5682.025077542522,
    "1.6.36": 9841.817619159581,
    "1.6.37": 8729.726356344441,
    "1.6.38": 7605.333783487284,
    "1.6.39": 9922.047168396628,
    "1.6.40": 7788.589788778953,
    "1.6.41": 1216.9544906666358,
    "1.6.42": 6525.714707225134,
    "1.6.43": 7625.471916892414
}