{
    "1.6.27": 7869.395339189495,
    "1.6.28": 9950.09370021214,
    "1.6.29": 7988.9623786201755,
    "1.6.30": 8824.077238810105,
    "1.6.31": 8140.429069291287,
    "1.6.32": 7114.959729568446,
    "1.6.33": 8288.948961104583,
    "1.6.34": 8469.921009614685,
    "1.6.35": 5682.025077542522,
    "1.6.36": 9841.817619159581,
    "1.6.37": 8729.726356344441,
    "1.6.38": 7605.333783487284,
    "1.6.39": 9922.047168396628,
    "1.6.40": 7788.589788778953,
    "1.6.41": 1216.9544906666358,
    "1.6.42": 6525.714707225134,
    "1.6.43": 7625.471916892414,
    "1.6.44": 2277.151531107891,
    "1.6.45": 96209.44968623405,
    "1.6.46": 103899.50028325507,
    "1.6.47": 100946.27950448418,
    "1.6.48": 104993.14897814213,
    "1.6.49": 114314.25920222525,
    "1.6.50": 105747.42849753266,
    "1.6.51": 37840.26298052074,
    "1.6.52": 47545.17973572498,
    "1.6.53": 97834.06947570454,
    "1.6.54": 51733.87015119421,
    "1.6.55": 171605.94044376427,
    "1.6.56": 94654.34594408925,
    "1.6.57": 98626.4826153577,
    "1.6.58": 120160.45232028377,
    "1.6.59": 48671.686056862476,
    "1.6.60": 83255.88288788126,
    "lastPublished": 83255.88288788126,
    "lastRan": 83255.88288788126
}