{
    "3.0.5": 171490.8450668602,
    "3.0.7": 157018.8637403497,
    "lastVersion": 157018.8637403497
}