{
    "3.0.5": 171490.8450668602,
    "lastPublished": 171490.8450668602,
    "lastRan": 171490.8450668602
}