{
  "3.0.5": 171490.8450668602,
  "3.0.7": 157018.8637403497,
  "3.0.8": 174095.92187846176,
  "3.0.9": 200157.76681383187,
  "3.0.10": 174798.50144317577,
  "3.0.11": 142318.1615286078,
  "3.0.12": 119238.53850992069,
  "3.1.0": 136940.19647663704,
  "3.1.1": 146608.44369234715,
  "3.1.2": 120122.68577271017,
  "3.1.3": 150890.4259932991,
  "3.1.4": 327008.761976223,
  "3.1.5": 227970.5748572329,
  "lastVersion": 227970.5748572329
}