{
    "3.0.5": 171490.8450668602,
    "3.0.7": 157018.8637403497,
    "3.0.8": 174095.92187846176,
    "3.0.9": 200157.76681383187,
    "3.0.10": 174798.50144317577,
    "3.0.11": 142318.1615286078,
    "lastVersion": 142318.1615286078
}