{
    "1.6.27": 7869.395339189495,
    "lastPublished": 7869.395339189495,
    "lastRan": 7869.395339189495
}