{
    "1.6.27": 7869.395339189495,
    "lastPublished": 9950.09370021214,
    "lastRan": 9950.09370021214,
    "1.6.28": 9950.09370021214
}