{
    "1.6.27": 7869.395339189495,
    "lastPublished": 8824.077238810105,
    "lastRan": 8824.077238810105,
    "1.6.28": 9950.09370021214,
    "1.6.29": 7988.9623786201755,
    "1.6.30": 8824.077238810105
}